Skattemæssigt hjemsted/Tax residence,ISIN-kode/-Code,Navn andelsklasse/Name Shareclass,LEI-kode/-Code,CVR/SE/TIN,Navn afdeling/Name Sub-fund,TIN,Navn/Name,Registrerede år/Registered ,Ikke registrerede år/Deregistered
Denmark (DK),DK0010273796,Investeringsforeningen SEB Invest AKL Balance Vækst P,[tom],35455191,Investeringsforeningen SEB Invest AKL Balance Vækst P,[tom],[tom],"2020,2021,2023,2024,2025,2026",2022
Denmark (DK),DK0016111511,Amalie Invest Global AK,[tom],26214882,INVESTERINGSFORENINGEN AMALIE INVEST,[tom],[tom],"2020,2021,2023,2024,2025,2026",2022
Denmark (DK),DK0060096030,Nordea Invest Stabile Aktier Akkumulerende KL,549300CMSI2E3L60JI77,30170954,Nordea Invest Stabile Aktier Akkumulerende,[tom],[tom],2020.2021,"2022,2023,2024,2025,2026"
Denmark (DK),DK0060502631,Formuepleje LimiTTellus,[tom],39757206,Formuepleje LimiTTellus,[tom],[tom],"2020,2021,2022,2023,2024,2025,2026",
Denmark (DK),DK0060607570,[tom],[tom],34189153,Europe Restricted - Accumulating KL,[tom],[tom],"2021,2022,2023,2024,2025,2026",2020
Denmark (DK),DK0060607737,"Investeringsforeningen Danske Invest Index Global AC Restricted - Akkumulerende, klasse DKK W",549300VULQW9XQJXV415,34188823,Investeringsforeningen Danske Invest Index Global AC Restricted - Accumulating KL,[tom],[tom],"2021,2022,2023,2024,2025,2026",2020
Denmark (DK),DK0060607810,"Investeringsforeningen Danske Invest Index Global AC Restricted, klasse NOK W",549300VULQW9XQJXV415,34188823,Investeringsforeningen Danske Invest Index Global AC Restricted - Accumulating KL,[tom],[tom],"2021,2022,2023,2024,2025,2026",2020
Denmark (DK),DK0060608115,"Investeringsforeningen Danske Invest Index Global Emerging Markets Restricted, klasse NOK W",549300O77ASICB5HU965,34188882,Investeringsforeningen Danske Invest Index Global Emerging Markets Restricted - Accumulating KL,[tom],[tom],"2021,2022,2023,2024,2025,2026",2020
Denmark (DK),DK0060608461,"Investeringsforeningen Danske Invest Index Norway Restricted, klasse NOK W",549300EXWLIHBZRYC249,34188998,Investeringsforeningen Danske Invest Index Norway Restricted - Accumulating KL,[tom],[tom],"2021,2022,2023,2024,2025,2026",2020
Denmark (DK),DK0060608545,"Investeringsforeningen Danske Invest Index Pacific incl. Canada ex. Japan Restricted - Akkumulerende, klasse DKK W",[tom],34189021,Investeringsforeningen Danske Invest Index Pacific incl. Canada ex. Japan Restricted - Accumulating KL,[tom],[tom],"2021,2022,2023,2024,2025,2026",2020
Denmark (DK),DK0060608628,"Investeringsforeningen Danske Invest Index USA Restricted - Akkumulerende, klasse DKK W",549300406IAIIHFSW262,34189099,Investeringsforeningen Danske Invest Index USA Restricted - Accumulating KL,[tom],[tom],"2021,2022,2023,2024,2025,2026",2020
Denmark (DK),DK0060609196,"Investeringsforeningen Danske Invest Index Global AC Restricted, klass SEK W",549300VULQW9XQJXV415,34188823,Investeringsforeningen Danske Invest Index Global AC Restricted - Accumulating KL,[tom],[tom],"2021,2022,2023,2024,2025,2026",2020
Denmark (DK),DK0060609279,"Investeringsforeningen Danske Invest Index Global AC Restricted, osuuslaji EUR W",549300VULQW9XQJXV415,34188823,Investeringsforeningen Danske Invest Index Global AC Restricted - Accumulating KL,[tom],[tom],"2021,2022,2023,2024,2025,2026",2020
Denmark (DK),DK0060609352,"Investeringsforeningen Danske Invest Index Global Emerging Markets Restricted, klass SEK W",549300O77ASICB5HU965,34188882,Investeringsforeningen Danske Invest Index Global Emerging Markets Restricted - Accumulating KL,[tom],[tom],"2021,2022,2023,2024,2025,2026",2020
Denmark (DK),DK0060609436,"Investeringsforeningen Danske Invest Index Global Emerging Markets Restricted, osuuslaji EUR W",549300O77ASICB5HU965,34188882,Investeringsforeningen Danske Invest Index Global Emerging Markets Restricted - Accumulating KL,[tom],[tom],"2021,2022,2023,2024,2025,2026",2020
Denmark (DK),DK0060609519,"Investeringsforeningen Danske Invest Index Japan Restricted, klass SEK W",549300NVBKWH6IS4GK35,34188939,Investeringsforeningen Danske Invest Index Japan Restricted - Accumulating KL,[tom],[tom],"2021,2022,2023,2024,2025,2026",2020
Denmark (DK),DK0060609782,"Investeringsforeningen Danske Invest Index Japan Restricted, osuuslaji EUR W",549300NVBKWH6IS4GK35,34188939,Investeringsforeningen Danske Invest Index Japan Restricted - Accumulating KL,[tom],[tom],"2021,2022,2023,2024,2025,2026",2020
Denmark (DK),DK0060609865,"Investeringsforeningen Danske Invest Index Pacific incl. Canada ex. Japan Restricted, klass SEK W",[tom],34189021,Investeringsforeningen Danske Invest Index Pacific incl. Canada ex. Japan Restricted - Accumulating KL,[tom],[tom],"2021,2022,2023,2024,2025,2026",2020
Denmark (DK),DK0060609949,"Investeringsforeningen Danske Invest Index Pacific incl. Canada ex. Japan Restricted, osuuslaji EUR W",[tom],34189021,Investeringsforeningen Danske Invest Index Pacific incl. Canada ex. Japan Restricted - Accumulating KL,[tom],[tom],"2021,2022,2023,2024,2025,2026",2020
Denmark (DK),DK0060610012,[tom],[tom],34189072,Sweden Restricted - Accumulating KL,[tom],[tom],"2021,2022,2023,2024,2025,2026",2020
Denmark (DK),DK0060610285,"Investeringsforeningen Danske Invest Index USA Restricted, klass SEK W",549300406IAIIHFSW262,34189099,Investeringsforeningen Danske Invest Index USA Restricted - Accumulating KL,[tom],[tom],"2021,2022,2023,2024,2025,2026",2020
Denmark (DK),DK0060610368,"Investeringsforeningen Danske Invest Index USA Restricted, osuuslaji EUR W",549300406IAIIHFSW262,34189099,Investeringsforeningen Danske Invest Index USA Restricted - Accumulating KL,[tom],[tom],"2021,2022,2023,2024,2025,2026",2020
Denmark (DK),DK0060610442,"Investeringsforeningen Danske Invest Index USA Restricted, osuuslaji EUR W h",549300406IAIIHFSW262,34189099,Investeringsforeningen Danske Invest Index USA Restricted - Accumulating KL,[tom],[tom],"2021,2022,2023,2024,2025,2026",2020
Denmark (DK),DK0060610525,"Investeringsforeningen Danske Invest Index USA Restricted, klasse NOK W",549300406IAIIHFSW262,34189099,Investeringsforeningen Danske Invest Index USA Restricted - Accumulating KL,[tom],[tom],"2021,2022,2023,2024,2025,2026",2020
Denmark (DK),DK0060644771,"Investeringsforeningen Danske Invest Index Japan Restricted, klasse NOK W",549300NVBKWH6IS4GK35,34188939,Investeringsforeningen Danske Invest Index Japan Restricted - Accumulating KL,[tom],[tom],"2021,2022,2023,2024,2025,2026",2020
Denmark (DK),DK0060781920,Independent Global Akk,5299004R58HBSLCQE877,12888724,Tiedemann Independent A/S,[tom],[tom],"2020,2021,2022,2023,2024,2025,2026",
Denmark (DK),DK0060782068,Independent Generations Akk,5299004R58HBSLCQE877,12888759,Tiedemann Independent A/S,[tom],[tom],"2020,2021,2022,2023,2024,2025,2026",
Denmark (DK),DK0060850915,Investeringsforeningen SEB Invest Balance Vækst AKL,5493007RZ866PHUSRI16,11883427,Investeringsforeningen SEB Invest Balance Vækst AKL,[tom],[tom],"2020,2021,2023,2024,2025,2026",2022
Denmark (DK),DK0060854313,Falcon Danske Aktier Momentum,549300ELWLNT8T7NVF62,35460764,Falcon Danske Aktier Momentum,[tom],[tom],"2020,2021,2023,2024,2025,2026",2022
Denmark (DK),DK0060854586,Falcon Europe Momentum,549300MQSJQNI1VND998,35460780,Falcon Europe Momentum,[tom],[tom],"2020,2021,2023,2024","2022,2025,2026"
Denmark (DK),DK0060912376,Gudme Raaschou Danske Aktier GR,549300UKGYQCFDXM2354,38735349,Gudme Raaschou Danske Aktier GR,[tom],[tom],"2020,2021,2023,2024,2025,2026",2022
Denmark (DK),DK0060912459,Gudme Raaschou Globale Aktier GR,549300FS6BYV93UZ3B35,38735381,Gudme Raaschou Globale Aktier GR,[tom],[tom],"2020,2021,2023,2024,2025,2026",2022
Denmark (DK),DK0060946192,"Investeringsforeningen Investin, Optimal Livscyklus 2040-50",54930021B6RARRD80009,39025736,"Investeringsforeningen Investin, Optimal Livscyklus 2040-50",[tom],[tom],"2020,2021,2022,2023,2024,2025,2026",
Denmark (DK),DK0060949378,Falcon Global Momentum,5493008XFPQ7KTH5EO47,35460799,Falcon Global Momentum,[tom],[tom],"2020,2021,2023,2024","2022,2025,2026"
Denmark (DK),DK0060955185,"Investeringsforeningen Danske Invest Index Global AC Restricted, klasse NOK",549300VULQW9XQJXV415,34188823,Investeringsforeningen Danske Invest Index Global AC Restricted - Accumulating KL,[tom],[tom],"2021,2022,2023,2024,2025,2026",2020
Denmark (DK),DK0060955268,"Investeringsforeningen Danske Invest Index Global Emerging Markets Restricted, klasse NOK",549300O77ASICB5HU965,34188882,Investeringsforeningen Danske Invest Index Global Emerging Markets Restricted - Accumulating KL,[tom],[tom],"2021,2022,2023,2024,2025,2026",2020
Denmark (DK),DK0060955342,"Investeringsforeningen Danske Invest Index Japan Restricted, klasse NOK",549300NVBKWH6IS4GK35,34188939,Investeringsforeningen Danske Invest Index Japan Restricted - Accumulating KL,[tom],[tom],"2021,2022,2023,2024,2025,2026",2020
Denmark (DK),DK0060955425,"Investeringsforeningen Danske Invest Index Norway Restricted, klasse NOK",549300EXWLIHBZRYC249,34188998,Investeringsforeningen Danske Invest Index Norway Restricted - Accumulating KL,[tom],[tom],"2021,2022,2023,2024,2025,2026",2020
Denmark (DK),DK0060955508,"Investeringsforeningen Danske Invest Index Pacific incl. Canada ex. Japan Restricted, klasse NOK W",[tom],34189021,Investeringsforeningen Danske Invest Index Pacific incl. Canada ex. Japan Restricted - Accumulating KL,[tom],[tom],"2021,2022,2023,2024,2025,2026",2020
Denmark (DK),DK0060955698,"Investeringsforeningen Danske Invest Index USA Restricted, klasse NOK",549300406IAIIHFSW262,34189099,Investeringsforeningen Danske Invest Index USA Restricted - Accumulating KL,[tom],[tom],"2021,2022,2023,2024,2025,2026",2020
Denmark (DK),DK0060991651,Investeringsforeningen Coop Opsparing Modig,549400QCDYJ10ECRXJ32,35460381,Investeringsforeningen Coop Opsparing Modig,[tom],[tom],"2020,2021,2023,2024,2025,2026",2022
Denmark (DK),DK0061068624,Formuepleje Better World Enviromental Leaders,[tom],39620782,Formuepleje Better World Enviromental Leaders,[tom],[tom],"2020,2021,2022,2023,2024,2025,2026",
Denmark (DK),DK0061075678,"PP Capital StockPick, klasse notering",894500FK5C3SJDDPCF81,39795612,[tom],[tom],[tom],"2020,2021,2022,2023,2024,2025,2026",
Denmark (DK),DK0061077104,"Investeringsforeningen Danske Invest Index Japan Restricted - Akkumulerende, klasse DKK W",549300NVBKWH6IS4GK35,34188939,Investeringsforeningen Danske Invest Index Japan Restricted - Accumulating KL,[tom],[tom],"2021,2022,2023,2024,2025,2026",2020
Denmark (DK),DK0061134194,Lån & Spar Invest Danske Aktier Basis Akkumulerende,5493009O53TCYCYBLW27,40236678,Lån & Spar Invest Danske Aktier Basis Akkumulerende,[tom],[tom],"2020,2021,2023,2024,2025,2026",2022
Denmark (DK),DK0061134350,Lån & Spar Invest Globale Aktier Basis Akkumulerende,549300X05X9T610PDN62,40236732,Lån & Spar Invest Globale Aktier Basis Akkumulerende,[tom],[tom],"2020,2021,2023,2024,2025,2026",2022
Denmark (DK),DK0061137619,[tom],8945001FF9QN91QS1E61,40337709,Lundgreens Capital - Kina KL,[tom],[tom],"2020,2021,2022,2023,2024,2025,2026",
Denmark (DK),DK0061146529,Formuepleje Better World Global Opportunities,[tom],40632050,Formuepleje Better World Global Opportunities,[tom],[tom],"2020,2021,2022,2023,2024,2025,2026",
Denmark (DK),DK0061146602,Formuepleje Globale Aktier Akk.,[tom],40632034,Formuepleje Globale Aktier Akk.,[tom],[tom],"2020,2021,2022,2023,2024,2025,2026",
Denmark (DK),DK0061152840,Falcon Brighter Future,5493008FXOCMJKXCON71,40839933,Falcon Brighter Future,[tom],[tom],"2020,2021,2023,2024,2025,2026",2022
Denmark (DK),DK0061269792,"Investeringsforeningen Danske Invest Index Global AC Restricted - Akkumulerende, klasse DKK",549300VULQW9XQJXV415,34188823,Investeringsforeningen Danske Invest Index Global AC Restricted - Accumulating KL,[tom],[tom],"2021,2022,2023,2024,2025,2026",2020
Denmark (DK),DK0061269875,"Investeringsforeningen Danske Invest Index Global Emerging Markets Restricted - Akkumulerende, klasse DKK",549300O77ASICB5HU965,34188882,Investeringsforeningen Danske Invest Index Global Emerging Markets Restricted - Accumulating KL,[tom],[tom],"2021,2022,2023,2024,2025,2026",2020
Denmark (DK),DK0061269958,"Investeringsforeningen Danske Invest Index Japan Restricted - Akkumulerende, klasse DKK",549300NVBKWH6IS4GK35,34188939,Investeringsforeningen Danske Invest Index Japan Restricted - Accumulating KL,[tom],[tom],"2021,2022,2023,2024,2025,2026",2020
Denmark (DK),DK0061270022,"Investeringsforeningen Danske Invest Index Pacific incl. Canada ex. Japan Restricted - Akkumulerende, klasse DKK",[tom],34189021,Investeringsforeningen Danske Invest Index Pacific incl. Canada ex. Japan Restricted - Accumulating KL,[tom],[tom],"2021,2022,2023,2024,2025,2026",2020
Denmark (DK),DK0061270105,"Investeringsforeningen Danske Invest Index USA Restricted - Akkumulerende, klasse DKK",549300406IAIIHFSW262,34189099,Investeringsforeningen Danske Invest Index USA Restricted - Accumulating KL,[tom],[tom],"2021,2022,2023,2024,2025,2026",2020
Denmark (DK),DK0061270451,"Investeringsforeningen Danske Invest Index Global Emerging Markets Restricted, klass SEK",549300O77ASICB5HU965,34188882,Investeringsforeningen Danske Invest Index Global Emerging Markets Restricted - Accumulating KL,[tom],[tom],"2021,2022,2023,2024,2025,2026",2020
Denmark (DK),DK0061270964,"Investeringsforeningen Danske Invest Index USA Restricted, klass SEK",549300406IAIIHFSW262,34189099,Investeringsforeningen Danske Invest Index USA Restricted - Accumulating KL,[tom],[tom],"2021,2022,2023,2024,2025,2026",2020
Denmark (DK),DK0061272077,"Investeringsforeningen Investin, ANNOX Quant Global Equity ESG KL",549300F0GQBBDO60FS90,40928448,"Investeringsforeningen Investin, ANNOX Quant Global Equity ESG KL",[tom],[tom],"2021,2022,2023,2024,2025,2026",2020
Denmark (DK),DK0061281490,Sydinvest Verden Lav Volatilitet Indeks KL,[tom],41284285,Investeringsforeningen Sydinvest,[tom],[tom],"2021,2022,2023,2024,2025,2026",2020
Denmark (DK),DK0061410214,Othania Bæredygtig Makro A/S,[tom],41568267,[tom],[tom],[tom],"2021,2022,2023,2024,2025,2026",2020
Denmark (DK),DK0061538360,"Investeringsforeningen PortfolioManager Hammers Fonde Høj, kl f",894500NLGHJT3XH2SY43,41080418,Investeringsforeningen PortfolioManager Hammers Fonde Høj KL,[tom],[tom],"2021,2022,2023,2024,2025,2026",2020
Denmark (DK),DK0061538527,Optimal - Alternative Investeringer KL,894500ALUTFR4KTJ7Z43,40113428,Alternative Investeringer KL,[tom],[tom],"2020,2021,2022,2023","2024,2025,2026"
Denmark (DK),DK0061538600,"Investeringsforeningen PortfolioManager Optimal - Balance Mix, klasse kontoførende",894500FKAVNK6CPKZZ13,39795329,Investeringsforeningen PortfolioManager Optimal - Balance Mix KL,[tom],Investeringsforeningen PortfolioManager,"2020,2021,2022,2023,2024,2025,2026",
Denmark (DK),DK0061538956,"Investeringsforeningen PortfolioManager Optimal - Globale Aktier, klasse kontoførende",894500AN8PDNVESG3Z95,40113452,Investeringsforeningen PortfolioManager Optimal - Globale Aktier KL,[tom],Investeringsforeningen PortfolioManager,"2020,2021,2022,2023,2024,2025,2026",
Denmark (DK),Udstedt uden,[tom],[tom],35669051,KNIGHTSBRIDGE INVEST A/S,[tom],[tom],2020.2021,"2022,2023,2024,2025,2026"
Denmark (DK),Udstedt uden,[tom],[tom],38270346,Knightsbridge Invest II A/S,[tom],[tom],2020.2021,"2022,2023,2024,2025,2026"
Denmark (DK),Udstedt uden,[tom],[tom],41582685,Thygesen Global Stock Selection KL,[tom],[tom],2021,"2020,2022,2023,2024,2025,2026"
Denmark (DK),Udstedt uden,[tom],[tom],41583770,Thygesen Global Stock Selection kl f,[tom],[tom],2021,"2020,2022,2023,2024,2025,2026"
Denmark (DK),Udstedt uden,[tom],[tom],40113533,"Investeringsforeningen PortfolioManager Optimal - Balance Mix, klasse kontoførende",[tom],[tom],"2020,2021,2022,2023","2024,2025,2026"
Denmark (DK),Udstedt uden,[tom],[tom],40113509,"Investeringsforeningen PortfolioManager Optimal - GlobaleOptimal - Globale Aktier, Klasse kontoførende",[tom],[tom],"2020,2021,2022,2023","2024,2025,2026"
Denmark (DK),Udstedt uden,[tom],[tom],40113479,"Investeringsforeningen PortfolioManager Optimal - Alternative Investeringer, klasse kontoførende",[tom],[tom],"2020,2021,2022,2023,2024",2025.2026
Denmark (DK),Udstedt uden,[tom],[tom],31181828,Jackson FamilieInvest A/S,[tom],[tom],"2020,2021,2024,2025,2026",2022.2023
Denmark (DK),Udstedt uden,[tom],[tom],36044098,Juul Value Invest A/S,[tom],[tom],"2020,2021,2024,2025,2026",2022.2023
Denmark (DK),Udstedt uden,[tom],[tom],40241175,RFDK A/S,[tom],[tom],"2020,2021,2024,2025,2026",2022.2023
Denmark (DK),Udstedt uden,Knightsbridge Secondaries Fund A/S,[tom],40926267,Knightsbridge Secondaries Fund A/S,[tom],[tom],"2021,2022,2023,2024,2025,2026",2020
Denmark (DK),Udstedt uden,[tom],[tom],41427426,Merchant Equity Large Cap X A/S,[tom],[tom],"2021,2022,2023,2024,2025,2026",2020
Finland (FI),FI0008002373,Nordea European Passive Fund I growth,54930043QB0YUUQ4UM32,[tom],Nordea European Passive Fund,[tom],[tom],"2020,2021,2022,2023,2024,2025,2026",
Finland (FI),FI0008002381,Nordea Finnish Passive Fund I growth,549300SX0CEK57SPIE96,[tom],Nordea Finnish Passive Fund,[tom],[tom],"2020,2021,2022,2023,2024,2025,2026",
Finland (FI),FI0008800016,Nordea Finland A growth,549300MI2MQKPNCVIU88,[tom],Nordea Finland Fund,[tom],[tom],"2020,2021,2022,2023,2024,2025,2026",
Finland (FI),FI0008800065,Nordea Nordic Fund A growth,549300UC4ZJ2O8SGHF58,[tom],Nordea Nordic Fund,[tom],[tom],"2020,2021,2022,2023,2024,2025,2026",
Finland (FI),FI0008800362,Nordea Pro Finland I growth,549300IH6530YSK1ED94,[tom],Nordea Pro Finland Fund,[tom],[tom],"2020,2021,2022,2023,2024,2025,2026",
Finland (FI),FI0008800412,Nordea Japan Fund Growth,54930073UQYK5LTRL387,[tom],Nordea Japan Fund,[tom],[tom],"2020,2021,2022,2023,2025,2026",2024
Finland (FI),FI0008800420,Nordea World Fund A growth,5493000JFKWXSJ8BVE93,[tom],Nordea World Fund,[tom],[tom],"2020,2021,2022,2023,2024,2025,2026",
Finland (FI),FI0008800438,Nordea Nordic Small Cap Fund A growth,549300SO1LWCDV9C5D89,[tom],Nordea Nordic Small Cap Fund,[tom],[tom],"2020,2021,2022,2023,2024,2025,2026",
Finland (FI),FI0008800990,Nordea Pro Stable Return I Growth,5493007PR1VQ48I12D46,[tom],Nordea Pro Stable Return Fund,[tom],[tom],2020.2021,"2022,2023,2024,2025,2026"
Finland (FI),FI0008801444,Nordea Finland A distribution,549300MI2MQKPNCVIU88,[tom],Nordea Finland Fund,[tom],[tom],"2020,2021,2022,2023,2024,2025,2026",
Finland (FI),FI0008801485,Nordea Pro Finland I distribution,549300IH6530YSK1ED94,[tom],Nordea Pro Finland Fund,[tom],[tom],"2020,2021,2022,2023,2024,2025,2026",
Finland (FI),FI0008801527,Nordea World Fund A distrib.,5493000JFKWXSJ8BVE93,[tom],Nordea World Fund,[tom],[tom],"2020,2021,2022,2023,2024,2025,2026",
Finland (FI),FI0008801550,Nordea Nordic Fund A distrib.,549300UC4ZJ2O8SGHF58,[tom],Nordea Nordic Fund,[tom],[tom],"2020,2021,2022,2023,2024,2025,2026",
Finland (FI),FI0008801584,Nordea Nordic Small Cap Fund A distrib.,549300SO1LWCDV9C5D89,[tom],Nordea Nordic Small Cap Fund,[tom],[tom],"2020,2021,2022,2023,2024,2025,2026",
Finland (FI),FI0008801659,Nordea Pro Stable Return I distribution,5493007PR1VQ48I12D46,[tom],Nordea Pro Stable Return Fund,[tom],[tom],2020.2021,"2022,2023,2024,2025,2026"
Finland (FI),FI0008801709,Nordea Japan Fund Distrib.,54930073UQYK5LTRL387,[tom],Nordea Japan Fund,[tom],[tom],"2020,2021,2022,2023,2025,2026",2024
Finland (FI),FI0008802194,Nordea Europe Fund A growth,54930070IKWTBTWG2U46,[tom],Nordea Europe Fund,[tom],[tom],"2020,2021,2022,2023,2024,2025,2026",
Finland (FI),FI0008802202,Nordea Europe Fund A distrib.,54930070IKWTBTWG2U46,[tom],Nordea Europe Fund,[tom],[tom],"2020,2021,2022,2023,2024,2025,2026",
Finland (FI),FI0008803499,Nordea Eastern Europe Fund A growth,549300VM4HMDDMQKVE41,[tom],Nordea Eastern Europe Fund,[tom],[tom],"2020,2021,2022,2023","2024,2025,2026"
Finland (FI),FI0008803507,Nordea Eastern Europe fund A distrib.,549300VM4HMDDMQKVE41,[tom],Nordea Eastern Europe Fund,[tom],[tom],"2020,2021,2022,2023","2024,2025,2026"
Finland (FI),FI0008803515,Nordea Far East Fund A distrib.,549300Z6YEQ8TU0FFP49,[tom],Nordea Far East Fund,[tom],[tom],"2020,2021,2022,2023,2024",2025.2026
Finland (FI),FI0008803523,Nordea Far East Fund A growth,549300Z6YEQ8TU0FFP49,[tom],Nordea Far East Fund,[tom],[tom],"2020,2021,2022,2023,2024",2025.2026
Finland (FI),FI0008805585,Nordea North America Fund Growth,549300KP5KVQJDR7WD41,[tom],Nordea North America Fund,[tom],[tom],"2020,2021,2022,2023,2024,2025,2026",
Finland (FI),FI0008805593,Nordea North America Fund Distrib.,549300KP5KVQJDR7WD41,[tom],Nordea North America Fund,[tom],[tom],"2020,2021,2022,2023,2024,2025,2026",
Finland (FI),FI0008808852,Nordea Emerging Market Equities A distribution,549300VPEUBMIBRX1Y59,[tom],Nordea Emerging Market Equities Fund,[tom],[tom],"2020,2021,2022,2023,2024,2025,2026",
Finland (FI),FI0008808860,Nordea Emerging Market Equities A growth,549300VPEUBMIBRX1Y59,[tom],Nordea Emerging Market Equities Fund,[tom],[tom],"2020,2021,2022,2023,2024,2025,2026",
Finland (FI),FI0008809298,Nordea Russia Fund A distrib.,549300JDZ831FK78P830,[tom],Nordea Russia Fund,[tom],[tom],"2020,2021,2022","2023,2024,2025,2026"
Finland (FI),FI0008809306,Nordea Russia Fund A growth,549300JDZ831FK78P830,[tom],Nordea Russia Fund,[tom],[tom],"2020,2021,2022","2023,2024,2025,2026"
Finland (FI),FI0008810486,Nordea Global Frontier Markets Fund A distrib.,549300DK23WMFXK7RI72,[tom],Nordea Global Frontier Markets Fund,[tom],[tom],2020.2021,"2022,2023,2024,2025,2026"
Finland (FI),FI0008810494,Nordea Global Frontier Markets Fund A growth,549300DK23WMFXK7RI72,[tom],Nordea Global Frontier Markets Fund,[tom],[tom],2020.2021,"2022,2023,2024,2025,2026"
Finland (FI),FI0008813191,Nordea Global Frontier Markets Fund A growth SEK,549300DK23WMFXK7RI72,[tom],Nordea Global Frontier Markets Fund,[tom],[tom],2020.2021,"2022,2023,2024,2025,2026"
Finland (FI),FI0008813258,Nordea Eastern Europe Fund A growth NOK,549300VM4HMDDMQKVE41,[tom],Nordea Eastern Europe Fund,[tom],[tom],"2020,2021,2022,2023","2024,2025,2026"
Finland (FI),FI0008813266,Nordea Japan Fund Growth NOK,54930073UQYK5LTRL387,[tom],Nordea Japan Fund,[tom],[tom],"2020,2021,2022,2023,2025,2026",2024
Finland (FI),FI0008813282,Nordea Asian Stars Fund A growth NOK,549300Z6YEQ8TU0FFP49,[tom],Nordea Asian Stars Fund,[tom],[tom],"2020,2021,2022,2023,2024",2025.2026
Finland (FI),FI0008813316,Nordea Emerging Market Equities A growth NOK,549300VPEUBMIBRX1Y59,[tom],Nordea Emerging Market Equities Fund,[tom],[tom],"2020,2021,2022,2023,2024,2025,2026",
Finland (FI),FI0008813324,Nordea Emerging Market Equities A growth SEK,549300VPEUBMIBRX1Y59,[tom],Nordea Emerging Market Equities Fund,[tom],[tom],"2020,2021,2022,2023,2024,2025,2026",
Finland (FI),FI0008813332,Nordea World Fund A growth SEK,5493000JFKWXSJ8BVE93,[tom],Nordea World Fund,[tom],[tom],"2020,2021,2022,2023,2024,2025,2026",
Finland (FI),FI0008813365,Nordea Nordic Small Cap Fund A growth SEK,549300SO1LWCDV9C5D89,[tom],Nordea Nordic Small Cap Fund,[tom],[tom],"2020,2021,2022,2023,2024,2025,2026",
Finland (FI),FI0008813373,Nordea North America Fund Growth NOK,549300KP5KVQJDR7WD41,[tom],Nordea North America Fund,[tom],[tom],"2020,2021,2022,2023,2024,2025,2026",
Finland (FI),FI0008813381,Nordea North America Fund Growth SEK,549300KP5KVQJDR7WD41,[tom],Nordea North America Fund,[tom],[tom],"2020,2021,2022,2023,2024,2025,2026",
Finland (FI),FI0008813399,Nordea Nordic Fund A growth SEK,549300UC4ZJ2O8SGHF58,[tom],Nordea Nordic Fund,[tom],[tom],"2020,2021,2022,2023,2024,2025,2026",
Finland (FI),FI0008813407,Nordea Pro Stable Return I Growth SEK,5493007PR1VQ48I12D46,[tom],Nordea Pro Stable Return Fund,[tom],[tom],2020.2021,"2022,2023,2024,2025,2026"
Finland (FI),FI0008813456,Nordea Russia Fund A growth SEK,549300JDZ831FK78P830,[tom],Nordea Russia Fund,[tom],[tom],"2020,2021,2022","2023,2024,2025,2026"
Finland (FI),FI0008813522,Nordea Finnish Passive Fund I distribution,549300SX0CEK57SPIE96,[tom],Nordea Finnish Passive Fund,[tom],[tom],"2020,2021,2022,2023,2024,2025,2026",
Finland (FI),FI0008813530,Nordea European Passive Fund I distribution,54930043QB0YUUQ4UM32,[tom],Nordea European Passive Fund,[tom],[tom],"2020,2021,2022,2023,2024,2025,2026",
Finland (FI),FI4000010533,Nordea Finnish Passive Fund B growth,549300SX0CEK57SPIE96,[tom],Nordea Finnish Passive Fund,[tom],[tom],"2020,2021,2022,2023,2024,2025,2026",
Finland (FI),FI4000010541,Nordea Finnish Passive Fund B distribution,549300SX0CEK57SPIE96,[tom],Nordea Finnish Passive Fund,[tom],[tom],"2020,2021,2022,2023,2024,2025,2026",
Finland (FI),FI4000010558,Nordea European Passive Fund B growth,54930043QB0YUUQ4UM32,[tom],Nordea European Passive Fund,[tom],[tom],"2020,2021,2022,2023,2024,2025,2026",
Finland (FI),FI4000010566,Nordea European Passive Fund B distribution,54930043QB0YUUQ4UM32,[tom],Nordea European Passive Fund,[tom],[tom],"2020,2021,2022,2023,2024,2025,2026",
Finland (FI),FI4000020730,Nordea Nordic Small Cap Fund A growth NOK,549300SO1LWCDV9C5D89,[tom],Nordea Nordic Small Cap Fund,[tom],[tom],"2020,2021,2022,2023,2024,2025,2026",
Finland (FI),FI4000020748,Nordea Russia Fund A growth NOK,549300JDZ831FK78P830,[tom],Nordea Russia Fund,[tom],[tom],"2020,2021,2022","2023,2024,2025,2026"
Finland (FI),FI4000037460,Nordea European Passive Fund C growth,54930043QB0YUUQ4UM32,[tom],Nordea European Passive Fund,[tom],[tom],"2020,2021,2022,2023,2024,2025,2026",
Finland (FI),FI4000037551,Nordea Pro Stable Return C Growth,5493007PR1VQ48I12D46,[tom],Nordea Pro Stable Return Fund,[tom],[tom],2020.2021,"2022,2023,2024,2025,2026"
Finland (FI),FI4000037569,Nordea Pro Finland C Growth,549300IH6530YSK1ED94,[tom],Nordea Pro Finland Fund,[tom],[tom],"2020,2021,2022,2023,2024,2025,2026",
Finland (FI),FI4000037577,Nordea Finnish Passive Fund C growth,549300SX0CEK57SPIE96,[tom],Nordea Finnish Passive Fund,[tom],[tom],"2020,2021,2022,2023,2024,2025,2026",
Finland (FI),FI4000038039,Nordea Nordic Fund A growth NOK,549300UC4ZJ2O8SGHF58,[tom],Nordea Nordic Fund,[tom],[tom],"2020,2021,2022,2023,2024,2025,2026",
Finland (FI),FI4000046644,Nordea Global Passive Fund I growth,549300C4TYC43F3PLR39,[tom],Nordea Global Passive Fund,[tom],[tom],"2020,2021,2022,2023,2024,2025,2026",
Finland (FI),FI4000046651,Nordea Global Passive Fund I distribution,549300C4TYC43F3PLR39,[tom],Nordea Global Passive Fund,[tom],[tom],"2020,2021,2022,2023,2024,2025,2026",
Finland (FI),FI4000046669,Nordea Global Passive Fund B growth,549300C4TYC43F3PLR39,[tom],Nordea Global Passive Fund,[tom],[tom],"2020,2021,2022,2023,2024,2025,2026",
Finland (FI),FI4000046677,Nordea Global Passive Fund B distribution,549300C4TYC43F3PLR39,[tom],Nordea Global Passive Fund,[tom],[tom],"2020,2021,2022,2023,2024,2025,2026",
Finland (FI),FI4000046685,Nordea Global Passive Fund A growth SEK,549300C4TYC43F3PLR39,[tom],Nordea Global Passive Fund,[tom],[tom],"2020,2021,2022,2023,2024,2025,2026",
Finland (FI),FI4000046693,Nordea Global Passive Fund A growth NOK,549300C4TYC43F3PLR39,[tom],Nordea Global Passive Fund,[tom],[tom],"2020,2021,2022,2023,2024,2025,2026",
Finland (FI),FI4000046990,Nordea PB Norsk Aksje Portefolje B Growth,549300URVG5GUQ8PX657,[tom],Nordea Private Banking Norsk Aksje Portefolje,[tom],[tom],"2020,2021,2022,2023,2024,2025,2026",
Finland (FI),FI4000048962,Nordea Japan Fund Growth SEK,54930073UQYK5LTRL387,[tom],Nordea Japan Fund,[tom],[tom],"2020,2021,2022,2023,2025,2026",2024
Finland (FI),FI4000048970,Nordea Asian Stars Fund A growth SEK,549300Z6YEQ8TU0FFP49,[tom],Nordea Asian Stars Fund,[tom],[tom],"2020,2021,2022,2023,2024",2025.2026
Finland (FI),FI4000048988,Nordea Europe Fund A growth SEK,54930070IKWTBTWG2U46,[tom],Nordea Europe Fund,[tom],[tom],"2020,2021,2022,2023,2024,2025,2026",
Finland (FI),FI4000048996,Nordea Eastern Europe Fund A growth SEK,549300VM4HMDDMQKVE41,[tom],Nordea Eastern Europe Fund,[tom],[tom],"2020,2021,2022,2023","2024,2025,2026"
Finland (FI),FI4000052154,Nordea Pro Finland B Growth,549300IH6530YSK1ED94,[tom],Nordea Pro Finland Fund,[tom],[tom],"2020,2021,2022,2023,2024,2025,2026",
Finland (FI),FI4000052170,Nordea Global Dividend Fund A growth,549300PR3ETI85Y9Z253,[tom],Nordea Global Dividend Fund,[tom],[tom],"2020,2021,2022,2023,2024,2025,2026",
Finland (FI),FI4000052188,Nordea Global Dividend Fund A Distribution,549300PR3ETI85Y9Z253,[tom],Nordea Global Dividend Fund,[tom],[tom],"2020,2021,2022,2023,2024,2025,2026",
Finland (FI),FI4000052196,Nordea Global Dividend Fund B Distribution,549300PR3ETI85Y9Z253,[tom],Nordea Global Dividend Fund,[tom],[tom],"2020,2021,2022,2023,2024,2025,2026",
Finland (FI),FI4000052204,Nordea Global Dividend Fund B Growth,549300PR3ETI85Y9Z253,[tom],Nordea Global Dividend Fund,[tom],[tom],"2020,2021,2022,2023,2024,2025,2026",
Finland (FI),FI4000052212,Nordea Global Dividend Fund C Growth,549300PR3ETI85Y9Z253,[tom],Nordea Global Dividend Fund,[tom],[tom],"2020,2021,2022,2023,2024,2025,2026",
Finland (FI),FI4000052238,Nordea Global Dividend Fund I Growth,549300PR3ETI85Y9Z253,[tom],Nordea Global Dividend Fund,[tom],[tom],"2020,2021,2022,2023,2024,2025,2026",
Finland (FI),FI4000052246,Nordea Global Dividend Fund I Distribution,549300PR3ETI85Y9Z253,[tom],Nordea Global Dividend Fund,[tom],[tom],"2020,2021,2022,2023,2024,2025,2026",
Finland (FI),FI4000062732,Nordea Europe Fund C growth,54930070IKWTBTWG2U46,[tom],Nordea Europe Fund,[tom],[tom],"2020,2021,2022,2023,2024,2025,2026",
Finland (FI),FI4000062740,Nordea European Passive Fund I growth NOK,54930043QB0YUUQ4UM32,[tom],Nordea European Passive Fund,[tom],[tom],"2020,2021,2022,2023,2024",2025.2026
Finland (FI),FI4000064076,Nordea Global Dividend Fund A growth SEK,549300PR3ETI85Y9Z253,[tom],Nordea Global Dividend Fund,[tom],[tom],"2020,2021,2022,2023,2024,2025,2026",
Finland (FI),FI4000064084,Nordea Global Dividend Fund A Growth NOK,549300PR3ETI85Y9Z253,[tom],Nordea Global Dividend Fund,[tom],[tom],"2020,2021,2022,2023,2024,2025,2026",
Finland (FI),FI4000066766,Nordea Global Dividend Fund A Distribution SEK,549300PR3ETI85Y9Z253,[tom],Nordea Global Dividend Fund,[tom],[tom],"2020,2021,2022,2023,2024,2025,2026",
Finland (FI),FI4000068366,Nordea European Smaller Companies Fund A Growth,549300MRNBNSOWG13Z78,[tom],Nordea European Smaller Companies Fund,[tom],[tom],"2020,2021,2022,2023,2024,2025",2026
Finland (FI),FI4000068374,Nordea European Smaller Companies Fund A Distrib.,549300MRNBNSOWG13Z78,[tom],Nordea European Smaller Companies Fund,[tom],[tom],"2020,2021,2022,2023,2024,2025",2026
Finland (FI),FI4000068473,Nordea Japan Fund I growth,54930073UQYK5LTRL387,[tom],Nordea Japan Fund,[tom],[tom],"2020,2021,2022,2023,2025,2026",2024
Finland (FI),FI4000068481,Nordea Japan Fund I Growth SEK,54930073UQYK5LTRL387,[tom],Nordea Japan Fund,[tom],[tom],"2020,2021,2022,2023","2024,2025,2026"
Finland (FI),FI4000068499,Nordea Japan Fund I Growth NOK,54930073UQYK5LTRL387,[tom],Nordea Japan Fund,[tom],[tom],"2020,2021,2022,2023","2024,2025,2026"
Finland (FI),FI4000068507,Nordea World Fund I growth,5493000JFKWXSJ8BVE93,[tom],Nordea World Fund,[tom],[tom],"2020,2021,2022,2023,2024,2025,2026",
Finland (FI),FI4000068515,Nordea North America Fund I growth,549300KP5KVQJDR7WD41,[tom],Nordea North America Fund,[tom],[tom],"2020,2021,2022,2023,2024,2025,2026",
Finland (FI),FI4000068523,Nordea North American Dividend Fund I Growth SEK,549300KP5KVQJDR7WD41,[tom],Nordea North America Dividend Fund,[tom],[tom],"2020,2021,2022,2023,2024",2025.2026
Finland (FI),FI4000068531,Nordea North American Dividend Fund I Growth NOK,549300KP5KVQJDR7WD41,[tom],Nordea North America Dividend Fund,[tom],[tom],"2020,2021,2022,2023,2024",2025.2026
Finland (FI),FI4000074992,Nordea European Passive Fund I growth SEK,54930043QB0YUUQ4UM32,[tom],Nordea European Passive Fund,[tom],[tom],"2020,2021,2022,2023,2024,2025,2026",
Finland (FI),FI4000088000,Nordea Swedish Ideas Equity Fund A Growth,549300IHYK1G12PQD303,[tom],Nordea Swedish Ideas Equity Fund,[tom],[tom],"2020,2021,2022,2023,2024,2025",2026
Finland (FI),FI4000122841,Nordea Global Passive Fund A distribution SEK,549300C4TYC43F3PLR39,[tom],Nordea Global Passive Fund,[tom],[tom],"2020,2021,2022,2023,2024,2025,2026",
Finland (FI),FI4000125430,Nordea Finland C growth,549300MI2MQKPNCVIU88,[tom],Nordea Finland Fund,[tom],[tom],"2020,2021,2022,2023,2024,2025,2026",
Finland (FI),FI4000148382,Nordea Equity Opportunities Fund I distrib.,5493005UW6HUK6IPK402,[tom],Nordea Equity Opportunities Fund,[tom],[tom],"2020,2021,2022,2023,2024,2025,2026",
Finland (FI),FI4000148390,Nordea Equity Opportunities Fund I growth,5493005UW6HUK6IPK402,[tom],Nordea Equity Opportunities Fund,[tom],[tom],"2020,2021,2022,2023,2024,2025,2026",
Finland (FI),FI4000148408,Nordea Equity Opportunities Fund C distrib.,5493005UW6HUK6IPK402,[tom],Nordea Equity Opportunities Fund,[tom],[tom],"2020,2021,2022,2023,2024,2025,2026",
Finland (FI),FI4000148416,Nordea Equity Opportunities Fund C growth,5493005UW6HUK6IPK402,[tom],Nordea Equity Opportunities Fund,[tom],[tom],"2020,2021,2022,2023,2024,2025,2026",
Finland (FI),FI4000148861,Nordea Equity Core Fund C distrib.,5493001BVGL3VI093S92,[tom],Nordea Equity Core Fund,[tom],[tom],"2020,2021,2022,2023,2024,2025,2026",
Finland (FI),FI4000148879,Nordea Equity Core Fund C growth,5493001BVGL3VI093S92,[tom],Nordea Equity Core Fund,[tom],[tom],"2020,2021,2022,2023,2024,2025,2026",
Finland (FI),FI4000148887,Nordea Equity Core Fund I distrib.,5493001BVGL3VI093S92,[tom],Nordea Equity Core Fund,[tom],[tom],"2020,2021,2022,2023,2024,2025,2026",
Finland (FI),FI4000148895,Nordea Equity Core Fund I growth,5493001BVGL3VI093S92,[tom],Nordea Equity Core Fund,[tom],[tom],"2020,2021,2022,2023,2024,2025,2026",
Finland (FI),FI4000185434,Nordea European Smaller Companies A growth SEK,549300MRNBNSOWG13Z78,[tom],Nordea European Smaller Companies Fund,[tom],[tom],"2020,2021,2022,2023,2024,2025",2026
Finland (FI),FI4000189196,Nordea Global Passive Fund S growth NOK,549300C4TYC43F3PLR39,[tom],Nordea Global Passive Fund,[tom],[tom],"2020,2021,2022,2023,2024",2025.2026
Finland (FI),FI4000237748,Nordea Discretionary Swedish Equity C growth,549300E5MKML6Z5U0690,[tom],Nordea Discretionary Swedish Equity Fund,[tom],[tom],"2020,2021,2022,2023,2024,2025,2026",
Finland (FI),FI4000237755,Nordea Discretionary Swedish Equity I growth,549300E5MKML6Z5U0690,[tom],Nordea Discretionary Swedish Equity Fund,[tom],[tom],"2020,2021,2022,2023,2024,2025,2026",
Finland (FI),FI4000237763,Nordea Discretionary Global Equity C growth,5493002Q1EQY8D66II27,[tom],Nordea Discretionary Global Equity Fund,[tom],[tom],"2020,2021,2022,2023,2024,2025,2026",
Finland (FI),FI4000237771,Nordea Discretionary Global Equity I growth,5493002Q1EQY8D66II27,[tom],Nordea Discretionary Global Equity Fund,[tom],[tom],"2020,2021,2022,2023,2024,2025,2026",
Finland (FI),FI4000261268,Nordea North American Enhanced Fund growth,549300W7839USWFU3D94,[tom],Nordea North American Enhanced Fund,[tom],[tom],"2020,2021,2022,2023,2024,2025,2026",
Finland (FI),FI4000261276,Nordea North American Enhanced Fund distribution,549300W7839USWFU3D94,[tom],Nordea North American Enhanced Fund,[tom],[tom],"2020,2021,2022,2023,2024,2025,2026",
Finland (FI),FI4000261284,Nordea North American Enhanced Fund growth SEK,549300W7839USWFU3D94,[tom],Nordea North American Enhanced Fund,[tom],[tom],"2020,2021,2022,2023,2024,2025,2026",
Finland (FI),FI4000261292,Nordea North American Enhanced Fund growth NOK,549300W7839USWFU3D94,[tom],Nordea North American Enhanced Fund,[tom],[tom],"2020,2021,2022,2023,2024,2025,2026",
Finland (FI),FI4000261300,Nordea Global Enhanced Fund growth,549300DGV3UF00SS9O26,[tom],Nordea Global Enhanced Fund,[tom],[tom],"2020,2021,2022,2023,2024,2025,2026",
Finland (FI),FI4000261318,Nordea Global Enhanced Fund distribution,549300DGV3UF00SS9O26,[tom],Nordea Global Enhanced Fund,[tom],[tom],"2020,2021,2022,2023,2024,2025,2026",
Finland (FI),FI4000261326,Nordea Global Enhanced Fund growth SEK,549300DGV3UF00SS9O26,[tom],Nordea Global Enhanced Fund,[tom],[tom],"2020,2021,2022,2023,2024,2025,2026",
Finland (FI),FI4000261334,Nordea Global Enhanced Fund growth NOK,549300DGV3UF00SS9O26,[tom],Nordea Global Enhanced Fund,[tom],[tom],"2020,2021,2022,2023,2024,2025,2026",
Finland (FI),FI4000282819,Nordea North American Enhanced Fund A distr. SEK,549300W7839USWFU3D94,[tom],Nordea North American Enhanced Fund,[tom],[tom],"2020,2021,2022,2023,2024,2025,2026",
Finland (FI),FI4000288436,Nordea Discretionary Global Equity C growth NOK,5493002Q1EQY8D66II27,[tom],Nordea Discretionary Global Equity Fund,[tom],[tom],"2020,2021,2022,2023,2024,2025,2026",
Finland (FI),FI4000288493,Nordea European Passive Fund C distribution,54930043QB0YUUQ4UM32,[tom],Nordea European Passive Fund,[tom],[tom],"2020,2021,2022,2023,2024,2025,2026",
Finland (FI),FI4000288501,Nordea Japan Fund C growth,54930073UQYK5LTRL387,[tom],Nordea Japan Fund,[tom],[tom],"2020,2021,2022,2023,2025,2026",2024
Finland (FI),FI4000288519,Nordea Japan Fund C distribution,54930073UQYK5LTRL387,[tom],Nordea Japan Fund,[tom],[tom],"2020,2021,2022,2023,2025,2026",2024
Finland (FI),FI4000288527,Nordea Asian Stars Fund C growth,549300Z6YEQ8TU0FFP49,[tom],Nordea Asian Stars Fund,[tom],[tom],"2020,2021,2022,2023,2024",2025.2026
Finland (FI),FI4000288535,Nordea Asian Stars Fund C distribution,549300Z6YEQ8TU0FFP49,[tom],Nordea Asian Stars Fund,[tom],[tom],"2020,2021,2022,2023,2024",2025.2026
Finland (FI),FI4000288568,Nordea Emerging Market Equities Fund C growth NOK,549300VPEUBMIBRX1Y59,[tom],Nordea Emerging Market Equities Fund,[tom],[tom],"2020,2021,2022,2023,2024",2025.2026
Finland (FI),FI4000288576,Nordea Emerging Market Equities Fund C growth,549300VPEUBMIBRX1Y59,[tom],Nordea Emerging Market Equities Fund,[tom],[tom],"2020,2021,2022,2023,2024,2025,2026",
Finland (FI),FI4000288584,Nordea Emerging Market Equities Fund C distrib,549300VPEUBMIBRX1Y59,[tom],Nordea Emerging Market Equities Fund,[tom],[tom],"2020,2021,2022,2023,2024,2025,2026",
Finland (FI),FI4000288659,Nordea World Fund C growth,5493000JFKWXSJ8BVE93,[tom],Nordea World Fund,[tom],[tom],"2020,2021,2022,2023,2024,2025,2026",
Finland (FI),FI4000288667,Nordea World Fund C distribution,5493000JFKWXSJ8BVE93,[tom],Nordea World Fund,[tom],[tom],"2020,2021,2022,2023,2024,2025,2026",
Finland (FI),FI4000288675,Nordea Global Dividend Fund C distribution,549300PR3ETI85Y9Z253,[tom],Nordea Global Dividend Fund,[tom],[tom],"2020,2021,2022,2023,2024,2025,2026",
Finland (FI),FI4000288683,Nordea Nordic Small Cap Fund C growth,549300SO1LWCDV9C5D89,[tom],Nordea Nordic Small Cap Fund,[tom],[tom],"2020,2021,2022,2023,2024,2025,2026",
Finland (FI),FI4000288691,Nordea Nordic Small Cap Fund C distribution,549300SO1LWCDV9C5D89,[tom],Nordea Nordic Small Cap Fund,[tom],[tom],"2020,2021,2022,2023,2024,2025,2026",
Finland (FI),FI4000288709,Nordea North America Fund C growth,549300KP5KVQJDR7WD41,[tom],Nordea North America Fund,[tom],[tom],"2020,2021,2022,2023,2024,2025,2026",
Finland (FI),FI4000288717,Nordea North America Fund C distribution,549300KP5KVQJDR7WD41,[tom],Nordea North America Fund,[tom],[tom],"2020,2021,2022,2023,2024,2025,2026",
Finland (FI),FI4000288774,Nordea Pro Stable Return Fund C distribution,5493007PR1VQ48I12D46,[tom],Nordea Pro Stable Return Fund,[tom],[tom],2020.2021,"2022,2023,2024,2025,2026"
Finland (FI),FI4000288782,Nordea Pro Finland Fund C distribution,549300IH6530YSK1ED94,[tom],Nordea Pro Finland Fund,[tom],[tom],"2020,2021,2022,2023,2024,2025,2026",
Finland (FI),FI4000288790,Nordea Finnish Passive Fund C distribution,549300SX0CEK57SPIE96,[tom],Nordea Finnish Passive Fund,[tom],[tom],"2020,2021,2022,2023,2024,2025,2026",
Finland (FI),FI4000301080,Nordea Europe Fund A growth NOK,54930070IKWTBTWG2U46,[tom],Nordea Europe Fund,[tom],[tom],"2020,2021,2022,2023,2024,2025,2026",
Finland (FI),FI4000301098,Nordea World Fund A Growth NOK,5493000JFKWXSJ8BVE93,[tom],Nordea World Fund,[tom],[tom],"2020,2021,2022,2023,2024,2025,2026",
Finland (FI),FI4000306865,Nordea Nordic Fund B growth,549300UC4ZJ2O8SGHF58,[tom],Nordea Nordic Fund,[tom],[tom],"2020,2021,2022,2023,2024,2025,2026",
Finland (FI),FI4000330865,Nordea North American Enhanced Fund C distribution,549300W7839USWFU3D94,[tom],Nordea North American Enhanced Fund,[tom],[tom],"2020,2021,2022,2023,2024,2025,2026",
Finland (FI),FI4000330873,Nordea North American Enhanced Fund C growth,549300W7839USWFU3D94,[tom],Nordea North American Enhanced Fund,[tom],[tom],"2020,2021,2022,2023,2024,2025,2026",
Finland (FI),FI4000330881,Nordea North American Enhanced Fund I distribution,549300W7839USWFU3D94,[tom],Nordea North American Enhanced Fund,[tom],[tom],"2020,2021,2022,2023,2024,2025,2026",
Finland (FI),FI4000330899,Nordea North American Enhanced Fund I growth,549300W7839USWFU3D94,[tom],Nordea North American Enhanced Fund,[tom],[tom],"2020,2021,2022,2023,2024,2025,2026",
Finland (FI),FI4000330907,Nordea Global Enhanced Fund C distribution,549300DGV3UF00SS9O26,[tom],Nordea Global Enhanced Fund,[tom],[tom],"2020,2021,2022,2023,2024,2025,2026",
Finland (FI),FI4000330915,Nordea Global Enhanced Fund C growth,549300DGV3UF00SS9O26,[tom],Nordea Global Enhanced Fund,[tom],[tom],"2020,2021,2022,2023,2024,2025,2026",
Finland (FI),FI4000330923,Nordea Global Enhanced Fund I distribution,549300DGV3UF00SS9O26,[tom],Nordea Global Enhanced Fund,[tom],[tom],"2020,2021,2022,2023,2024,2025,2026",
Finland (FI),FI4000330931,Nordea Global Enhanced Fund I growth,549300DGV3UF00SS9O26,[tom],Nordea Global Enhanced Fund,[tom],[tom],"2020,2021,2022,2023,2024,2025,2026",
Finland (FI),FI4000349386,Nordea Sustainable Equities Global Fund A growth,549300884E63XAEKCZ79,[tom],Nordea Sustainable Equities Global Fund,[tom],[tom],"2020,2021,2022,2023,2024,2025,2026",
Finland (FI),FI4000349394,Nordea Sustainable Equities Global Fund A distrib.,549300884E63XAEKCZ79,[tom],Nordea Sustainable Equities Global Fund,[tom],[tom],"2020,2021,2022,2023,2024,2025,2026",
Finland (FI),FI4000349402,Nordea Sustainable Equities Global A growth SEK,549300884E63XAEKCZ79,[tom],Nordea Sustainable Equities Global Fund,[tom],[tom],"2020,2021,2022,2023,2024,2025,2026",
Finland (FI),FI4000349410,Nordea Sustainable Equities Global A distr. SEK,549300884E63XAEKCZ79,[tom],Nordea Sustainable Equities Global Fund,[tom],[tom],"2020,2021,2022,2023,2024,2025,2026",
Finland (FI),FI4000349428,Nordea Sustainable Equities Global A growth NOK,549300884E63XAEKCZ79,[tom],Nordea Sustainable Equities Global Fund,[tom],[tom],"2020,2021,2022,2023,2024,2025,2026",
Finland (FI),FI4000375118,Nordea Discretionary Global Equity C distribution,5493002Q1EQY8D66II27,[tom],Nordea Discretionary Global Equity Fund,[tom],[tom],"2020,2021,2022,2023,2024,2025,2026",
Finland (FI),FI4000375126,Nordea Discretionary Swedish Equity C distribution,549300E5MKML6Z5U0690,[tom],Nordea Discretionary Swedish Equity Fund,[tom],[tom],"2020,2021,2022,2023,2024,2025,2026",
Finland (FI),FI4000375134,Nordea North American Enhanced Fund C growth SEK,549300W7839USWFU3D94,[tom],Nordea North American Enhanced Fund,[tom],[tom],"2020,2021,2022,2023,2024",2025.2026
Finland (FI),FI4000375167,Nordea North American Enhanced Fund C growth NOK,549300W7839USWFU3D94,[tom],Nordea North American Enhanced Fund,[tom],[tom],"2020,2021,2022,2023,2024",2025.2026
Finland (FI),FI4000375175,Nordea Global Enhanced Fund C growth SEK,549300DGV3UF00SS9O26,[tom],Nordea Global Enhanced Fund,[tom],[tom],"2020,2021,2022,2023,2024",2025.2026
Finland (FI),FI4000375183,Nordea Global Enhanced Fund C growth NOK,549300DGV3UF00SS9O26,[tom],Nordea Global Enhanced Fund,[tom],[tom],"2020,2021,2022,2023,2024",2025.2026
Finland (FI),FI4000375191,Nordea Sustainable Equities Global Fund C growth,549300884E63XAEKCZ79,[tom],Nordea Sustainable Equities Global Fund,[tom],[tom],"2020,2021,2022,2023,2024,2025,2026",
Finland (FI),FI4000375209,Nordea Sustainable Equities Global C growth SEK,549300884E63XAEKCZ79,[tom],Nordea Sustainable Equities Global Fund,[tom],[tom],"2020,2021,2022,2023,2024,2025,2026",
Finland (FI),FI4000375217,Nordea Sustainable Equities Global C growth NOK,549300884E63XAEKCZ79,[tom],Nordea Sustainable Equities Global Fund,[tom],[tom],"2020,2021,2022,2023,2024,2025,2026",
Finland (FI),FI4000390877,Nordea European Smaller Companies A growth NOK,549300MRNBNSOWG13Z78,[tom],Nordea European Smaller Companies Fund,[tom],[tom],"2020,2021,2022,2023,2024,2025",2026
Finland (FI),FI4000391099,Nordea Norwegian Stars Fund A growth,549300R6FK8CCVQMSK36,[tom],Nordea Norwegian Stars Fund,[tom],[tom],"2020,2021,2022,2023,2024,2025,2026",
Finland (FI),FI4000391362,Nordea World Fund C growth NOK,5493000JFKWXSJ8BVE93,[tom],Nordea World Fund,[tom],[tom],"2020,2021,2022,2023,2024",2025.2026
Finland (FI),FI4000391370,Nordea World Fund C growth SEK,5493000JFKWXSJ8BVE93,[tom],Nordea World Fund,[tom],[tom],"2020,2021,2022,2023,2024",2025.2026
Finland (FI),FI4000391388,Nordea Emerging Market Equities Fund C growth SEK,549300VPEUBMIBRX1Y59,[tom],Nordea Emerging Market Equities Fund,[tom],[tom],"2020,2021,2022,2023,2024",2025.2026
Finland (FI),FI4000391420,Nordea Sustainable Equities Global C distr. SEK,549300884E63XAEKCZ79,[tom],Nordea Sustainable Equities Global Fund,[tom],[tom],"2020,2021,2022,2023,2024,2025,2026",
Finland (FI),FI4000391511,Nordea Norwegian Stars Fund I growth,549300R6FK8CCVQMSK36,[tom],Nordea Norwegian Stars Fund,[tom],[tom],"2020,2021,2022,2023,2024,2025,2026",
Finland (FI),FI4000410402,Nordea Norwegian Stars C (NOK) vekst,549300R6FK8CCVQMSK36,[tom],Nordea Norwegian Stars Fund,[tom],[tom],"2021,2022,2023,2024,2025,2026",2020
Finland (FI),FI4000410451,Nordea Sustainable Equities Global I Growth,549300884E63XAEKCZ79,[tom],Nordea Sustainable Equities Global Fund,[tom],[tom],"2021,2022,2023,2024,2025,2026",2020
Finland (FI),FI4000410477,Nordea Sustainable Equities Global I Growth (NOK),549300884E63XAEKCZ79,[tom],Nordea Sustainable Equities Global Fund,[tom],[tom],"2021,2022,2023,2024","2020,2025,2026"
Finland (FI),FI4000410485,Nordea Sustainable Equities Global I Growth (SEK),549300884E63XAEKCZ79,[tom],Nordea Sustainable Equities Global Fund,[tom],[tom],"2021,2022,2023,2024,2025,2026",2020
Finland (FI),FI4000410493,Nordea Global Enhanced I growth (NOK),549300DGV3UF00SS9O26,[tom],Nordea Global Enhanced Fund,[tom],[tom],"2021,2022,2023,2024,2025,2026",2020
Finland (FI),FI4000410501,Nordea Global Enhanced I tillväxt SEK,549300DGV3UF00SS9O26,[tom],Nordea Global Enhanced Fund,[tom],[tom],"2021,2022,2023,2024,2025,2026",2020
Finland (FI),FI4000410519,Nordea North American Enhanced I growth (NOK),549300W7839USWFU3D94,[tom],Nordea North American Enhanced Fund,[tom],[tom],"2021,2022,2023,2024,2025,2026",2020
Finland (FI),FI4000410527,Nordea North American Enhanced I tillväxt SEK,549300W7839USWFU3D94,[tom],Nordea North American Enhanced Fund,[tom],[tom],"2021,2022,2023,2024,2025,2026",2020
Finland (FI),FI4000415021,Nordea European Stars Fund  C distr.,54930070IKWTBTWG2U46,[tom],Nordea European Stars Fund,[tom],[tom],"2021,2022,2023,2024,2025,2026",2020
Finland (FI),FI4000415039,Nordea European Sustainable Stars Fund I growth,54930070IKWTBTWG2U46,[tom],Nordea European Stars Fund,[tom],[tom],"2021,2022,2023,2024,2025,2026",2020
Finland (FI),FI4000415047,NORDEA,54930070IKWTBTWG2U46,[tom],Nordea European Stars Fund,[tom],[tom],"2021,2022,2023,2024,2025,2026",2020
Finland (FI),FI4000415054,Nordea European Stars Fund I growth SEK,54930070IKWTBTWG2U46,[tom],Nordea European Stars Fund,[tom],[tom],"2021,2022,2023,2024,2025,2026",2020
Finland (FI),FI4000415062,Nordea European Stars Fund I distr SEK,54930070IKWTBTWG2U46,[tom],Nordea European Stars Fund,[tom],[tom],"2021,2022,2023,2024,2025,2026",2020
Finland (FI),FI4000439468,Nordea Institutionella Småbolagsfonden Sverige growth (SEK),549300ZLGQXEJM8TQM79,[tom],Nordea Institutionella Småbolagsfonden Sverige Fund,[tom],[tom],"2021,2022,2023,2024,2025,2026",2020
Finland (FI),FI4000439609,Nordea Innovation Stars Growth,5493003HVF4772ZX8M27,[tom],Nordea Innovation Stars Fund,[tom],[tom],"2021,2022,2023,2024,2025,2026",2020
Finland (FI),FI4000439617,Nordea Innovation Stars Distribution,5493003HVF4772ZX8M27,[tom],Nordea Innovation Stars Fund,[tom],[tom],"2021,2022,2023,2024,2025,2026",2020
Finland (FI),FI4000439625,Nordea Innovation Stars Growth SEK,5493003HVF4772ZX8M27,[tom],Nordea Innovation Stars Fund,[tom],[tom],"2021,2022,2023,2024,2025,2026",2020
Finland (FI),FI4000439633,Nordea Innovation Stars Growth NOK,5493003HVF4772ZX8M27,[tom],Nordea Innovation Stars Fund,[tom],[tom],"2021,2022,2023,2024,2025,2026",2020
France (FR),FR0007052782,Lyxor CAC 40 (DR) UCITS ETF - Lyxor CAC 40 (DR) UCITS ETF - Dist,969500H8BWV3CBDMKN24,[tom],Multi Units France,[tom],[tom],"2021,2022,2023,2024,2025,2026",2020
France (FR),FR0007054358,Lyxor EURO STOXX 50 (DR) UCITS ETF - Lyxor EURO STOXX 50 (DR) UCITS ETF - Dist,969500E6V09ZKCLMR398,[tom],Multi Units France,[tom],[tom],"2021,2022,2023,2024,2025,2026",2020
France (FR),FR0007075494,Lyxor DJ Global Titans 50 UCITS ETF - Lyxor DJ Global Titans 50 UCITS ETF - Dist,969500TMMDRL2ZOXR229,[tom],Multi Units France,[tom],[tom],"2021,2022,2023,2024,2025,2026",2020
France (FR),FR0010010827,Lyxor FTSE MIB UCITS ETF - Lyxor FTSE MIB UCITS ETF - Dist,9695002FSEZUF6ULGK48,[tom],Multi Units France,[tom],[tom],"2021,2022,2023,2024,2025,2026",2020
France (FR),FR0010245514,Lyxor Japan (TOPIX) (DR) UCITS ETF - Dist EUR,969500HKAVZI57PU4J22,441298163,Multi Units France,[tom],[tom],"2021,2022,2023,2024,2025,2026",2020
France (FR),FR0010251744,Lyxor IBEX 35 (DR) UCITS ETF - Lyxor IBEX 35 (DR) UCITS ETF - Dist,969500RQATUKFUTLVW17,[tom],Multi Units France,[tom],[tom],"2021,2022,2023,2024,2025,2026",2020
France (FR),FR0010261198,Lyxor MSCI Europe (DR) UCITS ETF - Dist,969500MJN6FTOLDL5J41,441298163,Multi Units France,[tom],[tom],"2021,2022,2023,2024,2025,2026",2020
France (FR),FR0010296061,Lyxor MSCI USA UCITS ETF - Dist,695000MFVWPCP0JUA77,"441,298,163",Multi Units France,[tom],[tom],"2021,2022,2023,2024","2020,2025,2026"
France (FR),FR0010315770,Lyxor MSCI World UCITS ETF - Dist,9695004S2YZ3JVO94R93,441298163,Multi Units France,[tom],[tom],"2021,2022,2023,2024,2025,2026",2020
France (FR),FR0010361683,Lyxor MSCI India UCITS ETF - Acc (EUR),969500WYP3K47TLLD445,441298163,Multi Units France,[tom],[tom],"2021,2022,2023,2024,2025,2026",2020
France (FR),FR0010405431,Lyxor MSCI Greece UCITS ETF - Dist,969500HN9DKX68YBV617,441298163,Multi Units France,[tom],[tom],"2021,2022,2023,2024,2025,2026",2020
France (FR),FR0010524777,Lyxor New Energy UCITS ETF,9695008U0BHDZBWYFV02,441298163,Lyxor New Energy UCITS ETF,[tom],[tom],"2020,2021,2022,2023,2024",2025.2026
France (FR),FR0010527275,Lyxor World Water UCITS ETF,9695004Y3YNBCRB45L58,441298163,Lyxor World Water UCITS ETF,[tom],[tom],"2020,2021,2022,2023,2024",2025.2026
France (FR),FR0011475078,Lyxor Japan (TOPIX) (DR) UCITS ETF - Daily Hedged to EUR - Dist,969500HKAVZI57PU4J22,441298163,Multi Units France,[tom],[tom],"2021,2022,2023,2024,2025,2026",2020
France (FR),FR0011720911,Lyxor Hwabao WP MSCI China A (DR) UCITS ETF - Lyxor Hwabao WP MSCI China A (DR) UCITS ETF - Acc,969500MKFIAAE4CE2C56,[tom],Multi Units France,[tom],[tom],"2021,2022,2023,2024,2025,2026",2020
Germany (DE),DE0005933931,iShares Core DAX® UCITS ETF (DE),549300CQN9T9XKTT1S19,143/105/80024,iShares Core DAX® UCITS ETF (DE),[tom],[tom],"2020,2021,2022,2023,2024,2025,2026",
Germany (DE),DE000A0F5UJ7,iShares STOXX Europe 600 Banks UCITS ETF (DE),549300X80B4860BD8K63,9143/105/80857,iShares STOXX Europe 600 Banks UCITS ETF (DE),[tom],[tom],"2020,2021,2022,2023,2024,2025,2026",
Germany (DE),DE000A0F5UK5,iShares STOXX Europe 600 Basic Resources UCITS ETF (DE),5493000RT5ZTO3JKCL78,9143/105/80857,iShares STOXX Europe 600 Basic Resources UCITS ETF (DE),[tom],[tom],"2020,2021,2022,2023,2024,2025,2026",
Germany (DE),DE000A0H08E0,iShares STOXX Europe 600 Chemicals UCITS ETF (DE),549300S5ZJDJU6FYSC57,9143/105/80857,iShares STOXX Europe 600 Chemicals UCITS ETF (DE),[tom],[tom],"2020,2021,2022,2023,2024,2025,2026",
Germany (DE),DE000A0H08F7,iShares STOXX Europe 600 Construction & Materials UCITS ETF (DE),5493008HS1UNE00HVD70,9143/105/80857,iShares STOXX Europe 600 Construction & Materials UCITS ETF (DE),[tom],[tom],"2020,2021,2022,2023,2024,2025,2026",
Germany (DE),DE000A0H08G5,iShares STOXX Europe 600 Financial Services UCITS ETF (DE),549300D8K2LRDIL8HN49,9143/105/80857,iShares STOXX Europe 600 Financial Services UCITS ETF (DE),[tom],[tom],"2020,2021,2022,2023,2024,2025,2026",
Germany (DE),DE000A0H08H3,iShares STOXX Europe 600 Food & Beverage UCITS ETF (DE),5493002SGUXFSPIEGB61,9143/105/80857,iShares STOXX Europe 600 Food & Beverage UCITS ETF (DE),[tom],[tom],"2020,2021,2022,2023,2024,2025,2026",
Germany (DE),DE000A0H08J9,iShares STOXX Europe 600 Industrial Goods & Services UCITS ETF (DE),5493005C92LFQZ3U0083,9143/105/80857,iShares STOXX Europe 600 Industrial Goods & Services UCITS ETF (DE),[tom],[tom],"2020,2021,2022,2023,2024,2025,2026",
Germany (DE),DE000A0H08K7,iShares STOXX Europe 600 Insurance UCITS ETF (DE),549300IZFFIB3FCK3B67,9143/105/80857,iShares STOXX Europe 600 Insurance UCITS ETF (DE),[tom],[tom],"2020,2021,2022,2023,2024,2025,2026",
Germany (DE),DE000A0H08L5,iShares STOXX Europe 600 Media UCITS ETF (DE),549300N2KV6CWX83UY82,9143/105/80857,iShares STOXX Europe 600 Media UCITS ETF (DE),[tom],[tom],"2020,2021,2022,2023,2024,2025,2026",
Germany (DE),DE000A0H08M3,iShares STOXX Europe 600 Oil & Gas UCITS ETF (DE),5493009VBRQDJM085A06,9143/105/80857,iShares STOXX Europe 600 Oil & Gas UCITS ETF (DE),[tom],[tom],"2020,2021,2022,2023,2024,2025,2026",
Germany (DE),DE000A0H08N1,iShares STOXX Europe 600 Personal & Household Goods UCITS ETF (DE),549300KEJ75NVV0O1Q25,9143/105/80857,iShares STOXX Europe 600 Personal & Household Goods UCITS ETF (DE),[tom],[tom],"2020,2021,2022,2023,2024,2025,2026",
Germany (DE),DE000A0H08P6,iShares STOXX Europe 600 Retail UCITS ETF (DE),549300UAZOMVZG9SCT21,9143/105/80857,iShares STOXX Europe 600 Retail UCITS ETF (DE),[tom],[tom],"2020,2021,2022,2023,2024,2025,2026",
Germany (DE),DE000A0H08Q4,iShares STOXX Europe 600 Technology UCITS ETF (DE),549300LDUQ40CPA1RR20,9143/105/80857,iShares STOXX Europe 600 Technology UCITS ETF (DE),[tom],[tom],"2020,2021,2022,2023,2024,2025,2026",
Germany (DE),DE000A0H08R2,iShares STOXX Europe 600 Telecommunications UCITS ETF (DE),549300NK1W037V17HR26,9143/105/80857,iShares STOXX Europe 600 Telecommunications UCITS ETF (DE),[tom],[tom],"2020,2021,2022,2023,2024,2025,2026",
Germany (DE),DE000A0H08S0,iShares STOXX Europe 600 Travel & Leisure UCITS ETF (DE),54930018KJALADVV9T20,9143/105/80857,iShares STOXX Europe 600 Travel & Leisure UCITS ETF (DE),[tom],[tom],"2020,2021,2022,2023,2024,2025,2026",
Germany (DE),DE000A0Q4R02,iShares STOXX Europe 600 Utilities UCITS ETF (DE),549300IDFBIDYEHR9667,9143/105/80857,iShares STOXX Europe 600 Utilities UCITS ETF (DE),[tom],[tom],"2020,2021,2022,2023,2024,2025,2026",
Germany (DE),DE000A0Q4R28,iShares STOXX Europe 600 Automobiles & Parts UCITS ETF (DE),549300R1WWI4RCX8G864,9143/105/80857,iShares STOXX Europe 600 Automobiles & Parts UCITS ETF (DE),[tom],[tom],"2020,2021,2022,2023,2024,2025,2026",
Germany (DE),DE000A0Q4R36,iShares STOXX Europe 600 Health Care UCITS ETF (DE),5493000B3UHV04GPJ327,9143/105/80857,iShares STOXX Europe 600 Health Care UCITS ETF (DE),[tom],[tom],"2020,2021,2022,2023,2024,2025,2026",
Ireland (IE),IE0005042456,iShares Core FTSE 100 UCITS ETF GBP (Dist),5493003N1TMIMOXBYK56,6339052M,iShares Core FTSE 100 UCITS,[tom],[tom],"2020,2021,2022,2023,2024,2025,2026",
Ireland (IE),IE0008470928,iShares STOXX Europe 50 UCITS ETF EUR (Dist),549300FS4OSSFUCNC234,6337171K,iShares STOXX Europe 50 UCITS ETF EUR (Dist),[tom],[tom],"2020,2021,2022,2023,2024,2025,2026",
Ireland (IE),IE0008471009,iShares Core EURO STOXX 50 UCITS ETF EUR (Dist),549300JUBEQWJ2YTC363,6337171K,iShares Core EURO STOXX 50 UCITS ETF EUR (Dist),[tom],[tom],"2020,2021,2022,2023,2024,2025,2026",
Ireland (IE),IE0031442068,iShares Core S&P 500 UCITS ETF USD (Dist),54930084HRJY26SCMW95,6339052M,iShares Core S&P 500 UCITS ETF USD (Dist),[tom],[tom],"2020,2021,2022,2023,2024,2025,2026",
Ireland (IE),IE00B02KXH56,iShares MSCI Japan UCITS ETF USD (Dist),5493007W80HNKEYKWP54,6339052M,iShares MSCI Japan UCITS ETF USD (Dist),[tom],[tom],"2020,2021,2022,2023,2024,2025,2026",
Ireland (IE),IE00B02KXK85,iShares China Large Cap UCITS ETF USD (Dist),549300RFUO6DRJBMF668,6339052M,iShares China Large Cap UCITS ETF USD (Dist),[tom],[tom],"2020,2021,2022,2023,2024,2025,2026",
Ireland (IE),IE00B02KXL92,iShares EURO STOXX Mid UCITS ETF EUR (Dist),549300EH0OVYP60RNR97,6339052M,iShares EURO STOXX Mid UCITS ETF EUR (Dist),[tom],[tom],"2020,2021,2022,2023,2024,2025,2026",
Ireland (IE),IE00B02KXM00,iShares EURO STOXX Small UCITS ETF EUR (Dist),549300NF528WE56B9U53,6339052M,iShares EURO STOXX Small UCITS ETF EUR (Dist),[tom],[tom],"2020,2021,2022,2023,2024,2025,2026",
Ireland (IE),IE00B0M62Q58,iShares MSCI World UCITS ETF USD (Dist),549300LYR1N28TOHCJ02,6339052M,iShares MSCI World UCITS ETF USD (Dist),[tom],[tom],"2020,2021,2022,2023,2024,2025,2026",
Ireland (IE),IE00B0M62S72,iShares Euro Dividend UCITS ETF EUR (Dist),5493002LKUS76PT8RU94,6339052M,iShares Euro Dividend UCITS ETF EUR (Dist),[tom],[tom],"2020,2021,2022,2023,2024,2025,2026",
Ireland (IE),IE00B0M62T89,iShares Euro Total Market Value Large UCITS ETF EUR (Dist),549300GEROXY7V0U0X63,6339052M,iShares Euro Total Market Value Large UCITS ETF EUR (Dist),[tom],[tom],2020.2021,"2022,2023,2024,2025,2026"
Ireland (IE),IE00B0M62V02,iShares Euro Total Market Growth Large UCITS ETF EUR (Dist),549300V3RMOM2YS4C363,6339052M,iShares Euro Total Market Growth Large UCITS ETF EUR (Dist),[tom],[tom],"2020,2021,2022,2023,2024,2025,2026",
Ireland (IE),IE00B0M63177,iShares MSCI Emerging Markets UCITS ETF (Dist),54930073B3CBPXCO7934,6339052M,iShares MSCI Emerging Markets UCITS ETF (Dist),[tom],[tom],"2020,2021,2022,2023,2024,2025,2026",
Ireland (IE),IE00B0M63391,iShares MSCI Korea UCITS ETF USD (Dist),549300BT8WWRO2CVVT22,6339052M,iShares MSCI Korea UCITS ETF USD (Dist),[tom],[tom],"2020,2021,2022,2023,2024,2025,2026",
Ireland (IE),IE00B0M63516,iShares MSCI Brazil UCITS ETF USD (Dist),549300KEWHVB5A4SVQ40,6339052M,iShares MSCI Brazil UCITS ETF USD (Dist),[tom],[tom],"2020,2021,2022,2023,2024,2025,2026",
Ireland (IE),IE00B0M63623,iShares MSCI Taiwan UCITS ETF USD (Dist),5493007EO5NF2NTTDH37,6339052M,iShares MSCI Taiwan UCITS ETF USD (Dist),[tom],[tom],"2020,2021,2022,2023,2024,2025,2026",
Ireland (IE),IE00B0M63730,iShares MSCI AC Far East ex-Japan UCITS ETF USD (Dist),549300MZPCRV506E1Z43,6339052M,iShares MSCI AC Far East ex-Japan UCITS ETF USD (Dist),[tom],[tom],"2020,2021,2022,2023,2024,2025,2026",
Ireland (IE),IE00B0M63953,iShares MSCI Eastern Europe Capped UCITS ETF USD (Dist),5493007QJDCHWMC1M322,6339052M,iShares MSCI Eastern Europe Capped UCITS ETF USD (Dist),[tom],[tom],"2020,2021,2022,2023","2024,2025,2026"
Ireland (IE),IE00B14X4M10,iShares MSCI North America UCITS ETF USD (Dist),549300DIFHZ6P8VL4G03,6339052M,iShares MSCI North America UCITS ETF USD (Dist),[tom],[tom],"2020,2021,2022,2023,2024,2025,2026",
Ireland (IE),IE00B14X4N27,iShares MSCI Europe ex-UK UCITS ETF EUR (Dist),5493002PH3Z252VH0Z10,6339052M,iShares MSCI Europe ex-UK UCITS ETF EUR (Dist),[tom],[tom],"2020,2021,2022,2023,2024,2025,2026",
Ireland (IE),IE00B14X4T88,iShares Asia Pacific Dividend UCITS ETF USD (Dist),549300U8DFEOGN4SOV98,6339052M,iShares Asia Pacific Dividend UCITS ETF USD (Dist),[tom],[tom],"2020,2021,2022,2023,2024,2025,2026",
Ireland (IE),IE00B1FZS467,iShares Global Infrastructure UCITS ETF USD (Dist),549300EUEAHWVPDTKG02,6337171K,iShares Global Infrastructure UCITS ETF USD (Dist),[tom],[tom],"2020,2021,2022,2023,2024,2025,2026",
Ireland (IE),IE00B1FZS574,iShares MSCI Turkey UCITS ETF USD (Dist),549300V2F58RUJ6ILD61,6337171K,iShares MSCI Turkey UCITS ETF USD (Dist),[tom],[tom],"2020,2021,2022,2023,2024,2025,2026",
Ireland (IE),IE00B1TXHL60,iShares Listed Private Equity UCITS ETF USD (Dist),549300RIPEWCKN31GZ92,6337171K,iShares Listed Private Equity UCITS ETF USD (Dist),[tom],[tom],"2020,2021,2022,2023,2024,2025,2026",
Ireland (IE),IE00B1TXK627,iShares Global Water UCITS ETF USD (Dist),549300QB096Y8KH24E65,6337171K,iShares Global Water UCITS ETF USD (Dist),[tom],[tom],"2020,2021,2022,2023,2024,2025,2026",
Ireland (IE),IE00B1W57M07,iShares BRIC 50 UCITS ETF USD (Dist),549300EA37TEAE6JC450,6337171K,iShares BRIC 50 UCITS ETF USD (Dist),[tom],[tom],"2020,2021,2022,2023,2024,2025,2026",
Ireland (IE),IE00B1XNHC34,iShares Global Clean Energy UCITS ETF USD (Dist),5493001813VO0YXELB52,6337171K,iShares Global Clean Energy UCITS ETF USD (Dist),[tom],[tom],"2020,2021,2022,2023,2024,2025,2026",
Ireland (IE),IE00B1YZSC51,iShares Core MSCI Europe UCITS ETF EUR (Dist),549300TK70XJKT4LZD88,6337171K,iShares Core MSCI Europe UCITS ETF EUR (Dist),[tom],[tom],"2020,2021,2022,2023,2024,2025,2026",
Ireland (IE),IE00B27YCF74,iShares Global Timber & Forestry UCITS ETF USD (Dist),549300YCOLJZYUJ2W057,6337171K,iShares Global Timber & Forestry UCITS ETF USD (Dist),[tom],[tom],"2020,2021,2022,2023,2024,2025,2026",
Ireland (IE),IE00B27YCK28,iShares MSCI EM Latin America UCITS ETF USD (Dist),5493001UV681N6H3E474,6337171K,iShares MSCI EM Latin America UCITS ETF USD (Dist),[tom],[tom],"2020,2021,2022,2023,2024,2025,2026",
Ireland (IE),IE00B2NPL135,iShares EM Infrastructure UCITS ETF USD (Dist),549300JCCPL6T4EGCQ60,6337171K,iShares EM Infrastructure UCITS ETF USD (Dist),[tom],[tom],"2020,2021,2022,2023,2024,2025,2026",
Ireland (IE),IE00B2QWCY14,iShares S&P SmallCap 600 UCITS ETF USD (Dist),5493001J7KRDDRNQVP52,9675767K,iShares S&P SmallCap 600 UCITS ETF USD (Dist),[tom],[tom],"2020,2021,2022,2023,2024,2025,2026",
Ireland (IE),IE00B2QWDR12,iShares MSCI AC Far East ex-Japan Small Cap UCITS ETF USD (Dist),549300H4I7248BHY3Z08,6337171K,iShares MSCI AC Far East ex-Japan Small Cap UCITS ETF USD (Dist),[tom],[tom],"2020,2021,2022,2023,2024,2025,2026",
Ireland (IE),IE00B2QWDY88,iShares MSCI Japan Small Cap UCITS ETF USD (Dist),549300ICPTRMXT2LBQ47,9675767K,iShares MSCI Japan Small Cap UCITS ETF USD (Dist),[tom],[tom],"2020,2021,2022,2023,2024,2025,2026",
Ireland (IE),IE00B3F81G20,iShares MSCI EM Small Cap UCITS ETF USD (Dist),5493004HMKEPWJML6H10,9675767K,iShares MSCI EM Small Cap UCITS ETF USD (Dist),[tom],[tom],"2020,2021,2022,2023,2024,2025,2026",
Ireland (IE),IE00B3VWM098,iShares MSCI USA Small Cap UCITS ETF USD (Acc),5493007M90335V57KF91,9520708B,iShares MSCI USA Small Cap UCITS ETF USD (Acc),[tom],[tom],"2020,2021,2022,2023,2024,2025,2026",
Ireland (IE),IE00B3VWMM18,iShares MSCI EMU Small Cap UCITS ETF EUR (Acc),5493007M90335V57KF91,9520708B,iShares MSCI EMU Small Cap UCITS ETF EUR (Acc),[tom],[tom],"2020,2021,2022,2023,2024,2025,2026",
Ireland (IE),IE00B3WJKG14,iShares S&P 500 Information Technology Sector UCITS ETF USD (Acc),549300XXYJQ3C2LNNK82,9744562W,iShares S&P 500 Information Technology Sector UCITS ETF USD (Acc),[tom],[tom],"2020,2021,2022,2023,2024,2025,2026",
Ireland (IE),IE00B3ZW0K18,iShares S&P 500 EUR Hedged UCITS ETF (Acc),5493002SZ3VQ62RXBS95,9744562W,iShares S&P 500 EUR Hedged UCITS ETF (Acc),[tom],[tom],2020.2021,"2022,2023,2024,2025,2026"
Ireland (IE),IE00B40B8R38,iShares S&P 500 Consumer Staples Sector UCITS ETF,549300J4FOLC5ND1Y502,9744562W,iShares S&P 500 Consumer Staples Sector UCITS ETF USD (Acc),[tom],[tom],"2020,2021,2022,2023,2024,2025,2026",
Ireland (IE),IE00B42NKQ00,iShares S&P 500 Energy Sector UCITS ETF USD (Acc),549300PNOE8XF3W40W61,9744562W,iShares S&P 500 Energy Sector UCITS ETF USD (Acc),[tom],[tom],"2020,2021,2022,2023,2024,2025,2026",
Ireland (IE),IE00B42Z5J44,iShares MSCI Japan EUR Hedged UCITS ETF (Acc),549300P7LUQSAKLRAZ25,9744562W,iShares MSCI Japan EUR Hedged UCITS ETF (Acc),[tom],[tom],2020.2021,"2022,2023,2024,2025,2026"
Ireland (IE),IE00B43HR379,iShares S&P 500 Health Care Sector UCITS ETF USD (Acc),5493002PIW2QX6FNXI81,9744562W,iShares S&P 500 Health Care Sector UCITS ETF USD (Acc),[tom],[tom],"2020,2021,2022,2023,2024,2025,2026",
Ireland (IE),IE00B441G979,iShares MSCI World EUR Hedged UCITS ETF (Acc),549300P21I4X4CISN488,9744562W,iShares MSCI World EUR Hedged UCITS ETF (Acc),[tom],[tom],2020.2021,"2022,2023,2024,2025,2026"
Ireland (IE),IE00B4JNQZ49,iShares S&P 500 Financials Sector UCITS ETF USD (Acc),549300U866HE6K5XZI02,9744562W,iShares S&P 500 Financials Sector UCITS ETF USD (Acc),[tom],[tom],"2020,2021,2022,2023,2024,2025,2026",
Ireland (IE),IE00B4K48X80,iShares Core MSCI Europe UCITS ETF EUR (Acc),549300DUUSUNHLKQFH49,9675767K,iShares Core MSCI Europe UCITS ETF EUR (Acc),[tom],[tom],"2020,2021,2022,2023,2024,2025,2026",
Ireland (IE),IE00B4KBBD01,iShares S&P 500 Utilities Sector UCITS ETF,5493008YLZUG5FV8NM57,9744562W,iShares S&P 500 Utilities Sector UCITS ETF USD (Acc),[tom],[tom],"2020,2021,2022,2023,2024,2025,2026",
Ireland (IE),IE00B4L5Y983,iShares Core MSCI World UCITS ETF,549300QS4Q1IT6XCA514,9675767K,iShares Core MSCI World,[tom],[tom],"2020,2021,2022,2023,2024,2025,2026",
Ireland (IE),IE00B4L5YC18,iShares MSCI EM UCITS ETF USD (Acc),549300QB88FMT5NV7X53,9675767K,iShares MSCI EM UCITS ETF USD (Acc),[tom],[tom],"2020,2021,2022,2023,2024,2025,2026",
Ireland (IE),IE00B4L5YX21,iShares Core MSCI Japan IMI UCITS ETF USD (Acc),549300YHIXN3L7FNZG03,9675767K,iShares Core MSCI Japan IMI UCITS ETF Aggregate,[tom],[tom],"2020,2021,2022,2023,2024,2025,2026",
Ireland (IE),IE00B4LN9N13,iShares S&P 500 Industrials Sector UCITS ETF,549300D2P7MBS082Y415,9744562W,iShares S&P 500 Industrials Sector UCITS ETF USD (Acc),[tom],[tom],"2020,2021,2022,2023,2024,2025,2026",
Ireland (IE),IE00B4MCHD36,iShares S&P 500 Consumer Discretionary Sector UCITS ETF USD (Acc),549300G9GRGR2S5R8R61,9744562W,iShares S&P 500 Consumer Discretionary Sector UCITS ETF USD (Acc),[tom],[tom],"2020,2021,2022,2023,2024,2025,2026",
Ireland (IE),IE00B4MKCJ84,iShares S&P 500 Materials Sector UCITS ETF,549300IWX735UHC5SV32,9744562W,iShares S&P 500 Materials Sector UCITS ETF USD (Acc),[tom],[tom],"2020,2021,2022,2023,2024,2025,2026",
Ireland (IE),IE00B52MJD48,iShares Nikkei 225 UCITS ETF JPY (Acc),549300TUVNRYV5PU6Q82,9520708B,iShares Nikkei 225 UCITS,[tom],[tom],"2020,2021,2022,2023,2024,2025,2026",
Ireland (IE),IE00B52MJY50,iShares Core MSCI Pacific ex-Japan UCITS ETF USD (Acc),549300I76LFUM6YF2X49,9520708B,iShares Core MSCI Pacific ex-Japan UCITS ETF USD (Acc),[tom],[tom],"2020,2021,2022,2023,2024,2025,2026",
Ireland (IE),IE00B52SF786,iShares MSCI Canada UCITS ETF USD (Acc),549300KOY0J0I1FQMD29,9520708B,iShares MSCI Canada UCITS ETF USD (Acc),[tom],[tom],"2020,2021,2022,2023,2024,2025,2026",
Ireland (IE),IE00B52SFT06,iShares MSCI USA UCITS ETF USD (Acc),549300Y8VG8GHNLZ0464,9520708B,iShares MSCI USA UCITS ETF USD (Acc),[tom],[tom],"2020,2021,2022,2023,2024,2025,2026",
Ireland (IE),IE00B52VJ196,iShares MSCI Europe SRI UCITS ETF EUR (Acc),5493004L12342YG66X18,6337171K,iShares MSCI Europe SRI UCITS ETF,[tom],[tom],"2020,2021,2022,2023,2024,2025,2026",
Ireland (IE),IE00B52XQP83,iShares MSCI South Africa UCITS ETF USD (Acc),549300IM2TOXTYVOWZ85,9675767K,iShares MSCI South Africa UCITS ETF USD (Acc),[tom],[tom],"2020,2021,2022,2023,2024,2025,2026",
Ireland (IE),IE00B5377D42,iShares MSCI Australia UCITS ETF USD (Acc),5493006SH4F0AWRCBB05,9675767K,iShares MSCI Australia UCITS ETF USD (Acc),[tom],[tom],"2020,2021,2022,2023,2024,2025,2026",
Ireland (IE),IE00B539F030,iShares MSCI UK UCITS ETF GBP (Acc),549300WZMXFBLISX3F05,9520708B,iShares MSCI UK UCITS ETF GBP (Acc),[tom],[tom],"2020,2021,2022,2023,2024,2025,2026",
Ireland (IE),IE00B53HP851,iShares Core FTSE 100 UCITS ETF GBP (Acc),5493003N1TMIMOXBYK56,9520708B,iShares Core FTSE 100 UCITS ETF GBP (Acc),[tom],[tom],"2020,2021,2022,2023,2024,2025,2026",
Ireland (IE),IE00B53L3W79,iShares Core EURO STOXX 50 UCITS ETF EUR (Acc),549300TW9DVJEUDSXT60,9520708B,iShares Core EURO STOXX 50 UCITS ETF EUR (Acc),[tom],[tom],"2020,2021,2022,2023,2024,2025,2026",
Ireland (IE),IE00B53L4350,iShares Dow Jones Industrial Average UCITS ETF USD (Acc),549300L1K8RUOX2MIF18,9520708B,iShares Dow Jones Industrial Average UCITS ETF,[tom],[tom],"2020,2021,2022,2023,2024,2025,2026",
Ireland (IE),IE00B53QDK08,iShares MSCI Japan UCITS ETF USD (Acc),549300H2IV2HZ3LWX614,9520708B,iShares MSCI Japan UCITS ETF,[tom],[tom],"2020,2021,2022,2023,2024,2025,2026",
Ireland (IE),IE00B53QG562,iShares Core MSCI EMU UCITS ETF EUR (Acc),549300YLDSYN6EEWJA95,9520708B,iShares Core MSCI EMU,[tom],[tom],"2020,2021,2022,2023,2024,2025,2026",
Ireland (IE),IE00B53SZB19,iShares NASDAQ 100 UCITS ETF USD (Acc),549300KGSK42L101CD76,9520708B,iShares NASDAQ 100 UCITS ETF,[tom],[tom],"2020,2021,2022,2023,2024,2025,2026",
Ireland (IE),IE00B57X3V84,iShares Dow Jones Global Sustainability Screened UCITS ETF USD (Acc),549300B6H42544K2YG29,6337171K,iShares Dow Jones Global Sustainability Screened UCITS ETF USD (Acc),[tom],[tom],"2020,2021,2022,2023,2024,2025,2026",
Ireland (IE),IE00B5BMR087,iShares Core S&P 500 UCITS ETF USD (Acc),5493006ESS9BM09FB892,9520708B,iShares Core S&P 500 UCITS ETF,[tom],[tom],"2020,2021,2022,2023,2024,2025,2026",
Ireland (IE),IE00B5L8K969,iShares MSCI EM Asia UCITS ETF USD (Acc),5493000TKIDX8SV58K79,9520708B,iShares MSCI EM Asia UCITS ETF USD (Acc),[tom],[tom],"2020,2021,2022,2023,2024,2025,2026",
Ireland (IE),IE00B5V87390,iShares MSCI Russia ADR GDR UCITS ETF USD (Acc),5493007VUE86TRMB9466,9520708B,iShares MSCI Russia ADR GDR UCITS ETF USD (Acc),[tom],[tom],"2020,2021,2022,2023","2024,2025,2026"
Ireland (IE),IE00B5WHFQ43,iShares MSCI Mexico Capped UCITS ETF USD (Acc),5493007HIRIFR2J8N591,9520708B,iShares MSCI Mexico Capped UCITS ETF USD (Acc),[tom],[tom],"2020,2021,2022,2023,2024,2025,2026",
Ireland (IE),IE00B652H904,iShares EM Dividend UCITS ETF USD (Dist),549300HFAXS8YKSYM484,9744562W,iShares EM Dividend UCITS ETF USD (Dist),[tom],[tom],"2020,2021,2022,2023,2024,2025,2026",
Ireland (IE),IE00B6R51Z18,iShares Oil & Gas Exploration & Production UCITS ETF USD (Acc),549300CBEHHKPOOQIR67,9744562W,iShares Oil & Gas Exploration & Production UCITS ETF USD (Acc),[tom],[tom],"2020,2021,2022,2023,2024,2025,2026",
Ireland (IE),IE00B6R52036,iShares Gold Producers UCITS ETF USD (Acc),5493006SO1ZG0UERXL53,9744562W,iShares Gold Producers UCITS ETF USD (Acc),[tom],[tom],"2020,2021,2022,2023,2024,2025,2026",
Ireland (IE),IE00B6R52143,iShares Agribusiness UCITS ETF USD (Acc),549300OCIHQMT943B669,9744562W,iShares Agribusiness UCITS ETF USD (Acc),[tom],[tom],"2020,2021,2022,2023,2024,2025,2026",
Ireland (IE),IE00B6R52259,iShares MSCI ACWI UCITS ETF USD (Acc),549300SXOXF8WNMMRG46,9744562W,iShares MSCI ACWI UCITS ETF USD (Acc),[tom],[tom],"2020,2021,2022,2023,2024,2025,2026",
Ireland (IE),IE00B6SPMN59,iShares Edge S&P 500 Minimum Volatility UCITS ETF USD (Acc),5493004MUUD21P6G7T73,9820931C,iShares Edge S&P 500 Minimum Volatility UCITS ETF,[tom],[tom],"2020,2021,2022,2023,2024,2025,2026",
Ireland (IE),IE00B86MWN23,iShares Edge MSCI Europe Minimum Volatility UCITS ETF EUR (Acc),5493007YEK3XTBFTJX46,9820931C,iShares Edge MSCI Europe Minimum Volatility UCITS ETF EUR,[tom],[tom],"2020,2021,2022,2023,2024,2025,2026",
Ireland (IE),IE00B8FHGS14,iShares Edge MSCI World Minimum Volatility UCITS ETF USD (Acc),549300WL2LLLS7HFSV96,9820931C,iShares Edge MSCI World Minimum Volatility Aggregate,[tom],[tom],"2020,2021,2022,2023,2024,2025,2026",
Ireland (IE),IE00B8KGV557,iShares Edge MSCI EM Minimum Volatility UCITS ETF USD (Acc),549300IUV6QPGL73HH51,9820931C,iShares Edge MSCI EM Minimum Volatility UCITS ETF USD (Acc),[tom],[tom],"2020,2021,2022,2023,2024,2025,2026",
Ireland (IE),IE00B9MRHC27,MSCI Nordic UCITS ETF,5493007KGDIVBDEQHM64,6413802R,XTRACKERS (IE) PLC,[tom],[tom],"2021,2022,2023,2024,2025,2026",2020
Ireland (IE),IE00BCHWNQ94,Xtrackers MSCI World High Dividend Yield UCITS ETF,5493000MMCBYY20QMC86,6413802R,Xtrackers MSCI World High Dividend Yield UCITS ETF,[tom],[tom],"2020,2021,2022,2023,2024,2025,2026",
Ireland (IE),IE00BCHWNT26,MSCI USA Financials UCITS ETF,549300M68RNPQMXLBB25,6413802R,XTRACKERS (IE) PLC,[tom],[tom],"2021,2022,2023,2024,2025,2026",2020
Ireland (IE),IE00BCHWNW54,Xtrackers MSCI USA Health Care UCITS ETF,549300IH60G2OJH57P83,6413802R,XTRACKERS (IE) PLC,[tom],[tom],"2021,2022,2023,2024,2025,2026",2020
Ireland (IE),IE00BCLWRD08,iShares MSCI EMU Mid Cap UCITS ETF EUR (Acc),549300UI30E2BMN50I82,9732276F,iShares MSCI EMU Mid Cap UCITS ETF EUR (Acc),[tom],[tom],"2020,2021,2022,2023,2024,2025,2026",
Ireland (IE),IE00BCLWRF22,iShares MSCI EMU Large Cap UCITS ETF EUR (Acc),549300B1Y3GN9FOPR823,9732276F,iShares MSCI EMU Large Cap UCITS ETF EUR (Acc),[tom],[tom],"2020,2021,2022,2023,2024,2025,2026",
Ireland (IE),IE00BCLWRG39,iShares MSCI Japan USD Hedged UCITS ETF,549300YK4NXOGSWKUV17,6339052M,iShares MSCI Japan USD Hedged UCITS ETF,[tom],[tom],2020.2021,"2022,2023,2024,2025,2026"
Ireland (IE),IE00BD0B9B76,iShares Thomson Reuters Inclusion and Diversity UCITS ETF,549300ZI6SE6MOVEEG11,9732276F,iShares Thomson Reuters Inclusion and Diversity UCITS ETF,[tom],[tom],"2020,2021,2022,2023,2024,2025,2026",
Ireland (IE),IE00BD1F4K20,iShares Edge MSCI USA Size Factor UCITS ETF USD (Acc),549300I56RJW326GDY63,9732276F,iShares Edge MSCI USA Size Factor UCITS ETF,[tom],[tom],"2020,2021,2022,2023,2024,2025,2026",
Ireland (IE),IE00BD1F4L37,iShares Edge MSCI USA Quality Factor UCITS ETF USD (Acc),5493004JBPY1T6KWI878,9732276F,iShares Edge MSCI USA Quality Factor UCITS ETF,[tom],[tom],"2020,2021,2022,2023,2024,2025,2026",
Ireland (IE),IE00BD1F4M44,iShares Edge MSCI USA Value Factor UCITS ETF USD (Acc),549300VVCU62WGKUH912,9732276F,iShares Edge MSCI USA Value Factor UCITS ETF,[tom],[tom],"2020,2021,2022,2023,2024,2025,2026",
Ireland (IE),IE00BD1F4N50,iShares Edge MSCI USA Momentum Factor UCITS ETF USD (Acc),549300VVCU62WGKUH912,9732276F,iShares Edge MSCI USA Value Factor UCITS ETF,[tom],[tom],"2020,2021,2022,2025,2026",2023.2024
Ireland (IE),IE00BD1RNX47,PGIM Jennison Global Equity opportunities Fund GBP I Distribution,5493002FW5CWTWR3XP18,3236530CH,PGIM Funds Plc,[tom],[tom],"2021,2022,2023","2020,2024,2025,2026"
Ireland (IE),IE00BD1RNY53,PGIM Jennison Global Equity opportunities Fund GBP Hedged I Distribution,5493002FW5CWTWR3XP18,3236530CH,PGIM Funds Plc,[tom],[tom],"2021,2022,2023,2024,2025,2026",2020
Ireland (IE),IE00BD3RYZ16,iShares OMX Stockholm Capped UCITS ETF,549300SNFIGLO3PFJ931,9732276F,iShares OMX Stockholm Capped UCITS ETF,[tom],[tom],"2020,2021,2022,2023,2024,2025,2026",
Ireland (IE),IE00BD3V0B10,iShares S&P U.S. Banks UCITS ETF USD (Acc),549300JWNJDHCGSS1029,9744562W,iShares S&P US Banks UCITS ETF,[tom],[tom],"2020,2021,2022,2023,2024,2025,2026",
Ireland (IE),IE00BD45KH83,iShares Core MSCI EM IMI UCITS ETF USD (Dist),549300HAPVPBRLCT6I96,6339052M,iShares Core MSCI EM IMI UCITS ETF,[tom],[tom],"2020,2021,2022,2023,2024,2025,2026",
Ireland (IE),IE00BD5J2G21,iShares EURO STOXX 50 ex-Financials UCITS ETF EUR (Acc),549300HX7CL0Y7HOMM18,6337171K,iShares EURO STOXX 50 ex-Financials UCITS ETF,[tom],[tom],2020.2021,"2022,2023,2024,2025,2026"
Ireland (IE),IE00BD6FTP73,Wellington Global Impact Fund USD D Accumulating Unhedged,[tom],[tom],Wellington Global Impact Fund (Wellington Management Funds (Ireland) plc),[tom],[tom],"2020,2021,2022,2023,2024,2025,2026",
Ireland (IE),IE00BD6FWV47,L&G World Equity Index Fund - N Acc EUR,21380016PBQKIEIZDH29,3430362OH,Legal & General ICAV,[tom],[tom],2021,"2020,2022,2023,2024,2025,2026"
Ireland (IE),IE00BD6FWW53,L&G World Equity Index Fund - Z Acc EUR,21380016PBQKIEIZDH29,3430362OH,Legal & General ICAV,[tom],[tom],2021,"2020,2022,2023,2024,2025,2026"
Ireland (IE),IE00BD6FWX60,L&G Europe ex UK Equity Index Fund - Z GBP Acc,213800IXB2YO576Y3H12,3430362OH,Legal & General ICAV,[tom],[tom],2021,"2020,2022,2023,2024,2025,2026"
Ireland (IE),IE00BD6FWY77,L&G Europe ex UK Equity Index Fund - N Acc EUR,213800IXB2YO576Y3H12,3430362OH,Legal & General ICAV,[tom],[tom],2021,"2020,2022,2023,2024,2025,2026"
Ireland (IE),IE00BD6FX663,L&G Emerging Markets Equity Index Fund - Z GBP Acc,213800IO1PW2955JXP63,3430362OH,Legal & General ICAV,[tom],[tom],2021,"2020,2022,2023,2024,2025,2026"
Ireland (IE),IE00BD6FX770,L&G Emerging Markets Equity Index Fund - N Acc EUR,213800IO1PW2955JXP63,3430362OH,Legal & General ICAV,[tom],[tom],2021,"2020,2022,2023,2024,2025,2026"
Ireland (IE),IE00BD6FXB16,L&G Asia Pacific ex Japan Equity Index Fund - Z GBP Acc,213800LPFTDQVNP63Z92,3430362OH,Legal & General ICAV ,[tom],[tom],2021,"2020,2022,2023,2024,2025,2026"
Ireland (IE),IE00BD6FXC23,L&G Asia Pacific ex Japan Equity Index Fund - I Acc EUR,213800LPFTDQVNP63Z92,3430362OH,Legal & General ICAV ,[tom],[tom],2021,"2020,2022,2023,2024,2025,2026"
Ireland (IE),IE00BD6PGZ66,Wellington Global Impact Fund GBP N Accumulating Hedged,[tom],[tom],Wellington Global Impact Fund (Wellington Management Funds (Ireland) plc),[tom],[tom],"2020,2021,2022,2023,2024,2025,2026",
Ireland (IE),IE00BD72Z263,Wellington Global Impact Fund USD N Accumulating Unhedged,[tom],[tom],Wellington Global Impact Fund (Wellington Management Funds (Ireland) plc),[tom],[tom],"2020,2021,2022,2023,2024,2025,2026",
Ireland (IE),IE00BD93YH54,iShares Edge S&P 500 Minimum Volatility UCITS ETF USD (Dist),5493004MUUD21P6G7T73,9820931C,iShares Edge S&P 500 Minimum Volatility UCITS ETF,[tom],[tom],"2020,2021,2022,2023,2024,2025,2026",
Ireland (IE),IE00BDB47662,Wellington Global Impact Fund USD S Accumulating Unhedged,[tom],[tom],Wellington Global Impact Fund (Wellington Management Funds (Ireland) plc),[tom],[tom],"2020,2021,2022,2023,2024,2025,2026",
Ireland (IE),IE00BDB7J586,Xtrackers MSCI USA Minimum Volatility UCITS ETF,5493000I1N60EFHBLR44,6413802R,Xtrackers MSCI USA Minimum Volatility UCITS ETF,[tom],[tom],"2020,2021,2022,2023,2024,2025,2026",
Ireland (IE),IE00BDD48Z04,PGIM Jennision U.S. Growth Fund USD P Accumulation,549300VGNN4TKHRO7O52,3236530CH,PGIM Funds Plc,[tom],[tom],"2021,2022,2023,2024,2025,2026",2020
Ireland (IE),IE00BDDRF478,iShares S&P 500 Communication Sector UCITS ETF USD (Acc),549300T1B14KZU7GNZ11,9744562W,iShares S&P 500 Communication Sector UCITS ETF - Aggregate,[tom],[tom],"2020,2021,2022,2023,2024,2025,2026",
Ireland (IE),IE00BDF5KX37,PGIM Jennision Emerging Markets Equity Fond USD I Accumulation,549300GRYCHEAKS2YP94,3236530CH,PGIM Funds Plc,[tom],[tom],"2021,2022,2023,2024,2025,2026",2020
Ireland (IE),IE00BDH3JL65,L&G World Equity Index Fund - C Acc GBP,21380016PBQKIEIZDH29,3430362OH,Legal & General ICAV,[tom],[tom],2021,"2020,2022,2023,2024,2025,2026"
Ireland (IE),IE00BDH3JM72,L&G World Equity Index Fund - I GBP Acc,21380016PBQKIEIZDH29,3430362OH,Legal & General ICAV,[tom],[tom],2021,"2020,2022,2023,2024,2025,2026"
Ireland (IE),IE00BDH3JN89,L&G World Equity Index Fund - Z GBP Acc,21380016PBQKIEIZDH29,3430362OH,Legal & General ICAV,[tom],[tom],2021,"2020,2022,2023,2024,2025,2026"
Ireland (IE),IE00BDVPTJ63,MSCI USA Banks UCITS ETF,254900P9QIPJGCJR6N80,6413802R,XTRACKERS (IE) PLC,[tom],[tom],"2021,2022,2023,2024,2025,2026",2020
Ireland (IE),IE00BDZTSY26,L&G Global Small Cap Equity Index Fund - I Acc EUR,213800VB5QUTO3CKW512,3430362OH,Legal & General ICAV,[tom],[tom],2021,"2020,2022,2023,2024,2025,2026"
Ireland (IE),IE00BDZTSZ33,L&G Global Small Cap Equity Index Fund - P Acc EUR,213800VB5QUTO3CKW512,3430362OH,Legal & General ICAV,[tom],[tom],2021,"2020,2022,2023,2024,2025,2026"
Ireland (IE),IE00BDZTT056,L&G Global Small Cap Equity Index Fund - Z Acc USD,213800VB5QUTO3CKW512,3430362OH,Legal & General ICAV,[tom],[tom],2021,"2020,2022,2023,2024,2025,2026"
Ireland (IE),IE00BDZTT163,L&G Global Small Cap Equity Index Fund - Z Acc EUR,213800VB5QUTO3CKW512,3430362OH,Legal & General ICAV,[tom],[tom],2021,"2020,2022,2023,2024,2025,2026"
Ireland (IE),IE00BDZTT270,L&G Global Small Cap Equity Index Fund - Z GBP Acc,213800VB5QUTO3CKW512,3430362OH,Legal & General ICAV,[tom],[tom],2021,"2020,2022,2023,2024,2025,2026"
Ireland (IE),IE00BDZVHF28,iShares EURO STOXX 50 ex-Financials UCITS ETF EUR (Dist),549300HX7CL0Y7HOMM18,6337171K,iShares EURO STOXX 50 ex-Financials UCITS ETF,[tom],[tom],2020.2021,"2022,2023,2024,2025,2026"
Ireland (IE),IE00BDZVHG35,iShares Nasdaq US Biotechnology UCITS ETF USD (Dist),549300UWG42C3CRLBS47,9732276F,iShares Nasdaq US Biotechnology UCITS ETF,[tom],[tom],"2020,2021,2022,2023,2024,2025,2026",
Ireland (IE),IE00BF1F4Z13,L&G World Equity Index Fund - I Acc EUR Hedged,21380016PBQKIEIZDH29,3430362OH,Legal & General ICAV,[tom],[tom],2021,"2020,2022,2023,2024,2025,2026"
Ireland (IE),IE00BF20LF40,iShares MSCI Europe Mid Cap UCITS ETF EUR (Acc),549300ZC03THKGDO1422,9820931C,iShares MSCI Europe Mid Cap,[tom],[tom],"2020,2021,2022,2023,2024,2025,2026",
Ireland (IE),IE00BF2PG656,iShares Edge MSCI EMU Multifactor UCITS ETF EUR (Acc),549300RCQEVL9DJFYB73,9732276F,iShares Edge MSCI EMU Multifactor UCITS ETF EUR (Acc),[tom],[tom],2020.2021,"2022,2023,2024,2025,2026"
Ireland (IE),IE00BF2QSQ20,iShares Edge MSCI USA Quality Factor UCITS ETF USD (Dist),5493004JBPY1T6KWI878,9732276F,iShares Edge MSCI USA Quality Factor UCITS ETF,[tom],[tom],"2020,2021,2022,2023,2024,2025,2026",
Ireland (IE),IE00BF37GC66,PGIM Jennision Emerging Markets Equity Fond USD A Accumulation,549300GRYCHEAKS2YP94,3236530CH,PGIM Funds Plc,[tom],[tom],"2021,2022,2023,2024,2025,2026",2020
Ireland (IE),IE00BF4G6Y48,JPM Global Research Enhanced Index Equity (ESG) UCITS ETF - USD (acc),[tom],[tom],JPMorgan ETFs (Ireland) ICAV - Global Research Enhanced Index Equity (ESG) UCITS ETF,[tom],[tom],"2020,2021,2022,2023,2024,2025,2026",
Ireland (IE),IE00BF4G6Z54,JPM Global Emerging Markets Research Enhanced Index Equity (ESG) UCITS ETF - USD (acc),[tom],[tom],JPMorgan ETFs (Ireland) ICAV - Global Emerging Markets Research Enhanced Index Equity (ESG) UCITS ETF,[tom],[tom],"2020,2021,2022,2023,2024,2025,2026",
Ireland (IE),IE00BF4G7076,JPM US Research Enhanced Index Equity (ESG) UCITS ETF - USD (acc),[tom],[tom],JPMorgan ETFs (Ireland) ICAV - US Research Enhanced Index Equity (ESG) UCITS ETF,[tom],[tom],"2020,2021,2022,2023,2024,2025,2026",
Ireland (IE),IE00BF4G7183,JPM Europe Research Enhanced Index Equity (ESG) UCITS ETF - EUR (acc),[tom],[tom],JPMorgan ETFs (Ireland) ICAV - Europe Research Enhanced Index Equity (ESG) UCITS ETF,[tom],[tom],"2020,2021,2022,2023,2024,2025,2026",
Ireland (IE),IE00BF4RFH31,iShares MSCI World Small Cap UCITS ETF USD (Acc),549300NWKWVYDYY6N595,9675767K,iShares MSCI World Small Cap UCITS ETF,[tom],[tom],"2020,2021,2022,2023,2024,2025,2026",
Ireland (IE),IE00BF4W5P62,Wellington Global Impact Fund USD T Accumulating Unhedged,[tom],[tom],Wellington Global Impact Fund (Wellington Management Funds (Ireland) plc),[tom],[tom],"2020,2021,2022,2023,2024,2025,2026",
Ireland (IE),IE00BF5H4B91,Wellington Global Impact Fund EUR N Accumulating Hedged,[tom],[tom],Wellington Global Impact Fund (Wellington Management Funds (Ireland) plc),[tom],[tom],"2020,2021,2022,2023,2024,2025,2026",
Ireland (IE),IE00BFF5RX68,iShares Edge MSCI USA Value Factor UCITS ETF USD (Dist),549300VVCU62WGKUH912,9732276F,iShares Edge MSCI USA Value Factor UCITS ETF,[tom],[tom],"2020,2021,2022,2023,2024,2025,2026",
Ireland (IE),IE00BFFKV629,L&G Emerging Markets Equity Index Fund - C Acc CHF,213800IO1PW2955JXP63,3430362OH,Legal & General ICAV,[tom],[tom],2021,"2020,2022,2023,2024,2025,2026"
Ireland (IE),IE00BFM15T99,iShares Core MSCI Japan IMI UCITS ETF USD (Dist),549300YHIXN3L7FNZG03,9675767K,iShares Core MSCI Japan IMI UCITS ETF Aggregate,[tom],[tom],"2020,2021,2022,2023,2024,2025,2026",
Ireland (IE),IE00BFMNHK08,Xtrackers ESG MSCI Europe UCITS ETF,549300I5MYV9MCPQD952,6413802R,Xtrackers ESG MSCI Europe UCITS ETF,[tom],[tom],"2020,2021,2022,2023,2024,2025,2026",
Ireland (IE),IE00BFMNPS42,Xtrackers ESG MSCI USA UCITS ETF,549300GV7ND6DPBVN624,6413802R,Xtrackers ESG MSCI USA UCITS ETF,[tom],[tom],"2020,2021,2022,2023,2024,2025,2026",
Ireland (IE),IE00BFNM3B99,iShares MSCI EMU ESG Screened UCITS ETF EUR (Acc),549300U5Z3MHQ7DOUE07,9732276F,iShares MSCI EMU ESG Screened UCITS ETF,[tom],[tom],"2020,2021,2022,2023,2024,2025,2026",
Ireland (IE),IE00BFNM3C07,iShares MSCI EMU ESG Screened UCITS ETF EUR (Dist),549300U5Z3MHQ7DOUE07,9732276F,iShares MSCI EMU ESG Screened UCITS ETF,[tom],[tom],"2020,2021,2022,2023,2024,2025,2026",
Ireland (IE),IE00BFNM3D14,iShares MSCI Europe ESG Screened UCITS ETF EUR (Acc),549300S3KFTDNOPFE431,9732276F,iShares MSCI Europe ESG Screened UCITS ETF Aggregate,[tom],[tom],"2020,2021,2022,2023,2024,2025,2026",
Ireland (IE),IE00BFNM3F38,iShares MSCI Europe ESG Screened UCITS ETF EUR (Dist),549300S3KFTDNOPFE431,9732276F,iShares MSCI Europe ESG Screened UCITS ETF Aggregate,[tom],[tom],"2020,2021,2022,2023,2024,2025,2026",
Ireland (IE),IE00BFNM3G45,iShares MSCI USA ESG Screened UCITS ETF USD (Acc),549300BLVKFCJMDP8280,9732276F,iShares MSCI USA ESG Screened UCITS ETF,[tom],[tom],"2020,2021,2022,2023,2024,2025,2026",
Ireland (IE),IE00BFNM3H51,iShares MSCI USA ESG Screened UCITS ETF USD (Dist),549300BLVKFCJMDP8280,9732276F,iShares MSCI USA ESG Screened UCITS ETF,[tom],[tom],"2020,2021,2022,2023,2024,2025,2026",
Ireland (IE),IE00BFNM3J75,iShares MSCI World ESG Screened UCITS ETF USD (Acc),549300PJ834GSEZFJD97,9732276F,iShares MSCI World ESG Screened UCITS ETF,[tom],[tom],"2020,2021,2022,2023,2024,2025,2026",
Ireland (IE),IE00BFNM3K80,iShares MSCI World ESG Screened UCITS ETF USD (Dist),549300PJ834GSEZFJD97,9732276F,iShares MSCI World ESG Screened UCITS ETF,[tom],[tom],"2020,2021,2022,2023,2024,2025,2026",
Ireland (IE),IE00BFNM3L97,iShares MSCI Japan ESG Screened UCITS ETF USD (Acc),549300JZKF3U77DJ8N18,9732276F,iShares MSCI Japan ESG Screened UCITS ETF,[tom],[tom],"2020,2021,2022,2023,2024,2025,2026",
Ireland (IE),IE00BFNM3M05,iShares MSCI Japan ESG Screened UCITS ETF USD (Dist),549300JZKF3U77DJ8N18,9732276F,iShares MSCI Japan ESG Screened UCITS ETF,[tom],[tom],"2020,2021,2022,2023,2024,2025,2026",
Ireland (IE),IE00BFNM3N12,iShares MSCI EM IMI ESG Screened UCITS ETF USD (Dist),549300MKO3GUGVHMFR79,9732276F,iShares MSCI EM IMI ESG Screened UCITS ETF,[tom],[tom],"2020,2021,2022,2023,2024,2025,2026",
Ireland (IE),IE00BFNM3P36,iShares MSCI EM IMI ESG Screened UCITS ETF USD (Acc),549300MKO3GUGVHMFR79,9732276F,iShares MSCI EM IMI ESG Screened UCITS ETF,[tom],[tom],"2020,2021,2022,2023,2024,2025,2026",
Ireland (IE),IE00BFYTYS33,iShares Edge MSCI World Value Factor UCITS ETF USD (Dist),549300QDVIIRJNHLD130,9732276F,iShares Edge MSCI World Value Factor UCITS Aggregate,[tom],[tom],"2020,2021,2022,2023,2024,2025,2026",
Ireland (IE),IE00BFZ58P54,Wellington Global Impact Fund GBP S Accumulating Unhedged,[tom],[tom],Wellington Global Impact Fund (Wellington Management Funds (Ireland) plc),[tom],[tom],"2020,2021,2022,2023,2024,2025,2026",
Ireland (IE),IE00BFZ58Q61,Wellington Global Impact Fund GBP S Distributing Unhedged,[tom],[tom],Wellington Global Impact Fund (Wellington Management Funds (Ireland) plc),[tom],[tom],"2020,2021,2022,2023,2024,2025,2026",
Ireland (IE),IE00BG0J4841,iShares Digital Security UCITS ETF USD (Dist),5493000R70WDV8KK4W04,9744562W,iShares Digital Security UCITS ETF USD,[tom],[tom],"2020,2021,2022,2023,2024,2025,2026",
Ireland (IE),IE00BG0J4C88,iShares Digital Security UCITS ETF,5493000R70WDV8KK4W04,9744562W,iShares Digital Security UCITS ETF USD,[tom],[tom],"2020,2021,2022,2023,2024,2025,2026",
Ireland (IE),IE00BG0SKF03,iShares Edge MSCI EM Value Factor UCITS ETF USD (Acc),549300GM3P1Y55YCKU46,9732276F,iShares Edge MSCI EM Value Factor UCITS ETF USD (Acc),[tom],[tom],"2020,2021,2022,2023,2024,2025,2026",
Ireland (IE),IE00BG0VVF62,L&G Emerging Markets Equity Index Fund - C Acc USD,213800IO1PW2955JXP63,3430362OH,Legal & General ICAV,[tom],[tom],2021,"2020,2022,2023,2024,2025,2026"
Ireland (IE),IE00BG0VVG79,L&G Global Small Cap Equity Index Fund - C GBP Acc,213800VB5QUTO3CKW512,3430362OH,Legal & General ICAV,[tom],[tom],2021,"2020,2022,2023,2024,2025,2026"
Ireland (IE),IE00BG11HV38,iShares MSCI World ESG Enhanced UCITS ETF USD (Dist),549300AR85KFWSBWR325,9732276F,iShares MSCI World ESG Enhanced UCITS ETF,[tom],[tom],"2020,2021,2022,2023,2024,2025,2026",
Ireland (IE),IE00BG13YG34,iShares Edge MSCI Europe Quality Factor UCITS ETF EUR (Dist),549300IJLMFQS0CRMH83,9732276F,iShares Edge MSCI Europe Quality Factor UCITS ETF,[tom],[tom],"2020,2021,2022,2023,2024,2025,2026",
Ireland (IE),IE00BG13YH41,iShares Edge MSCI Europe Value Factor UCITS ETF EUR (Dist),549300HLTC3Q416QVS51,9732276F,iShares Edge MSCI Europe Value Factor UCITS ETF Aggregate,[tom],[tom],"2020,2021,2022,2023,2024,2025,2026",
Ireland (IE),IE00BG13YJ64,iShares Edge MSCI Europe Momentum Factor UCITS ETF EUR (Dist),549300V5STXMIYHRXU90,9732276F,iShares Edge MSCI Europe Momentum Factor UCITS ETF EUR Aggregate,[tom],[tom],"2020,2021,2022,2023,2024,2025,2026",
Ireland (IE),IE00BG13YK79,iShares Edge MSCI Europe Minimum Volatility UCITS ETF EUR (Dist),5493007YEK3XTBFTJX46,9820931C,iShares Edge MSCI Europe Minimum Volatility UCITS ETF EUR,[tom],[tom],"2020,2021,2022,2023,2024,2025,2026",
Ireland (IE),IE00BG13YL86,iShares Edge MSCI Europe Multifactor UCITS ETF EUR (Dist),549300P90JH4AUVK4N43,9732276F,iShares Edge MSCI Europe Multifactor UCITS ETF EUR Aggregate,[tom],[tom],"2020,2021,2022,2023,2024,2025,2026",
Ireland (IE),IE00BG13YZ23,iShares Edge MSCI USA Multifactor UCITS ETF USD (Dist),549300IY204XMDR7C597,9732276F,iShares Edge MSCI USA Multifactor UCITS ETF,[tom],[tom],"2020,2021,2022,2023,2024,2025,2026",
Ireland (IE),IE00BG36TC12,Xtrackers ESG MSCI Japan UCITS ETF,549300VT3CD217Z7Q476,6413802R,Xtrackers ESG MSCI Japan UCITS ETF,[tom],[tom],"2020,2021,2022,2023,2024,2025,2026",
Ireland (IE),IE00BG370F43,MSCI Emerging Markets ESG UCITS ETF,54930068DSSGNFYYVR85,6413802R,XTRACKERS (IE) PLC,[tom],[tom],"2021,2022,2023,2024,2025,2026",2020
Ireland (IE),IE00BG377F38,PGIM Jennision Emerging Markets Equity Fond USD P Accumulation,549300GRYCHEAKS2YP94,3236530CH,PGIM Funds Plc,[tom],[tom],"2021,2022,2023,2024,2025,2026",2020
Ireland (IE),IE00BG377G45,PGIM Jennison Global Equity opportunities Fund EUR P Accumulation,5493002FW5CWTWR3XP18,3236530CH,PGIM Funds Plc,[tom],[tom],"2021,2022,2023,2024,2025,2026",2020
Ireland (IE),IE00BG377J75,PGIM Jennison Global Equity opportunities Fund US Dollar Accumulation P Class,5493002FW5CWTWR3XP18,3236530CH,PGIM Funds Plc,[tom],[tom],"2021,2022,2023,2024,2025,2026",2020
Ireland (IE),IE00BGDPWW94,iShares MSCI Europe SRI UCITS ETF EUR (Dist),5493004L12342YG66X18,6337171K,iShares MSCI Europe SRI UCITS ETF,[tom],[tom],"2020,2021,2022,2023,2024,2025,2026",
Ireland (IE),IE00BGDQ0T50,iShares MSCI EM SRI UCITS ETF USD (Dist),549300HO4U1CHS2KDY84,9732276F,iShares MSCI EM SRI UCITS ETF,[tom],[tom],"2020,2021,2022,2023,2024,2025,2026",
Ireland (IE),IE00BGDQ0V72,iShares MSCI Japan SRI UCITS ETF USD (Dist),5493008QUFWISCR0X676,9732276F,iShares MSCI Japan SRI UCITS ETF,[tom],[tom],"2020,2021,2022,2023,2024,2025,2026",
Ireland (IE),IE00BGHQ0G80,Xtrackers MSCI AC World UCITS ETF,549300T1PSHCUYSNHE68,6413802R,Xtrackers MSCI AC World UCITS ETF,[tom],[tom],"2020,2021,2022,2023,2024,2025,2026",
Ireland (IE),IE00BGJVXP15,PGIM Jennison Global Equity opportunities Fund US T Accumulation,5493002FW5CWTWR3XP18,3236530CH,PGIM Funds Plc,[tom],[tom],"2021,2022,2023","2020,2024,2025,2026"
Ireland (IE),IE00BGL86Z12,iShares Electric Vehicles and Driving Technology UCITS ETF USD (Acc),549300375QL47YZEOY80,9732276F,iShares Electric Vehicles and Driving Technology UCITS ETF,[tom],[tom],"2020,2021,2022,2023,2024,2025,2026",
Ireland (IE),IE00BGPNQX08,Wellington Global Impact Fund GBP N Accumulating Unhedged,[tom],[tom],Wellington Global Impact Fund (Wellington Management Funds (Ireland) plc),[tom],[tom],"2020,2021,2022,2023,2024,2025,2026",
Ireland (IE),IE00BGQYRQ28,Xtrackers MSCI USA Consumer Staples UCITS ETF,54930096GV0MTBBDYV48,6413802R,XTRACKERS (IE) PLC,[tom],[tom],"2021,2022,2023,2024,2025,2026",2020
Ireland (IE),IE00BGQYRR35,Xtrackers MSCI USA Consumer Discretionary UCITS ETF,549300E63DJSRCJZ6614,6413802R,XTRACKERS (IE) PLC,[tom],[tom],"2021,2022,2023,2024,2025,2026",2020
Ireland (IE),IE00BGQYRS42,Xtrackers MSCI USA Information Technology UCITS ETF,549300M6JAZI5LWML141,6413802R,XTRACKERS (IE) PLC,[tom],[tom],"2021,2022,2023,2024,2025,2026",2020
Ireland (IE),IE00BGV5VM45,S&P Europe ex UK UCITS ETF,254900AV94BB0XCLC120,6413802R,XTRACKERS (IE) PLC,[tom],[tom],"2021,2022,2023,2024,2025,2026",2020
Ireland (IE),IE00BGV5VN51,Artificial Intelligence & Big Data UCITS ETF,254900X8OXFNVMRD9308,6413802R,XTRACKERS (IE) PLC,[tom],[tom],"2021,2022,2023,2024,2025,2026",2020
Ireland (IE),IE00BGV5VR99,Future Mobility UCITS ETF,254900BN65IWB0RK9A45,6413802R,XTRACKERS (IE) PLC,[tom],[tom],"2021,2022,2023,2024,2025,2026",2020
Ireland (IE),IE00BH0P2N00,L&G Global Small Cap Equity Index Fund - I Inc EUR,213800VB5QUTO3CKW512,3430362OH,Legal & General ICAV,[tom],[tom],2021,"2020,2022,2023,2024,2025,2026"
Ireland (IE),IE00BH0P2P24,L&G Global Small Cap Equity Index Fund - Z Inc EUR,213800VB5QUTO3CKW512,3430362OH,Legal & General ICAV,[tom],[tom],2021,"2020,2022,2023,2024,2025,2026"
Ireland (IE),IE00BHR48C19,Wellington Global Impact Fund EUR D Accumulating Hedged,[tom],[tom],Wellington Global Impact Fund (Wellington Management Funds (Ireland) plc),[tom],[tom],"2020,2021,2022,2023,2024,2025,2026",
Ireland (IE),IE00BHR48D26,Wellington Global Impact Fund EUR D Accumulating Unhedged,[tom],[tom],Wellington Global Impact Fund (Wellington Management Funds (Ireland) plc),[tom],[tom],"2020,2021,2022,2023,2024,2025,2026",
Ireland (IE),IE00BHZPHZ28,iShares MSCI EMU ESG Enhanced UCITS ETF EUR (Dist),549300RK8O3KJI0NF422,9732276F,iShares MSCI EMU ESG Enhanced UCITS ETF,[tom],[tom],"2020,2021,2022,2023,2024,2025,2026",
Ireland (IE),IE00BHZPJ015,iShares MSCI EMU ESG Enhanced UCITS ETF EUR (Acc),549300RK8O3KJI0NF422,9732276F,iShares MSCI EMU ESG Enhanced UCITS ETF,[tom],[tom],"2020,2021,2022,2023,2024,2025,2026",
Ireland (IE),IE00BHZPJ346,iShares MSCI Japan ESG Enhanced UCITS ETF USD (Dist),549300LU1VWGBF3SZC14,9732276F,iShares MSCI Japan ESG Enhanced UCITS ETF,[tom],[tom],"2020,2021,2022,2023,2024,2025,2026",
Ireland (IE),IE00BHZPJ452,iShares MSCI Japan ESG Enhanced UCITS ETF USD (Acc),549300LU1VWGBF3SZC14,9732276F,iShares MSCI Japan ESG Enhanced UCITS ETF,[tom],[tom],"2020,2021,2022,2023,2024,2025,2026",
Ireland (IE),IE00BHZPJ569,iShares MSCI World ESG Enhanced UCITS ETF USD (Acc),549300AR85KFWSBWR325,9732276F,iShares MSCI World ESG Enhanced UCITS ETF,[tom],[tom],"2020,2021,2022,2023,2024,2025,2026",
Ireland (IE),IE00BHZPJ676,iShares MSCI Europe ESG Enhanced UCITS ETF EUR (Dist),549300T6AC8EPCHOUG55,9732276F,iShares MSCI Europe ESG Enhanced UCITS ETF,[tom],[tom],"2020,2021,2022,2023,2024,2025,2026",
Ireland (IE),IE00BHZPJ783,iShares MSCI Europe ESG Enhanced UCITS ETF EUR (Acc),549300T6AC8EPCHOUG55,9732276F,iShares MSCI Europe ESG Enhanced UCITS ETF,[tom],[tom],"2020,2021,2022,2023,2024,2025,2026",
Ireland (IE),IE00BHZPJ890,iShares MSCI USA ESG Enhanced UCITS ETF USD (Dist),549300PTVL1DE64P2X83,9732276F,iShares MSCI USA ESG Enhanced UCITS ETF,[tom],[tom],"2020,2021,2022,2023,2024,2025,2026",
Ireland (IE),IE00BHZPJ908,iShares MSCI USA ESG Enhanced UCITS ETF USD (Acc),549300PTVL1DE64P2X83,9732276F,iShares MSCI USA ESG Enhanced UCITS ETF,[tom],[tom],"2020,2021,2022,2023,2024,2025,2026",
Ireland (IE),IE00BJ06C044,JPM US Research Enhanced Index Equity (ESG) UCITS ETF - USD (dist),[tom],[tom],JPMorgan ETFs (Ireland) ICAV - US Research Enhanced Index Equity (ESG) UCITS ETF,[tom],[tom],"2021,2022,2023,2024,2025,2026",2020
Ireland (IE),IE00BJ0KDQ92,Xtrackers MSCI World UCITS ETF,549300ZPCMJ0UKSMRS71,6413802R,Xtrackers MSCI World UCITS ETF,[tom],[tom],"2020,2021,2022,2023,2024,2025,2026",
Ireland (IE),IE00BJ0KDR00,X-trackers MSCI USA,549300J9YPZW8OQXLF38,[tom],X-trackers MSCI USA,[tom],[tom],"2020,2021,2022,2023,2024,2025,2026",
Ireland (IE),IE00BJ5JPG56,iShares MSCI China UCITS ETF USD (Acc),549300WPWJ4OL6RFLW59,9732276F,iShares MSCI China UCITS ETF Agg,[tom],[tom],"2020,2021,2022,2023,2024,2025,2026",
Ireland (IE),IE00BJ5JPJ87,iShares MSCI Saudi Arabia Capped UCITS ETF USD (Dist),549300RMXDI6J4QPDC39,9675767K,iShares MSCI Saudi Arabia Capped UCITS ETF,[tom],[tom],"2020,2021,2022,2023,2024,2025,2026",
Ireland (IE),IE00BJH4Y507,Wellington Global Impact Fund GBP T Accumulating Unhedged,[tom],[tom],Wellington Global Impact Fund (Wellington Management Funds (Ireland) plc),[tom],[tom],"2020,2021,2022,2023,2024,2025,2026",
Ireland (IE),IE00BJK9H753,JPM BetaBuilders US Equity UCITS ETF - USD (acc),[tom],[tom],JPMorgan ETFs (Ireland) ICAV - BetaBuilders US Equity UCITS ETF,[tom],[tom],"2020,2021,2022,2023,2024,2025,2026",
Ireland (IE),IE00BJK9H860,JPM BetaBuilders US Equity UCITS ETF - USD (dist),[tom],[tom],JPMorgan ETFs (Ireland) ICAV - BetaBuilders US Equity UCITS ETF,[tom],[tom],"2020,2021,2022,2023,2024,2025,2026",
Ireland (IE),IE00BJRCLK89,JPM US Equity Multi-Factor UCITS ETF - USD (acc),[tom],[tom],JPMorgan ETFs (Ireland) ICAV - US Equity Multi-Factor UCITS ETF,[tom],[tom],"2020,2021,2022","2023,2024,2025,2026"
Ireland (IE),IE00BJRCLL96,JPM Global Equity Multi-Factor UCITS ETF - USD (acc),[tom],[tom],JPMorgan ETFs (Ireland) ICAV - Global Equity Multi-Factor UCITS ETF,[tom],[tom],"2020,2021,2022,2023,2024,2025,2026",
Ireland (IE),IE00BJYLXH98,L&G Emerging Markets Equity Index Fund - Z Inc EUR,213800IO1PW2955JXP63,3430362OH,Legal & General ICAV,[tom],[tom],2021,"2020,2022,2023,2024,2025,2026"
Ireland (IE),IE00BJYM1W38,Wellington Global Impact Fund AUD T Accumulating Unhedged,[tom],[tom],Wellington Global Impact Fund (Wellington Management Funds (Ireland) plc),[tom],[tom],2020.2021,"2022,2023,2024,2025,2026"
Ireland (IE),IE00BJYM1X45,Wellington Global Impact Fund AUD T Accumulating Hedged,[tom],[tom],Wellington Global Impact Fund (Wellington Management Funds (Ireland) plc),[tom],[tom],2020.2021,"2022,2023,2024,2025,2026"
Ireland (IE),IE00BJZ2DD79,Russell 2000 UCITS UCITS ETF,549300RDZXTM5DJWDC22,6413802R,XTRACKERS (IE) PLC,[tom],[tom],"2021,2022,2023,2024,2025,2026",2020
Ireland (IE),IE00BK1WXV60,L&G Emerging Markets Equity Index Fund - C Acc GBP,213800IO1PW2955JXP63,3430362OH,Legal & General ICAV,[tom],[tom],2021,"2020,2022,2023,2024,2025,2026"
Ireland (IE),IE00BKBF6616,iShares Core MSCI EMU UCITS ETF USD Hedged (Acc),549300YLDSYN6EEWJA95,9520708B,iShares Core MSCI EMU,[tom],[tom],"2020,2021,2022,2023,2024,2025,2026",
Ireland (IE),IE00BKBF6H24,iShares Core MSCI World UCITS ETF EUR Hedged (Dist),549300QS4Q1IT6XCA514,9675767K,iShares Core MSCI World,[tom],[tom],"2020,2021,2022,2023,2024,2025,2026",
Ireland (IE),IE00BKM4GZ66,iShares Core MSCI EM IMI UCITS ETF USD (Acc),549300HAPVPBRLCT6I96,6339052M,iShares Core MSCI EM IMI UCITS ETF,[tom],[tom],"2020,2021,2022,2023,2024,2025,2026",
Ireland (IE),IE00BKM4H197,iShares MSCI EM Consumer Growth UCITS ETF USD (Acc),549300FCZ1FCH5HM2994,9744562W,iShares MSCI EM Consumer Growth UCITS ETF USD (Acc),[tom],[tom],"2020,2021,2022,2023,2024,2025,2026",
Ireland (IE),IE00BKM4H312,iShares MSCI USA Quality Dividend Advanced UCITS ETF USD (Dist),549300CHQNQSKGUURZ87,6337171K,iShares MSCI USA Quality Dividend Advanced UCITS ETF,[tom],[tom],"2020,2021,2022,2023,2024,2025,2026",
Ireland (IE),IE00BL25JL35,Xtrackers MSCI World Quality UCITS ETF,549300IILXM4ST526335,6413802R,Xtrackers MSCI World Quality UCITS ETF,[tom],[tom],"2020,2021,2022,2023,2024,2025,2026",
Ireland (IE),IE00BL25JM42,Xtrackers MSCI World Value UCITS ETF,5493003ZC4YBJJRSAX18,6413802R,Xtrackers MSCI World Value UCITS ETF,[tom],[tom],"2020,2021,2022,2023,2024,2025,2026",
Ireland (IE),IE00BL25JN58,Xtrackers MSCI World Minimum Volatility UCITS ETF,54930014T94RHSFQFQ97,6413802R,Xtrackers MSCI World Minimum Volatility UCITS ETF,[tom],[tom],"2020,2021,2022,2023,2024,2025,2026",
Ireland (IE),IE00BL25JP72,Xtrackers MSCI World Momentum UCITS ETF,549300JTUIN0HTFEH791,6413802R,Xtrackers MSCI World Momentum UCITS ETF,[tom],[tom],"2020,2021,2022,2023,2024,2025,2026",
Ireland (IE),IE00BLNMYC90,S&P Equal weight UCITS ETF,549300K5EREWUG10PC82,6413802R,XTRACKERS (IE) PLC,[tom],[tom],"2021,2022,2023,2024,2025,2026",2020
Ireland (IE),IE00BM67HK77,Xtrackers MSCI World Health Care UCITS ETF,549300J9P50W4IOBWS91,6413802R,Xtrackers MSCI World Health Care UCITS ETF,[tom],[tom],"2020,2021,2022,2023,2024,2025,2026",
Ireland (IE),IE00BM67HL84,Xtrackers MSCI World Financials UCITS ETF,54930037UOCTZSIPKX79,6413802R,Xtrackers MSCI World Financials UCITS ETF,[tom],[tom],"2020,2021,2022,2023,2024,2025,2026",
Ireland (IE),IE00BM67HM91,Xtrackers MSCI World Energy UCITS ETF,549300PD0M2UW0Y2XV93,6413802R,Xtrackers MSCI World Energy UCITS ETF,[tom],[tom],"2020,2021,2022,2023,2024,2025,2026",
Ireland (IE),IE00BM67HN09,Xtrackers MSCI World Consumer Staples UCITS ETF,549300SWTOHJYCRTIU71,6413802R,Xtrackers MSCI World Consumer Staples UCITS ETF,[tom],[tom],"2020,2021,2022,2023,2024,2025,2026",
Ireland (IE),IE00BM67HP23,Xtrackers MSCI World Consumer Discretionary UCITS ETF,549300OF256895TPBN07,6413802R,Xtrackers MSCI World Consumer Discretionary UCITS ETF,[tom],[tom],"2020,2021,2022,2023,2024,2025,2026",
Ireland (IE),IE00BM67HQ30,Xtrackers MSCI World Utilities UCITS ETF,5493005SK6V4E5KRXN82,6413802R,Xtrackers MSCI World Utilities UCITS ETF,[tom],[tom],"2020,2021,2022,2023,2024,2025,2026",
Ireland (IE),IE00BM67HR47,Xtrackers MSCI World Communication Services UCITS ETF,549300RZO14LB1V7K773,6413802R,Xtrackers MSCI World Communication Services UCITS ETF,[tom],[tom],"2020,2021,2022,2023,2024,2025,2026",
Ireland (IE),IE00BM67HS53,Xtrackers MSCI World Materials UCITS ETF,5493001RFO47M71FEX43,6413802R,Xtrackers MSCI World Materials UCITS ETF,[tom],[tom],"2020,2021,2022,2023,2024,2025,2026",
Ireland (IE),IE00BM67HT60,Xtrackers MSCI World Information Technology UCITS ETF,549300CM6KL5NIENK841,6413802R,Xtrackers MSCI World Information Technology UCITS ETF,[tom],[tom],"2020,2021,2022,2023,2024,2025,2026",
Ireland (IE),IE00BM67HV82,Xtrackers MSCI World Industrials UCITS ETF,549300749B86R75HG635,6413802R,Xtrackers MSCI World Industrials UCITS ETF,[tom],[tom],"2020,2021,2022,2023,2024,2025,2026",
Ireland (IE),IE00BM67HW99,X-trackers S&P 500,549300NZCAJCKZWK5644,[tom],X-trackers S&P 500,[tom],[tom],"2020,2021,2022,2023,2024,2025,2026",
Ireland (IE),IE00BP3QZ601,iShares Edge MSCI World Quality Factor UCITS ETF USD (Acc),549300JYU88HR0UW6N22,9732276F,iShares Edge MSCI World Quality Factor UCITS ETF USD Aggregate,[tom],[tom],"2020,2021,2022,2023,2024,2025,2026",
Ireland (IE),IE00BP3QZ825,iShares Edge MSCI World Momentum Factor UCITS ETF USD (Acc),549300WHO2N3L45QIZ60,9732276F,iShares Edge MSCI World Momentum Factor UCITS ETF USD Aggregate,[tom],[tom],"2020,2021,2022,2023,2024,2025,2026",
Ireland (IE),IE00BP3QZB59,iShares Edge MSCI World Value Factor UCITS ETF USD (Acc),549300QDVIIRJNHLD130,9732276F,iShares Edge MSCI World Value Factor UCITS Aggregate,[tom],[tom],"2020,2021,2022,2023,2024,2025,2026",
Ireland (IE),IE00BP3QZD73,iShares Edge MSCI World Size Factor UCITS ETF USD (Acc),549300T2SWZYP4I5KA12,9732276F,iShares Edge MSCI World Size Factor UCITS ETF USD,[tom],[tom],"2020,2021,2022,2023,2024,2025,2026",
Ireland (IE),IE00BP3QZJ36,iShares MSCI France UCITS ETF EUR (Acc),549300T6DN4CHYH77S11,9732276F,iShares MSCI France UCITS ETF EUR (Acc),[tom],[tom],"2020,2021,2022,2023,2024,2025,2026",
Ireland (IE),IE00BQN1K562,iShares Edge MSCI Europe Quality Factor UCITS ETF EUR (Acc),549300IJLMFQS0CRMH83,9732276F,iShares Edge MSCI Europe Quality Factor UCITS ETF,[tom],[tom],"2020,2021,2022,2023,2024,2025,2026",
Ireland (IE),IE00BQN1K786,iShares Edge MSCI Europe Momentum Factor UCITS ETF EUR (Acc),549300V5STXMIYHRXU90,9732276F,iShares Edge MSCI Europe Momentum Factor UCITS ETF EUR Aggregate,[tom],[tom],"2020,2021,2022,2023,2024,2025,2026",
Ireland (IE),IE00BQN1K901,iShares Edge MSCI Europe Value Factor UCITS ETF EUR (Acc),549300HLTC3Q416QVS51,9732276F,iShares Edge MSCI Europe Value Factor UCITS ETF Aggregate,[tom],[tom],"2020,2021,2022,2023,2024,2025,2026",
Ireland (IE),IE00BQN1KC32,iShares Edge MSCI Europe Size Factor UCITS ETF EUR (Acc),549300W2MR2JR2W44O37,9732276F,iShares Edge MSCI Europe Size Factor UCITS ETF EUR (Acc),[tom],[tom],"2020,2021,2022,2023,2024,2025,2026",
Ireland (IE),IE00BQT3VN15,iShares US Equity Buyback Achievers UCITS ETF USD (Acc),549300JV8ODB00N1Y678,9732276F,iShares US Equity Buyback Achievers UCITS ETF USD (Acc),[tom],[tom],2020.2021,"2022,2023,2024,2025,2026"
Ireland (IE),IE00BQT3WG13,iShares MSCI China A UCITS ETF USD (Acc),549300WPWJ4OL6RFLW59,9732276F,iShares MSCI China A UCITS ETF USD (Acc),[tom],[tom],"2020,2021,2022,2023,2024,2025,2026",
Ireland (IE),IE00BRB36B93,X-trackers JPX-Nikkei 400,549300DIT7F25Z1MYN06,[tom],X-trackers JPX-Nikkei 400,[tom],[tom],"2020,2021,2022,2023,2024,2025,2026",
Ireland (IE),IE00BTJRMP35,Xtrackers MSCI Emerging Markets UCITS ETF,5493002C2LG0TVRY4T35,6413802R,Xtrackers MSCI Emerging Markets UCITS ETF,[tom],[tom],"2020,2021,2022,2023,2024,2025,2026",
Ireland (IE),IE00BWK1SP74,iShares MSCI EMU CHF Hedged UCITS ETF (Acc),549300GUCBMJOQ0W7H25,9520708B,iShares MSCI EMU CHF Hedged UCITS ETF (Acc),[tom],[tom],2020.2021,"2022,2023,2024,2025,2026"
Ireland (IE),IE00BWZN1T31,iShares MSCI EMU USD Hedged UCITS ETF (Acc),549300V82EMCD7FBA781,9520708B,iShares MSCI EMU USD Hedged UCITS ETF (Acc),[tom],[tom],2020.2021,"2022,2023,2024,2025,2026"
Ireland (IE),IE00BYQ65155,Euro A Acc,549300FSGVT51FU8A834,[tom],"PGIM Funds Public Limited Company, QMA Global Small Cap Equity Fund",[tom],[tom],2020.2021,"2022,2023,2024,2025,2026"
Ireland (IE),IE00BYQ65486,USD A Acc,549300FSGVT51FU8A834,[tom],"PGIM Funds Public Limited Company, QMA Global Small Cap Equity Fund",[tom],[tom],2020.2021,"2022,2023,2024,2025,2026"
Ireland (IE),IE00BYQ65593,Euro I Acc,549300FSGVT51FU8A834,[tom],"PGIM Funds Public Limited Company, QMA Global Small Cap Equity Fund",[tom],[tom],2020.2021,"2022,2023,2024,2025,2026"
Ireland (IE),IE00BYQ65825,USD I Acc,549300FSGVT51FU8A834,[tom],"PGIM Funds Public Limited Company, QMA Global Small Cap Equity Fund",[tom],[tom],2020.2021,"2022,2023,2024,2025,2026"
Ireland (IE),IE00BYV6MS67,PGIM Jennison Global Equity opportunities Fund US Dollar Accumulation I Class,5493002FW5CWTWR3XP18,3236530CH,PGIM Funds Plc,[tom],[tom],"2021,2022,2023,2024,2025,2026",2020
Ireland (IE),IE00BYV6MT74,PGIM Jennison Global Equity opportunities Fund USD II Accumulation,5493002FW5CWTWR3XP18,3236530CH,PGIM Funds Plc,[tom],[tom],"2021,2022,2023","2020,2024,2025,2026"
Ireland (IE),IE00BYVJRP78,iShares MSCI EM SRI UCITS ETF USD (Acc),549300HO4U1CHS2KDY84,9732276F,iShares MSCI EM SRI UCITS ETF,[tom],[tom],"2020,2021,2022,2023,2024,2025,2026",
Ireland (IE),IE00BYVJRQ85,iShares MSCI Japan SRI EUR Hedged UCITS ETF (Acc),5493008QUFWISCR0X676,9732276F,iShares MSCI Japan SRI EUR Hedged UCITS ETF (Acc),[tom],[tom],2020.2021,"2022,2023,2024,2025,2026"
Ireland (IE),IE00BYVJRR92,iShares MSCI USA SRI UCITS ETF USD (Acc),549300KGWF4HEQR2MF81,9732276F,iShares MSCI USA SRI UCITS ETF Aggregate,[tom],[tom],"2020,2021,2022,2023,2024,2025,2026",
Ireland (IE),IE00BYVQ3R21,Wellington Global Impact Fund EUR N Accumulating Unhedged,549300XX6B6E7SN4RH43,[tom],Wellington Global Impact Fund (Wellington Management Funds (Ireland) plc),[tom],[tom],"2020,2021,2022,2023,2024,2025,2026",
Ireland (IE),IE00BYVQ9F29,iShares Nasdaq 100 UCITS ETF EUR Hedged (Acc),549300KGSK42L101CD76,9520708B,iShares NASDAQ 100 UCITS ETF,[tom],[tom],"2020,2021,2022,2023,2024,2025,2026",
Ireland (IE),IE00BYWYQN22,PGIM Jennision U.S. Growth Fund EUR I Accumulation,549300VGNN4TKHRO7O52,3236530CH,PGIM Fund Plc,[tom],[tom],"2021,2022,2023,2024,2025,2026",2020
Ireland (IE),IE00BYWYQQ52,PGIM Jennision U.S. Growth Fund GBP I Distribution,549300VGNN4TKHRO7O52,3236530CH,PGIM Fund Plc,[tom],[tom],"2021,2022,2023","2020,2024,2025,2026"
Ireland (IE),IE00BYWYQR69,PGIM Jennision U.S. Growth Fund USD I Accumulation,549300VGNN4TKHRO7O52,3236530CH,PGIM Funds Plc,[tom],[tom],"2021,2022,2023,2024,2025,2026",2020
Ireland (IE),IE00BYWYQV06,PGIM Jennision U.S. Growth Fund EUR A Accumulation,549300VGNN4TKHRO7O52,3236530CH,PGIM Fund Plc,[tom],[tom],"2021,2022,2023,2024,2025,2026",2020
Ireland (IE),IE00BYWYQY37,PGIM Jennision U.S. Growth Fund USD A Accumulation,549300VGNN4TKHRO7O52,3236530CH,PGIM Fund Plc,[tom],[tom],"2021,2022,2023,2024,2025,2026",2020
Ireland (IE),IE00BYWZ0333,iShares Automation & Robotics UCITS ETF USD (Dist),549300Q2LD8E37GTY872,9732276F,iShares Automation & Robotics UCITS Aggregate,[tom],[tom],"2020,2021,2022,2023,2024,2025,2026",
Ireland (IE),IE00BYX0WN13,Wellington Global Impact Fund EUR S Accumulating Unhedged,549300XX6B6E7SN4RH43,[tom],Wellington Global Impact Fund (Wellington Management Funds (Ireland) plc),[tom],[tom],"2020,2021,2022,2023,2024,2025,2026",
Ireland (IE),IE00BYX2JD69,iShares MSCI World SRI UCITS ETF EUR (Acc),549300L0WCO1LS1X2138,9732276F,iShares MSCI World SRI UCITS ETF EUR (Acc),[tom],[tom],"2020,2021,2022,2023,2024,2025,2026",
Ireland (IE),IE00BYX4QC02,L&G Asia Pacific ex Japan Equity Index Fund - P Acc EUR,213800LPFTDQVNP63Z92,3430362OH,Legal & General ICAV ,[tom],[tom],2021,"2020,2022,2023,2024,2025,2026"
Ireland (IE),IE00BYX4QD19,L&G Emerging Markets Equity Index Fund - P Acc EUR,213800IO1PW2955JXP63,3430362OH,Legal & General ICAV,[tom],[tom],2021,"2020,2022,2023,2024,2025,2026"
Ireland (IE),IE00BYX4QH56,L&G World Equity Index Fund - P Acc EUR,21380016PBQKIEIZDH29,3430362OH,Legal & General ICAV,[tom],[tom],2021,"2020,2022,2023,2024,2025,2026"
Ireland (IE),IE00BYX4QP31,L&G Europe ex UK Equity Index Fund - P Acc EUR,213800IXB2YO576Y3H12,3430362OH,Legal & General ICAV,[tom],[tom],2021,"2020,2022,2023,2024,2025,2026"
Ireland (IE),IE00BYX5XW24,L&G World Equity Index Fund - I Acc EUR,21380016PBQKIEIZDH29,3430362OH,Legal & General ICAV,[tom],[tom],2021,"2020,2022,2023,2024,2025,2026"
Ireland (IE),IE00BYX5XX31,L&G Europe ex UK Equity Index Fund - I Acc EUR,213800IXB2YO576Y3H12,3430362OH,Legal & General ICAV,[tom],[tom],2021,"2020,2022,2023,2024,2025,2026"
Ireland (IE),IE00BYX5XY48,L&G Emerging Markets Equity Index Fund - I Acc EUR,213800IO1PW2955JXP63,3430362OH,Legal & General ICAV,[tom],[tom],2021,"2020,2022,2023,2024,2025,2026"
Ireland (IE),IE00BYX8XC17,iShares MSCI Japan SRI UCITS ETF,5493008QUFWISCR0X676,9732276F,iShares MSCI Japan SRI UCITS ETF,[tom],[tom],"2020,2021,2022,2023,2024,2025,2026",
Ireland (IE),IE00BYX8XD24,iShares Edge S&P 500 Minimum Volatility UCITS ETF EUR Hedged (Acc),5493004MUUD21P6G7T73,9820931C,iShares Edge S&P 500 Minimum Volatility UCITS ETF,[tom],[tom],"2020,2021,2022,2023,2024,2025,2026",
Ireland (IE),IE00BYXG2H39,iShares Nasdaq US Biotechnology UCITS ETF,549300UWG42C3CRLBS47,9732276F,iShares Nasdaq US Biotechnology UCITS ETF,[tom],[tom],"2020,2021,2022,2023,2024,2025,2026",
Ireland (IE),IE00BYXPXK00,iShares Edge MSCI World Multifactor UCITS ETF EUR Hedged (Acc),5493005J0V87PB74YM91,9820931C,iShares Edge MSCI World Multifactor,[tom],[tom],"2020,2021,2022,2023,2024,2025,2026",
Ireland (IE),IE00BYXPXL17,iShares Edge MSCI World Minimum Volatility UCITS ETF EUR Hedged (Acc),549300WL2LLLS7HFSV96,9820931C,iShares Edge MSCI World Minimum Volatility Aggregate,[tom],[tom],"2020,2021,2022,2023,2024,2025,2026",
Ireland (IE),IE00BYXZ2585,iShares Core MSCI EMU UCITS ETF EUR (Dist),549300YLDSYN6EEWJA95,9520708B,iShares Core MSCI EMU,[tom],[tom],"2020,2021,2022,2023,2024,2025,2026",
Ireland (IE),IE00BYYHSM20,iShares MSCI Europe Quality Dividend UCITS ETF,549300EB0GSLQG6E2Q53,6337171K,iShares MSCI Europe Quality Dividend UCITS ETF,[tom],[tom],"2020,2021,2022,2023,2024,2025,2026",
Ireland (IE),IE00BYYHSQ67,iShares MSCI World Quality Dividend UCITS ETF,549300SFO7MVV1V36V77,6337171K,iShares MSCI World Quality Dividend UCITS ETF USD (Dist),[tom],[tom],"2020,2021,2022,2023,2024,2025,2026",
Ireland (IE),IE00BYYR0489,iShares MSCI Saudi Arabia Capped UCITS ETF USD (Acc),549300RMXDI6J4QPDC39,9675767K,iShares MSCI Saudi Arabia Capped UCITS ETF,[tom],[tom],"2020,2021,2022,2023,2024,2025,2026",
Ireland (IE),IE00BYZ28W67,iShares Core FTSE 100 UCITS ETF USD Hedged (Acc),5493003N1TMIMOXBYK56,6339052M,iShares Core FTSE 100 UCITS,[tom],[tom],"2020,2021,2022,2023,2024,2025,2026",
Ireland (IE),IE00BYZK4552,iShares Automation & Robotics UCITS ETF USD (Acc),549300Q2LD8E37GTY872,9732276F,iShares Automation & Robotics UCITS Aggregate,[tom],[tom],"2020,2021,2022,2023,2024,2025,2026",
Ireland (IE),IE00BYZK4669,iShares Ageing Population UCITS ETF USD (Acc),549300EXF9FO3TLU7697,9732276F,iShares Ageing Population UCITS ETF USD (Acc),[tom],[tom],"2020,2021,2022,2023,2024,2025,2026",
Ireland (IE),IE00BYZK4776,iShares Healthcare Innovation UCITS ETF USD (Acc),549300OWQ0JH026CEX60,9732276F,iShares Healthcare Innovation UCITS ETF USD (Acc),[tom],[tom],"2020,2021,2022,2023,2024,2025,2026",
Ireland (IE),IE00BYZK4883,iShares Digitalisation UCITS ETF USD (Acc),549300ZVJPKCHYMZJE63,9732276F,iShares Digitalisation UCITS ETF USD (Acc),[tom],[tom],"2020,2021,2022,2023,2024,2025,2026",
Ireland (IE),IE00BZ007H00,L&G Europe ex UK Equity Index Fund - Z Acc EUR,213800IXB2YO576Y3H12,3430362OH,Legal & General ICAV,[tom],[tom],2021,"2020,2022,2023,2024,2025,2026"
Ireland (IE),IE00BZ007R08,L&G Emerging Markets Equity Index Fund - Z Acc EUR,213800IO1PW2955JXP63,3430362OH,Legal & General ICAV,[tom],[tom],2021,"2020,2022,2023,2024,2025,2026"
Ireland (IE),IE00BZ007W50,L&G Asia Pacific ex Japan Equity Index Fund  - Z Acc EUR,213800LPFTDQVNP63Z92,3430362OH,Legal & General ICAV ,[tom],[tom],2021,"2020,2022,2023,2024,2025,2026"
Ireland (IE),IE00BZ02LR44,Xtrackers ESG MSCI World UCITS ETF,549300KBPMH7CRUHUW62,6413802R,Xtrackers ESG MSCI World UCITS ETF,[tom],[tom],"2020,2021,2022,2023,2024,2025,2026",
Ireland (IE),IE00BZ0PKS76,iShares Edge MSCI USA Multifactor UCITS ETF,549300IY204XMDR7C597,9732276F,iShares Edge MSCI USA Multifactor UCITS ETF,[tom],[tom],"2020,2021,2022,2023,2024,2025,2026",
Ireland (IE),IE00BZ0PKT83,iShares Edge MSCI World Multifactor UCITS ETF USD (Acc),5493005J0V87PB74YM91,9820931C,iShares Edge MSCI World Multifactor,[tom],[tom],"2020,2021,2022,2023,2024,2025,2026",
Ireland (IE),IE00BZ0PKV06,iShares Edge MSCI Europe Multifactor UCITS ETF EUR (Acc),549300P90JH4AUVK4N43,9732276F,iShares Edge MSCI Europe Multifactor UCITS ETF EUR Aggregate,[tom],[tom],"2020,2021,2022,2023,2024,2025,2026",
Ireland (IE),IE00BZ173T46,iShares MSCI USA SRI UCITS ETF USD (Dist),549300KGWF4HEQR2MF81,9732276F,iShares MSCI USA SRI UCITS ETF Aggregate,[tom],[tom],"2020,2021,2022,2023,2024,2025,2026",
Ireland (IE),IE00BZ173V67,iShares MSCI USA SRI UCITS ETF EUR Hedged (Dist),549300KGWF4HEQR2MF81,9732276F,iShares MSCI USA SRI UCITS ETF Aggregate,[tom],[tom],"2020,2021,2022,2023,2024,2025,2026",
Ireland (IE),IE00BZ3G1P18,PGIM Jennison Global Equity opportunities Fund USD A Accumulation,5493002FW5CWTWR3XP18,3236530CH,PGIM Funds Plc,[tom],[tom],"2021,2022,2023,2024,2025,2026",2020
Ireland (IE),IE00BZ3G1Q25,PGIM Jennison Global Equity opportunities Fund EUR I Accumulation,5493002FW5CWTWR3XP18,3236530CH,PGIM Funds Plc,[tom],[tom],"2021,2022,2023,2024,2025,2026",2020
Ireland (IE),IE00BZ4CGH50,L&G Emerging Markets Equity Index Fund - C Acc EUR,213800IO1PW2955JXP63,3430362OH,Legal & General ICAV,[tom],[tom],2021,"2020,2022,2023,2024,2025,2026"
Ireland (IE),IE00BZCQB185,iShares MSCI India UCITS ETF USD (Acc),549300QTPN06GQ0EC246,9732276F,iShares MSCI India UCITS ETF USD (Acc),[tom],[tom],"2020,2021,2022,2023,2024,2025,2026",
Luxembourg (LU),LU0011847091,BGF United Kingdom Fund(Share class A2 GBP),549300CZ01EMON5C7Z93,19624500019,BGF United Kingdom Fund,[tom],[tom],"2020,2021,2022,2023,2024,2025,2026",
Luxembourg (LU),LU0011850392,BGF Emerging Europe Fund - Emerging European Markets Portfolio(Share class,549300RUF9JP7OY4U871,19624500019,BGF Emerging Europe Fund - Aggregate,[tom],[tom],"2020,2021,2022,2023,2024,2025,2026",
Luxembourg (LU),LU0050381036,Wellington US Research Equity Fund USD S Accumulating Unhedged,[tom],[tom],Wellington US Research Equity Fund (Wellington Management Funds),[tom],[tom],"2020,2021,2022,2023,2024,2025,2026",
Luxembourg (LU),LU0050381978,Wellington US Research Equity Fund USD G Accumulating Unhedged,[tom],[tom],Wellington US Research Equity Fund (Wellington Management Funds),[tom],[tom],"2020,2021,2022,2023,2024,2025,2026",
Luxembourg (LU),LU0051759099,JPM Emerging Europe Equity A (dist) - EUR,[tom],[tom],JPMorgan Funds - Emerging Europe Equity Fund,[tom],[tom],"2020,2021,2022,2023,2024",2025.2026
Luxembourg (LU),LU0053666078,JPM America Equity A (dist) - USD,[tom],[tom],JPMorgan Funds - America Equity Fund,[tom],[tom],"2020,2021,2022,2023,2024,2025,2026",
Luxembourg (LU),LU0053685615,JPM Emerging Markets Equity A (dist) - USD,[tom],[tom],JPMorgan Funds - Emerging Markets Equity Fund,[tom],[tom],"2020,2021,2022,2023,2024,2025,2026",
Luxembourg (LU),LU0053687074,JPM Europe Small Cap A (dist) - EUR,[tom],[tom],JPMorgan Funds - Europe Small Cap Fund,[tom],[tom],"2020,2021,2022,2023,2024,2025,2026",
Luxembourg (LU),LU0053697206,JPM US Smaller Companies A (dist) - USD,[tom],[tom],JPMorgan Funds - US Smaller Companies Fund,[tom],[tom],"2020,2021,2022,2023,2024,2025,2026",
Luxembourg (LU),LU0055631609,BGF World Gold Fund Class A2 USD,549300VJ8R1OCCCRJB59,19624500019,BGF World Gold Fund,[tom],[tom],"2020,2021,2022,2023,2024,2025,2026",
Luxembourg (LU),LU0064675639,Nordea 1 - Nordic Equity Fund - BP - EUR,5493002P8HQC8H89KJ23,1989 45 00 886,Nordea 1 - Nordic Equity Fund,[tom],[tom],"2021,2022,2023,2024,2025,2026",2020
Luxembourg (LU),LU0070214290,JPM US Select Equity A (acc) - USD,[tom],[tom],JPMorgan Investment Funds - US Select Equity Fund,[tom],[tom],"2020,2021,2022,2023,2024,2025,2026",
Luxembourg (LU),LU0070217475,JPM Global Select Equity A (acc) - USD,[tom],[tom],JPMorgan Investment Funds - Global Select Equity Fund,[tom],[tom],"2020,2021,2022,2023,2024,2025,2026",
Luxembourg (LU),LU0075056555,BGF World Mining Natural Resources Fund - AGGREGATE (Share class A2 USD),5493003C0BXUIHPFTC89,19624500019,BGF World Mining Fund,[tom],[tom],"2020,2021,2022,2023,2024,2025,2026",
Luxembourg (LU),LU0076314649,Nordea 1 - North American Value Fund - BP - USD,549300DQNY7RVGMPNU83,1989 45 00 886,Nordea 1 - North American Value Fund,[tom],[tom],"2021,2022,2023,2024","2020,2025,2026"
Luxembourg (LU),LU0079556006,JPM Europe Select Equity A (acc) - EUR,[tom],[tom],JPMorgan Investment Funds - Europe Select Equity Fund,[tom],[tom],"2020,2021,2022,2023,2024,2025,2026",
Luxembourg (LU),LU0083307867,JPM Europe Select Equity C (acc) - EUR,[tom],[tom],JPMorgan Investment Funds - Europe Select Equity Fund,[tom],[tom],"2020,2021,2022,2023,2024,2025,2026",
Luxembourg (LU),LU0085143211,JPM US Select Equity X (acc) - USD,[tom],[tom],JPMorgan Investment Funds - US Select Equity Fund,[tom],[tom],"2020,2021,2022,2023,2024,2025,2026",
Luxembourg (LU),LU0085144706,JPM Global Select Equity X (acc) - USD,[tom],[tom],JPMorgan Investment Funds - Global Select Equity Fund,[tom],[tom],"2020,2021,2022,2023,2024,2025,2026",
Luxembourg (LU),LU0085149507,JPM Europe Select Equity X (acc) - EUR,[tom],[tom],JPMorgan Investment Funds - Europe Select Equity Fund,[tom],[tom],"2020,2021,2022,2023,2024,2025,2026",
Luxembourg (LU),LU0087133087,JPM US Select Equity C (acc) - USD,[tom],[tom],JPMorgan Investment Funds - US Select Equity Fund,[tom],[tom],"2020,2021,2022,2023,2024,2025,2026",
Luxembourg (LU),LU0088300024,JPM Global Select Equity C (acc) - USD,[tom],[tom],JPMorgan Investment Funds - Global Select Equity Fund,[tom],[tom],"2020,2021,2022,2023,2024,2025,2026",
Luxembourg (LU),LU0093502762,BGF Euro-Markets Fund - European Equity Portfolio(Share class A2 EUR),549300GXUXRC34JGKL97,19624500019,BGF Euro-Markets Fund - Aggregate,[tom],[tom],"2020,2021,2022,2023,2024,2025,2026",
Luxembourg (LU),LU0097890064,Nordea 1 - Global Stable Equity Fund - BI - EUR,549300OYMIP4UL664L36,1989 45 00 886,Nordea 1 - Global Stable Equity Fund,[tom],[tom],"2021,2022,2023,2024,2025,2026",2020
Luxembourg (LU),LU0107398538,JPM Europe Strategic Growth A (dist) - EUR,[tom],[tom],JPMorgan Funds - Europe Strategic Growth Fund,[tom],[tom],"2020,2021,2022","2023,2024,2025,2026"
Luxembourg (LU),LU0107398884,JPM Europe Strategic Value A (dist) - EUR,[tom],[tom],JPMorgan Funds - Europe Strategic Value Fund,[tom],[tom],"2020,2021,2022","2023,2024,2025,2026"
Luxembourg (LU),LU0112467450,Nordea 1 - Global Stable Equity Fund - BP - EUR,549300OYMIP4UL664L36,1989 45 00 886,Nordea 1 - Global Stable Equity Fund,[tom],[tom],"2021,2022,2023,2024,2025,2026",2020
Luxembourg (LU),LU0115085028,JPM Global Select Equity D (acc) - USD,[tom],[tom],JPMorgan Investment Funds - Global Select Equity Fund,[tom],[tom],"2020,2021,2022,2023,2024,2025,2026",
Luxembourg (LU),LU0115097544,JPM US Select Equity D (acc) - USD,[tom],[tom],JPMorgan Investment Funds - US Select Equity Fund,[tom],[tom],"2020,2021,2022,2023,2024,2025,2026",
Luxembourg (LU),LU0117858679,JPM Europe Strategic Growth D (acc) - EUR,[tom],[tom],JPMorgan Funds - Europe Strategic Growth Fund,[tom],[tom],"2020,2021,2022","2023,2024,2025,2026"
Luxembourg (LU),LU0117858752,JPM Europe Strategic Value D (acc) - EUR,[tom],[tom],JPMorgan Funds - Europe Strategic Value Fund,[tom],[tom],"2020,2021,2022","2023,2024,2025,2026"
Luxembourg (LU),LU0117859560,JPM Europe Small Cap D (acc) - EUR,[tom],[tom],JPMorgan Funds - Europe Small Cap Fund,[tom],[tom],"2020,2021,2022,2023,2024,2025,2026",
Luxembourg (LU),LU0117861202,JPM America Equity D (acc) - USD,[tom],[tom],JPMorgan Funds - America Equity Fund,[tom],[tom],"2020,2021,2022,2023,2024,2025,2026",
Luxembourg (LU),LU0117881572,JPM US Smaller Companies D (acc) - USD,[tom],[tom],JPMorgan Funds - US Smaller Companies Fund,[tom],[tom],"2020,2021,2022,2023,2024,2025,2026",
Luxembourg (LU),LU0117895366,JPM Emerging Markets Equity D (acc) - USD,[tom],[tom],JPMorgan Funds - Emerging Markets Equity Fund,[tom],[tom],"2020,2021,2022,2023,2024,2025,2026",
Luxembourg (LU),LU0117895796,JPM Emerging Europe Equity D (acc) - EUR,[tom],[tom],JPMorgan Funds - Emerging Europe Equity Fund,[tom],[tom],"2020,2021,2022,2023,2024",2025.2026
Luxembourg (LU),LU0119066131,JPM US Value A (dist) - USD,false,false,JPMorgan Funds - US Value Fund,[tom],[tom],"2020,2021,2022","2023,2024,2025,2026"
Luxembourg (LU),LU0119066727,JPM US Value D (acc) - USD,false,false,JPMorgan Funds - US Value Fund,[tom],[tom],"2020,2021,2022","2023,2024,2025,2026"
Luxembourg (LU),LU0119089935,JPM US Value A (dist) - GBP,false,false,JPMorgan Funds - US Value Fund,[tom],[tom],"2020,2021,2022","2023,2024,2025,2026"
Luxembourg (LU),LU0119091675,JPM Europe Strategic Growth A (dist) - GBP,[tom],[tom],JPMorgan Funds - Europe Strategic Growth Fund,[tom],[tom],"2020,2021,2022","2023,2024,2025,2026"
Luxembourg (LU),LU0119092640,JPM Europe Strategic Value A (dist) - GBP,[tom],[tom],JPMorgan Funds - Europe Strategic Value Fund,[tom],[tom],"2020,2021,2022","2023,2024,2025,2026"
Luxembourg (LU),LU0119093531,JPM Europe Small Cap A (dist) - GBP,[tom],[tom],JPMorgan Funds - Europe Small Cap Fund,[tom],[tom],"2020,2021,2022,2023,2024,2025,2026",
Luxembourg (LU),LU0119096559,JPM Emerging Markets Equity A (dist) - GBP,[tom],[tom],JPMorgan Funds - Emerging Markets Equity Fund,[tom],[tom],"2020,2021,2022,2023,2024,2025,2026",
Luxembourg (LU),LU0122376428,BGF World Energy Fund - AGGREGATE (Share class A2 USD),549300ONQ7XH0HHO0U76,19624500019,BGF World Energy Fund - Aggregate,[tom],[tom],"2020,2021,2022,2023,2024,2025,2026",
Luxembourg (LU),LU0129443577,JPM Europe Strategic Growth C (acc) - EUR,[tom],[tom],JPMorgan Funds - Europe Strategic Growth Fund,[tom],[tom],"2020,2021,2022","2023,2024,2025,2026"
Luxembourg (LU),LU0129445192,JPM Europe Strategic Value C (acc) - EUR,[tom],[tom],JPMorgan Funds - Europe Strategic Value Fund,[tom],[tom],"2020,2021,2022","2023,2024,2025,2026"
Luxembourg (LU),LU0129456397,JPM Europe Small Cap C (acc) - EUR,[tom],[tom],JPMorgan Funds - Europe Small Cap Fund,[tom],[tom],"2020,2021,2022,2023,2024,2025,2026",
Luxembourg (LU),LU0129459060,JPM America Equity C (acc) - USD,[tom],[tom],JPMorgan Funds - America Equity Fund,[tom],[tom],"2020,2021,2022,2023,2024,2025,2026",
Luxembourg (LU),LU0129463179,JPM US Value C (acc) - USD,false,false,JPMorgan Funds - US Value Fund,[tom],[tom],"2020,2021,2022","2023,2024,2025,2026"
Luxembourg (LU),LU0129488242,JPM Emerging Markets Equity C (acc) - USD,[tom],[tom],JPMorgan Funds - Emerging Markets Equity Fund,[tom],[tom],"2020,2021,2022,2023,2024,2025,2026",
Luxembourg (LU),LU0129489489,JPM Emerging Europe Equity C (acc) - EUR,[tom],[tom],JPMorgan Funds - Emerging Europe Equity Fund,[tom],[tom],"2020,2021,2022,2023,2024",2025.2026
Luxembourg (LU),LU0132667782,UBAM - Europe Equity IC EUR,549300OXF8IATX0K1R28,[tom],UBAM - Europe Equity,[tom],[tom],2020.2021,"2022,2023,2024,2025,2026"
Luxembourg (LU),LU0143551892,T. Rowe Price Funds SICAV Global Focused Growth Equity Fund Global Focused Growth Equity Fund A,549300OHLAV8MCXB2D69,false,T. Rowe Price Funds SICAV,[tom],[tom],"2020,2021,2022,2023,2024,2025,2026",
Luxembourg (LU),LU0143563046,T. Rowe Price Funds SICAV Global Focused Growth Equity Fund Global Focused Growth Equity Fund I,549300OHLAV8MCXB2D69,false,T. Rowe Price Funds SICAV,[tom],[tom],"2020,2021,2022,2023,2024,2025,2026",
Luxembourg (LU),LU0143811049,JPM America Equity X (acc) - USD,[tom],[tom],JPMorgan Funds - America Equity Fund,[tom],[tom],"2020,2021,2022,2023,2024,2025,2026",
Luxembourg (LU),LU0143811395,JPM Emerging Europe Equity X (acc) - EUR,[tom],[tom],JPMorgan Funds - Emerging Europe Equity Fund,[tom],[tom],"2020,2021,2022,2023,2024",2025.2026
Luxembourg (LU),LU0143811551,JPM Emerging Markets Equity X (acc) - USD,[tom],[tom],JPMorgan Funds - Emerging Markets Equity Fund,[tom],[tom],"2020,2021,2022,2023,2024,2025,2026",
Luxembourg (LU),LU0143829413,JPM Europe Small Cap X (acc) - EUR,[tom],[tom],JPMorgan Funds - Europe Small Cap Fund,[tom],[tom],"2020,2021,2022,2023,2024,2025,2026",
Luxembourg (LU),LU0143829926,JPM Europe Strategic Growth X (acc) - EUR,[tom],[tom],JPMorgan Funds - Europe Strategic Growth Fund,[tom],[tom],"2020,2021,2022","2023,2024,2025,2026"
Luxembourg (LU),LU0143830775,JPM Europe Strategic Value X (acc) - EUR,[tom],[tom],JPMorgan Funds - Europe Strategic Value Fund,[tom],[tom],"2020,2021,2022","2023,2024,2025,2026"
Luxembourg (LU),LU0143838083,JPM US Smaller Companies X (acc) - USD,[tom],[tom],JPMorgan Funds - US Smaller Companies Fund,[tom],[tom],"2020,2021,2022,2023,2024,2025,2026",
Luxembourg (LU),LU0143838752,JPM US Value X (acc) - USD,false,false,JPMorgan Funds - US Value Fund,[tom],[tom],"2020,2021,2022","2023,2024,2025,2026"
Luxembourg (LU),LU0147381346,BGF United Kingdom Fund (CLASS X2),549300CZ01EMON5C7Z93,19624500019,BGF United Kingdom Fund,[tom],[tom],"2020,2021,2022,2023,2024,2025,2026",
Luxembourg (LU),LU0147383631,BGF Emerging Europe Fund - Emerging European Markets Portfolio(X EUR),549300RUF9JP7OY4U871,19624500019,BGF Emerging Europe Fund - Aggregate,[tom],[tom],"2020,2021,2022,2023,2024,2025,2026",
Luxembourg (LU),LU0147386659,BGF Euro-Markets Fund - European Equity Portfolio (CLASS X2),549300GXUXRC34JGKL97,19624500019,BGF Euro-Markets Fund - Aggregate,[tom],[tom],"2020,2021,2022,2023,2024,2025,2026",
Luxembourg (LU),LU0147400401,BGF World Energy Fund - AGGREGATE (X USD),549300ONQ7XH0HHO0U76,19624500019,BGF World Energy Fund - Aggregate,[tom],[tom],"2020,2021,2022,2023,2024,2025,2026",
Luxembourg (LU),LU0147406192,BGF World Mining Fund X2 USD,5493003C0BXUIHPFTC89,19624500019,BGF World Mining Fund,[tom],[tom],"2020,2021,2022,2023,2024,2025,2026",
Luxembourg (LU),LU0157178582,JPM Global Select Equity A (acc) - EUR,[tom],[tom],JPMorgan Investment Funds - Global Select Equity Fund,[tom],[tom],"2020,2021,2022,2023,2024,2025,2026",
Luxembourg (LU),LU0157179127,JPMIF - Global Select Equity Fund - D (acc) - EUR,[tom],1994 45 00998,JPMorgan investment funds,[tom],[tom],"2021,2022,2023,2024,2025,2026",2020
Luxembourg (LU),LU0157182857,JPM US Select Equity A (acc) - EUR (hedged),[tom],[tom],JPMorgan Investment Funds - US Select Equity Fund,[tom],[tom],"2020,2021,2022,2023,2024,2025,2026",
Luxembourg (LU),LU0157183665,JPM US Select Equity D (acc) - EUR (hedged),[tom],[tom],JPMorgan Investment Funds - US Select Equity Fund,[tom],[tom],"2020,2021,2022,2023,2024,2025,2026",
Luxembourg (LU),LU0159042083,JPM America Equity A (acc) - EUR (hedged),[tom],[tom],JPMorgan Funds - America Equity Fund,[tom],[tom],"2020,2021,2022,2023,2024,2025,2026",
Luxembourg (LU),LU0159050771,JPM Emerging Markets Equity A (acc) - EUR (hedged),[tom],[tom],JPMorgan Funds - Emerging Markets Equity Fund,[tom],[tom],"2020,2021,2022,2023,2024,2025,2026",
Luxembourg (LU),LU0159050938,JPM Emerging Markets Equity D (acc) - EUR (hedged),[tom],[tom],JPMorgan Funds - Emerging Markets Equity Fund,[tom],[tom],"2020,2021,2022,2023,2024,2025,2026",
Luxembourg (LU),LU0159059210,JPM America Equity D (acc) - EUR (hedged),[tom],[tom],JPMorgan Funds - America Equity Fund,[tom],[tom],"2020,2021,2022,2023,2024,2025,2026",
Luxembourg (LU),LU0159405223,JPM Europe Select Equity D (acc) - EUR,[tom],[tom],JPMorgan Investment Funds - Europe Select Equity Fund,[tom],[tom],"2020,2021,2022,2023,2024,2025,2026",
Luxembourg (LU),LU0162689763,BGF Euro-Markets Fund - European Equity Portfolio(A1 EUR),549300GXUXRC34JGKL97,19624500019,BGF Euro-Markets Fund - Aggregate,[tom],[tom],"2020,2021,2022,2023,2024,2025,2026",
Luxembourg (LU),LU0169518387,JPM Asia Growth A (acc) - USD,[tom],[tom],JPMorgan Funds - Asia Growth Fund,[tom],[tom],"2020,2021,2022,2023,2024,2025,2026",
Luxembourg (LU),LU0169519195,JPM Asia Growth D (acc) - USD,[tom],[tom],JPMorgan Funds - Asia Growth Fund,[tom],[tom],"2020,2021,2022,2023,2024,2025,2026",
Luxembourg (LU),LU0169519435,JPM Asia Growth X (acc) - USD,[tom],[tom],JPMorgan Funds - Asia Growth Fund,[tom],[tom],"2020,2021,2022,2023,2024,2025,2026",
Luxembourg (LU),LU0169527297,JPM Europe Strategic Dividend A (acc) - EUR,[tom],[tom],JPMorgan Investment Funds - Europe Strategic Dividend Fund,[tom],[tom],"2020,2021,2022","2023,2024,2025,2026"
Luxembourg (LU),LU0169528188,JPM Europe Strategic Dividend C (acc) - EUR,[tom],[tom],JPMorgan Investment Funds - Europe Strategic Dividend Fund,[tom],[tom],"2020,2021,2022","2023,2024,2025,2026"
Luxembourg (LU),LU0169528261,JPM Europe Strategic Dividend D (acc) - EUR,[tom],[tom],JPMorgan Investment Funds - Europe Strategic Dividend Fund,[tom],[tom],"2020,2021,2022","2023,2024,2025,2026"
Luxembourg (LU),LU0169528428,JPM Europe Strategic Dividend X (acc) - EUR,[tom],[tom],JPMorgan Investment Funds - Europe Strategic Dividend Fund,[tom],[tom],"2020,2021,2022","2023,2024,2025,2026"
Luxembourg (LU),LU0171273575,BGF Emerging Europe Fund - Emerging European Markets Portfolio(Share class,549300RUF9JP7OY4U871,19624500019,BGF Emerging Europe Fund - Aggregate,[tom],[tom],"2020,2021,2022,2023,2024,2025,2026",
Luxembourg (LU),LU0171277485,BGF Euro-Markets Fund - European Equity Portfolio(Share class A2 USD),549300GXUXRC34JGKL97,19624500019,BGF Euro-Markets Fund - Aggregate,[tom],[tom],"2020,2021,2022,2023,2024,2025,2026",
Luxembourg (LU),LU0171293177,BGF United Kingdom Fund(Share class A2 EUR),549300CZ01EMON5C7Z93,19624500019,BGF United Kingdom Fund,[tom],[tom],"2020,2021,2022,2023,2024,2025,2026",
Luxembourg (LU),LU0171293334,BGF United Kingdom Fund(Share class A2 USD),549300CZ01EMON5C7Z93,19624500019,BGF United Kingdom Fund,[tom],[tom],"2020,2021,2022,2023,2024,2025,2026",
Luxembourg (LU),LU0171301533,BGF World Energy Fund - AGGREGATE (Share class A2 EUR),549300ONQ7XH0HHO0U76,19624500019,BGF World Energy Fund - Aggregate,[tom],[tom],"2020,2021,2022,2023,2024,2025,2026",
Luxembourg (LU),LU0171305526,BGF World Gold - AGGREGATE (Share class A2 EUR),549300VJ8R1OCCCRJB59,19624500019,BGF World Gold Fund,[tom],[tom],"2020,2021,2022,2023,2024,2025,2026",
Luxembourg (LU),LU0172157280,BGF World Mining Natural Resources Fund - AGGREGATE (Share class A2 EUR),5493003C0BXUIHPFTC89,19624500019,BGF World Mining Fund,[tom],[tom],"2020,2021,2022,2023,2024,2025,2026",
Luxembourg (LU),LU0173769000,Nordea 1 - North American Value Fund - E - USD,549300DQNY7RVGMPNU83,1989 45 00 886,Nordea 1 - North American Value Fund,[tom],[tom],"2021,2022,2023,2024","2020,2025,2026"
Luxembourg (LU),LU0173769851,Nordea 1 - North American Value Fund - E - EUR,549300DQNY7RVGMPNU83,1989 45 00 886,Nordea 1 - North American Value Fund,[tom],[tom],"2021,2022,2023,2024","2020,2025,2026"
Luxembourg (LU),LU0173770602,Nordea 1 - Nordic Equity Fund - E - EUR,5493002P8HQC8H89KJ23,1989 45 00 886,Nordea 1 - Nordic Equity Fund,[tom],[tom],"2021,2022,2023,2024,2025,2026",2020
Luxembourg (LU),LU0173783092,Nordea 1 - North American Value Fund - BP - EUR,549300DQNY7RVGMPNU83,1989 45 00 886,Nordea 1 - North American Value Fund,[tom],[tom],"2021,2022,2023,2024","2020,2025,2026"
Luxembourg (LU),LU0173922476,Nordea 1 - Nordic Equity Fund - BP - SEK,5493002P8HQC8H89KJ23,1989 45 00 886,Nordea 1 - Nordic Equity Fund,[tom],[tom],"2021,2022,2023,2024,2025,2026",2020
Luxembourg (LU),LU0173922559,Nordea 1 - Nordic Equity Fund - BP - NOK,5493002P8HQC8H89KJ23,1989 45 00 886,Nordea 1 - Nordic Equity Fund,[tom],[tom],"2021,2022,2023,2024,2025,2026",2020
Luxembourg (LU),LU0173922807,Nordea 1 - North American Value Fund - BP - SEK,549300DQNY7RVGMPNU83,1989 45 00 886,Nordea 1 - North American Value Fund,[tom],[tom],"2021,2022,2023,2024","2020,2025,2026"
Luxembourg (LU),LU0173922989,Nordea 1 - North American Value Fund - BP - NOK,549300DQNY7RVGMPNU83,1989 45 00 886,Nordea 1 - North American Value Fund,[tom],[tom],"2021,2022,2023,2024","2020,2025,2026"
Luxembourg (LU),LU0174119429,T. Rowe Price Funds SICAV US Large Cap Growth Equity Fund US Large Cap Growth Equity Fund A,549300OHLAV8MCXB2D69,false,T. ROWE PRICE FUNDS SICAV,[tom],[tom],"2020,2021,2022,2023,2024,2025,2026",
Luxembourg (LU),LU0174119775,T. Rowe Price Funds SICAV US Large Cap Growth Equity Fund US Large Cap Growth Equity Fund I,549300OHLAV8MCXB2D69,false,T. ROWE PRICE FUNDS SICAV,[tom],[tom],"2020,2021,2022,2023,2024,2025,2026",
Luxembourg (LU),LU0187077218,RCGF - Robeco Sustainable European Stars Equities D EUR,[tom],19974500291,Robeco Capital Growth Funds,[tom],[tom],"2021,2022,2023","2020,2024,2025,2026"
Luxembourg (LU),LU0187077481,RCGF - Robeco New World Financials D EUR,[tom],19974500291,Robeco Capital Growth Funds,[tom],[tom],"2021,2022,2023","2020,2024,2025,2026"
Luxembourg (LU),LU0187079347,RCGF - Robeco Global Consumer Trends D EUR,[tom],19974500291,Robeco Capital Growth Funds,[tom],[tom],"2021,2022,2023,2024,2025,2026",2020
Luxembourg (LU),LU0204061609,BGF Emerging Europe Fund Class A4 GBP,549300RUF9JP7OY4U871,19624500019,BGF Emerging Europe Fund - Aggregate,[tom],[tom],"2020,2021,2022,2023,2024,2025,2026",
Luxembourg (LU),LU0204061948,BGF Euro-Markets Fund Class A4 GBP,549300GXUXRC34JGKL97,19624500019,BGF Euro-Markets Fund - Aggregate,[tom],[tom],"2020,2021,2022,2023,2024,2025,2026",
Luxembourg (LU),LU0204064025,BGF United Kingdom Fund Class A4 GBP,549300CZ01EMON5C7Z93,19624500019,BGF United Kingdom Fund,[tom],[tom],"2020,2021,2022,2023,2024,2025,2026",
Luxembourg (LU),LU0204068364,BGF World Energy Fund Class A4 GBP,549300ONQ7XH0HHO0U76,19624500019,BGF World Energy Fund - Aggregate,[tom],[tom],"2020,2021,2022,2023,2024,2025,2026",
Luxembourg (LU),LU0204068877,BGF World Mining Fund Class A4 GBP,5493003C0BXUIHPFTC89,19624500019,BGF World Mining Fund,[tom],[tom],"2020,2021,2022,2023,2024,2025,2026",
Luxembourg (LU),LU0209860427,RCGF - Robeco Sustainable European Stars Equities I EUR,[tom],19974500291,Robeco Capital Growth Funds,[tom],[tom],"2021,2022,2023","2020,2024,2025,2026"
Luxembourg (LU),LU0210528500,JPM America Equity A (acc) - USD,[tom],[tom],JPMorgan Funds - America Equity Fund,[tom],[tom],"2020,2021,2022,2023,2024,2025,2026",
Luxembourg (LU),LU0210528922,JPM US Smaller Companies A (acc) - USD,[tom],[tom],JPMorgan Funds - US Smaller Companies Fund,[tom],[tom],"2020,2021,2022,2023,2024,2025,2026",
Luxembourg (LU),LU0210529144,JPM Emerging Europe Equity A (acc) - EUR,[tom],[tom],JPMorgan Funds - Emerging Europe Equity Fund,[tom],[tom],"2020,2021,2022,2023,2024",2025.2026
Luxembourg (LU),LU0210529656,JPM Emerging Markets Equity A (acc) - USD,[tom],[tom],JPMorgan Funds - Emerging Markets Equity Fund,[tom],[tom],"2020,2021,2022,2023,2024,2025,2026",
Luxembourg (LU),LU0210531637,JPM Europe Small Cap A (acc) - EUR,[tom],[tom],JPMorgan Funds - Europe Small Cap Fund,[tom],[tom],"2020,2021,2022,2023,2024,2025,2026",
Luxembourg (LU),LU0210531801,JPM Europe Strategic Growth A (acc) - EUR,[tom],[tom],JPMorgan Funds - Europe Strategic Growth Fund,[tom],[tom],"2020,2021,2022","2023,2024,2025,2026"
Luxembourg (LU),LU0210531983,JPM Europe Strategic Value A (acc) - EUR,[tom],[tom],JPMorgan Funds - Europe Strategic Value Fund,[tom],[tom],"2020,2021,2022","2023,2024,2025,2026"
Luxembourg (LU),LU0210536511,JPM US Value A (acc) - USD,false,false,JPMorgan Funds - US Value Fund,[tom],[tom],"2020,2021,2022","2023,2024,2025,2026"
Luxembourg (LU),LU0214281593,BGF World Energy Fund - AGGREGATE (X EUR),549300ONQ7XH0HHO0U76,19624500019,BGF World Energy Fund - Aggregate,[tom],[tom],"2020,2021,2022,2023,2024,2025,2026",
Luxembourg (LU),LU0217390227,JPM America Equity A (acc) - EUR,[tom],[tom],JPMorgan Funds - America Equity Fund,[tom],[tom],"2020,2021,2022,2023,2024,2025,2026",
Luxembourg (LU),LU0217390490,JPM America Equity D (acc) - EUR,[tom],[tom],JPMorgan Funds - America Equity Fund,[tom],[tom],"2020,2021,2022,2023,2024,2025,2026",
Luxembourg (LU),LU0217576759,JPM Emerging Markets Equity A (acc) - EUR,[tom],[tom],JPMorgan Funds - Emerging Markets Equity Fund,[tom],[tom],"2020,2021,2022,2023,2024,2025,2026",
Luxembourg (LU),LU0217576833,JPM Emerging Markets Equity D (acc) - EUR,[tom],[tom],JPMorgan Funds - Emerging Markets Equity Fund,[tom],[tom],"2020,2021,2022,2023,2024,2025,2026",
Luxembourg (LU),LU0218171717,JPM US Select Equity A (acc) - EUR,[tom],[tom],JPMorgan Investment Funds - US Select Equity Fund,[tom],[tom],"2020,2021,2022,2023,2024,2025,2026",
Luxembourg (LU),LU0218172103,JPM US Select Equity D (acc) - EUR,[tom],[tom],JPMorgan Investment Funds - US Select Equity Fund,[tom],[tom],"2020,2021,2022,2023,2024,2025,2026",
Luxembourg (LU),LU0224733013,JPM Asia Growth A (dist) - USD,[tom],[tom],JPMorgan Funds - Asia Growth Fund,[tom],[tom],"2020,2021,2022,2023,2024,2025,2026",
Luxembourg (LU),LU0229519805,Nordea 1 - Global Stable Equity Fund - E - EUR,549300OYMIP4UL664L36,1989 45 00 886,Nordea 1 - Global Stable Equity Fund,[tom],[tom],"2021,2022,2023,2024,2025,2026",2020
Luxembourg (LU),LU0229520647,Nordea 1 - North American Value Fund - BI - USD,549300DQNY7RVGMPNU83,1989 45 00 886,Nordea 1 - North American Value Fund,[tom],[tom],"2021,2022,2023,2024","2020,2025,2026"
Luxembourg (LU),LU0230817339,T. Rowe Price Funds SICAV Japanese Equity Fund Japanese Equity Fund A,549300OHLAV8MCXB2D69,false,T. ROWE PRICE FUNDS SICAV,[tom],[tom],"2020,2021,2022,2023,2024,2025,2026",
Luxembourg (LU),LU0230817925,T. Rowe Price Funds SICAV Japanese Equity Fund Japanese Equity Fund I,549300OHLAV8MCXB2D69,false,T. ROWE PRICE FUNDS SICAV,[tom],[tom],"2020,2021,2022,2023,2024,2025,2026",
Luxembourg (LU),LU0231118026,Jupiter Global Ecology Growth Class L EUR Acc,[tom],20054500751,The Jupiter Global Fund,[tom],[tom],2021.2022,"2020,2023,2024,2025,2026"
Luxembourg (LU),LU0235638946,JPM Emerging Markets Equity X (dist) - EUR,[tom],[tom],JPMorgan Funds - Emerging Markets Equity Fund,[tom],[tom],"2020,2021,2022,2023,2024,2025,2026",
Luxembourg (LU),LU0236490123,Nordea 1 - Global Stable Equity Fund - BP - NOK,549300OYMIP4UL664L36,1989 45 00 886,Nordea 1 - Global Stable Equity Fund,[tom],[tom],"2021,2022,2023,2024,2025,2026",2020
Luxembourg (LU),LU0236490636,Nordea 1 - Global Stable Equity Fund - BP - SEK,549300OYMIP4UL664L36,1989 45 00 886,Nordea 1 - Global Stable Equity Fund,[tom],[tom],"2021,2022,2023,2024,2025,2026",2020
Luxembourg (LU),LU0243984555,BGF World Gold - AGGREGATE (X EUR),549300VJ8R1OCCCRJB59,19624500019,BGF World Gold Fund,[tom],[tom],"2020,2021,2022,2023,2024,2025,2026",
Luxembourg (LU),LU0244270301,JPM US Value A (acc) - EUR (hedged),false,false,JPMorgan Funds - US Value Fund,[tom],[tom],"2020,2021,2022","2023,2024,2025,2026"
Luxembourg (LU),LU0244270723,JPM US Value D (acc) - EUR (hedged),false,false,JPMorgan Funds - US Value Fund,[tom],[tom],"2020,2021,2022","2023,2024,2025,2026"
Luxembourg (LU),LU0247984379,JPM Global Select Equity A (dist) - USD,[tom],[tom],JPMorgan Investment Funds - Global Select Equity Fund,[tom],[tom],"2020,2021,2022,2023,2024,2025,2026",
Luxembourg (LU),LU0247985343,JPM US Select Equity A (dist) - USD,[tom],[tom],JPMorgan Investment Funds - US Select Equity Fund,[tom],[tom],"2020,2021,2022,2023,2024,2025,2026",
Luxembourg (LU),LU0247987802,JPM Europe Strategic Dividend A (dist) - EUR,[tom],[tom],JPMorgan Investment Funds - Europe Strategic Dividend Fund,[tom],[tom],"2020,2021,2022","2023,2024,2025,2026"
Luxembourg (LU),LU0247994923,JPM Europe Strategic Dividend I (acc) - EUR,[tom],[tom],JPMorgan Investment Funds - Europe Strategic Dividend Fund,[tom],[tom],"2020,2021,2022","2023,2024,2025,2026"
Luxembourg (LU),LU0247995813,JPM Europe Select Equity I (acc) - EUR,[tom],[tom],JPMorgan Investment Funds - Europe Select Equity Fund,[tom],[tom],"2020,2021,2022,2023,2024,2025,2026",
Luxembourg (LU),LU0248001728,JPM Global Select Equity I (acc) - USD,[tom],[tom],JPMorgan Investment Funds - Global Select Equity Fund,[tom],[tom],"2020,2021,2022,2023,2024,2025,2026",
Luxembourg (LU),LU0248005711,JPM US Select Equity I (acc) - USD,[tom],[tom],JPMorgan Investment Funds - US Select Equity Fund,[tom],[tom],"2020,2021,2022,2023,2024,2025,2026",
Luxembourg (LU),LU0248026808,JPM Europe Select Equity A (dist) - EUR,[tom],[tom],JPMorgan Investment Funds - Europe Select Equity Fund,[tom],[tom],"2020,2021,2022,2023,2024,2025,2026",
Luxembourg (LU),LU0248034141,JPMF - Europe Small Cap Fund - X (dist) - EUR,[tom],1969 45 00016,JPMorgan Funds,[tom],[tom],"2021,2022,2023,2024,2025,2026",2020
Luxembourg (LU),LU0248041781,JPM America Equity I (acc) - USD,[tom],[tom],JPMorgan Funds - America Equity Fund,[tom],[tom],"2020,2021,2022,2023,2024,2025,2026",
Luxembourg (LU),LU0248043308,JPM Emerging Europe Equity I (acc) - EUR,[tom],[tom],JPMorgan Funds - Emerging Europe Equity Fund,[tom],[tom],"2020,2021,2022,2023,2024",2025.2026
Luxembourg (LU),LU0248044025,JPM Emerging Markets Equity I (acc) - USD,[tom],[tom],JPMorgan Funds - Emerging Markets Equity Fund,[tom],[tom],"2020,2021,2022,2023,2024,2025,2026",
Luxembourg (LU),LU0248044298,JPMF - Emerging Markets Equity Fund - I (dist) - EUR,[tom],1969 45 00016,JPMorgan Funds,[tom],[tom],"2021,2022,2023,2024,2025,2026",2020
Luxembourg (LU),LU0248047986,JPM Europe Small Cap I (acc) - EUR,[tom],[tom],JPMorgan Funds - Europe Small Cap Fund,[tom],[tom],"2020,2021,2022,2023,2024,2025,2026",
Luxembourg (LU),LU0248048364,JPM Europe Small Cap I (dist) - EUR,[tom],[tom],JPMorgan Funds - Europe Small Cap Fund,[tom],[tom],"2020,2021,2022,2023,2024,2025,2026",
Luxembourg (LU),LU0248049172,JPM Europe Strategic Growth I (acc) - EUR,[tom],[tom],JPMorgan Funds - Europe Strategic Growth Fund,[tom],[tom],"2020,2021,2022","2023,2024,2025,2026"
Luxembourg (LU),LU0248049255,JPMF - Europe Strategic Growth Fund - I (dist) - EUR,[tom],1969 45 00016,JPMorgan Funds,[tom],[tom],2021.2022,"2020,2023,2024,2025,2026"
Luxembourg (LU),LU0248049412,JPM Europe Strategic Value I (acc) - EUR,[tom],[tom],JPMorgan Funds - Europe Strategic Value Fund,[tom],[tom],"2020,2021,2022","2023,2024,2025,2026"
Luxembourg (LU),LU0248049685,JPM Europe Strategic Value I (dist) - EUR,[tom],[tom],JPMorgan Funds - Europe Strategic Value Fund,[tom],[tom],"2020,2021,2022","2023,2024,2025,2026"
Luxembourg (LU),LU0248060658,JPM US Value I (acc) - USD,false,false,JPMorgan Funds - US Value Fund,[tom],[tom],"2020,2021,2022","2023,2024,2025,2026"
Luxembourg (LU),LU0252633754,Lyxor DAX (DR) UCITS ETF - Acc,5493006O67FBYGRB0H32,2006.45.00253,Multi Units Luxembourg,[tom],[tom],"2021,2022,2023,2024,2025,2026",2020
Luxembourg (LU),LU0252963383,BGF World Mining Natural Resources Fund - Aggregate (CLASS D2),5493003C0BXUIHPFTC89,19624500019,BGF World Mining Fund,[tom],[tom],"2020,2021,2022,2023,2024,2025,2026",
Luxembourg (LU),LU0252963623,BGF World Gold - Aggregate (CLASS D2),549300VJ8R1OCCCRJB59,19624500019,BGF World Gold Fund,[tom],[tom],"2020,2021,2022,2023,2024,2025,2026",
Luxembourg (LU),LU0252963896,BGF World Energy Fund - AGGREGATE (Share class D2 EUR),549300ONQ7XH0HHO0U76,19624500019,BGF World Energy Fund - Aggregate,[tom],[tom],"2020,2021,2022,2023,2024,2025,2026",
Luxembourg (LU),LU0252966485,BGF Euro-Markets Fund Class D2 EUR,549300GXUXRC34JGKL97,19624500019,BGF Euro-Markets Fund - Aggregate,[tom],[tom],"2020,2021,2022,2023,2024,2025,2026",
Luxembourg (LU),LU0252967533,BGF Emerging Europe Fd - Emerg Euro Mkts Pfolio (Share class D2 EUR),549300RUF9JP7OY4U871,19624500019,BGF Emerging Europe Fund - Aggregate,[tom],[tom],"2020,2021,2022,2023,2024,2025,2026",
Luxembourg (LU),LU0252968341,BGF World Mining Natural Resources Fund - AGGREGATE (Share class D2 USD),5493003C0BXUIHPFTC89,19624500019,BGF World Mining Fund,[tom],[tom],"2020,2021,2022,2023,2024,2025,2026",
Luxembourg (LU),LU0252968424,BGF World Gold - AGGREGATE (Share class D2 USD),549300VJ8R1OCCCRJB59,19624500019,BGF World Gold Fund,[tom],[tom],"2020,2021,2022,2023,2024,2025,2026",
Luxembourg (LU),LU0252969075,BGF World Energy Fund - AGGREGATE (Share class D2 USD),549300ONQ7XH0HHO0U76,19624500019,BGF World Energy Fund - Aggregate,[tom],[tom],"2020,2021,2022,2023,2024,2025,2026",
Luxembourg (LU),LU0254836850,RCGF - Robeco Emerging Stars Equities D EUR,[tom],19974500291,Robeco Capital Growth Funds,[tom],[tom],"2021,2022,2023,2024,2025,2026",2020
Luxembourg (LU),LU0254839870,RCGF - Robeco Emerging Stars Equities I EUR,[tom],19974500291,Robeco Capital Growth Funds,[tom],[tom],"2021,2022,2023,2024,2025,2026",2020
Luxembourg (LU),LU0255615543,Nordea 1 - North American Value Fund - AP - USD,549300DQNY7RVGMPNU83,1989 45 00 886,Nordea 1 - North American Value Fund,[tom],[tom],"2021,2022,2023,2024","2020,2025,2026"
Luxembourg (LU),LU0255616277,Nordea 1 - North American Value Fund - AP - EUR,549300DQNY7RVGMPNU83,1989 45 00 886,Nordea 1 - North American Value Fund,[tom],[tom],"2021,2022,2023,2024","2020,2025,2026"
Luxembourg (LU),LU0255617598,Nordea 1 - North American Value Fund - HB - EUR,549300DQNY7RVGMPNU83,1989 45 00 886,Nordea 1 - North American Value Fund,[tom],[tom],"2021,2022,2023,2024","2020,2025,2026"
Luxembourg (LU),LU0255617911,Nordea 1 - North American Value Fund - HB - NOK,549300DQNY7RVGMPNU83,1989 45 00 886,Nordea 1 - North American Value Fund,[tom],[tom],2021,"2020,2022,2023,2024,2025,2026"
Luxembourg (LU),LU0255618562,Nordea 1 - North American Value Fund - HA - EUR,549300DQNY7RVGMPNU83,1989 45 00 886,Nordea 1 - North American Value Fund,[tom],[tom],"2021,2022,2023,2024","2020,2025,2026"
Luxembourg (LU),LU0255619370,Nordea 1 - Nordic Equity Fund - AP - EUR,5493002P8HQC8H89KJ23,1989 45 00 886,Nordea 1 - Nordic Equity Fund,[tom],[tom],"2021,2022,2023,2024,2025,2026",2020
Luxembourg (LU),LU0255619701,Nordea 1 - Nordic Equity Fund - AP - NOK,5493002P8HQC8H89KJ23,1989 45 00 886,Nordea 1 - Nordic Equity Fund,[tom],[tom],"2021,2022,2023,2024,2025,2026",2020
Luxembourg (LU),LU0255619966,Nordea 1 - Nordic Equity Fund - AP - SEK,5493002P8HQC8H89KJ23,1989 45 00 886,Nordea 1 - Nordic Equity Fund,[tom],[tom],"2021,2022,2023,2024,2025,2026",2020
Luxembourg (LU),LU0257969260,Nordea 1 - Global Stable Equity Fund - X - EUR,549300OYMIP4UL664L36,1989 45 00 886,Nordea 1 - Global Stable Equity Fund,[tom],[tom],"2021,2022,2023,2024,2025,2026",2020
Luxembourg (LU),LU0260085492,TJGF - Jupiter European Growth Class L EUR Acc,[tom],20054500751,The Jupiter Global Fund,[tom],[tom],2021.2022,"2020,2023,2024,2025,2026"
Luxembourg (LU),LU0260086037,TJGF - Jupiter European Growth Class I EUR Acc,[tom],20054500751,The Jupiter Global Fund,[tom],[tom],2021.2022,"2020,2023,2024,2025,2026"
Luxembourg (LU),LU0262307480,Jupiter Financial Innovation Class L EUR Acc,[tom],20054500751,The Jupiter Global Fund,[tom],[tom],2021.2022,"2020,2023,2024,2025,2026"
Luxembourg (LU),LU0262307720,Jupiter Financial Innovation Class L USD Acc,[tom],20054500751,The Jupiter Global Fund,[tom],[tom],2021.2022,"2020,2023,2024,2025,2026"
Luxembourg (LU),LU0262308454,Jupiter Financial Innovation Class L GBP A Inc,[tom],20054500751,The Jupiter Global Fund,[tom],[tom],2021.2022,"2020,2023,2024,2025,2026"
Luxembourg (LU),LU0266341212,T. Rowe Price Funds SICAV Asia Ex Japan Equity Fund Asian Ex-Japan Equity Fund A,[tom],[tom],T. ROWE PRICE FUNDS SICAV,[tom],[tom],"2020,2021,2022,2023,2024,2025,2026",
Luxembourg (LU),LU0266341725,T. Rowe Price Funds SICAV Asia Ex Japan Equity Fund Asian Ex-Japan Equity Fund I,[tom],[tom],T. ROWE PRICE FUNDS SICAV,[tom],[tom],"2020,2021,2022,2023,2024,2025,2026",
Luxembourg (LU),LU0274209237,MSCI Europe UCITS ETF,549300QWP0OM04U4LX10,[tom],Xtrackers**,[tom],[tom],"2021,2022,2023,2024,2025,2026",2020
Luxembourg (LU),LU0274209740,Xtrackers MSCI Japan,549300B0RUOTF8LWQ776,[tom],Xtrackers MSCI Japan,[tom],[tom],"2020,2021,2022,2023,2024,2025,2026",
Luxembourg (LU),LU0274211480,Xtrackers DAX UCITS ETF,5493003ZDIEI2DLBMZ44,[tom],Xtrackers**,[tom],[tom],"2021,2022,2023,2024,2025,2026",2020
Luxembourg (LU),LU0279091325,Jupiter Global Ecology Growth Class L GBP A Inc,[tom],20054500751,The Jupiter Global Fund,[tom],[tom],2021.2022,"2020,2023,2024,2025,2026"
Luxembourg (LU),LU0284523734,T. Rowe Price Funds SICAV US Large Cap Growth Equity Fund US Large Cap Growth Equity Fund J,549300OHLAV8MCXB2D69,false,T. ROWE PRICE FUNDS SICAV,[tom],[tom],"2020,2021,2022,2023,2024,2025,2026",
Luxembourg (LU),LU0289216672,JPM America Equity C (acc) - EUR (hedged),[tom],[tom],JPMorgan Funds - America Equity Fund,[tom],[tom],"2020,2021,2022,2023,2024,2025,2026",
Luxembourg (LU),LU0289217050,JPM US Value C (acc) - EUR (hedged),false,false,JPMorgan Funds - US Value Fund,[tom],[tom],"2020,2021,2022","2023,2024,2025,2026"
Luxembourg (LU),LU0294032106,JPM US Select Equity C (acc) - EUR (hedged),[tom],[tom],JPMorgan Investment Funds - US Select Equity Fund,[tom],[tom],"2020,2021,2022,2023,2024,2025,2026",
Luxembourg (LU),LU0309468808,Nordea 1 - Latin American Equity Fund - BP - EUR,549300QT5RZRZB2WNH22,1989 45 00 886,Nordea 1 - Latin American Equity Fund,[tom],[tom],"2020,2021,2022,2023,2024,2025,2026",
Luxembourg (LU),LU0309468980,Nordea 1 - Latin American Equity Fund - E - EUR,549300QT5RZRZB2WNH22,1989 45 00 886,Nordea 1 - Latin American Equity Fund,[tom],[tom],"2020,2021,2022,2023,2024,2025,2026",
Luxembourg (LU),LU0309470028,Nordea 1 - Latin American Equity Fund - BP - SEK,549300QT5RZRZB2WNH22,1989 45 00 886,Nordea 1 - Latin American Equity Fund,[tom],[tom],"2020,2021,2022,2023,2024,2025,2026",
Luxembourg (LU),LU0309470531,Nordea 1 - Latin American Equity Fund - BP - NOK,549300QT5RZRZB2WNH22,1989 45 00 886,Nordea 1 - Latin American Equity Fund,[tom],[tom],"2020,2021,2022,2023,2024,2025,2026",
Luxembourg (LU),LU0318931358,JPM Emerging Markets Small Cap A (perf) (acc) - USD,[tom],[tom],JPMorgan Funds - Emerging Markets Small Cap Fund,[tom],[tom],"2020,2021,2022,2023,2024,2025,2026",
Luxembourg (LU),LU0318932752,JPM Emerging Markets Small Cap A (perf) (dist) - USD,[tom],[tom],JPMorgan Funds - Emerging Markets Small Cap Fund,[tom],[tom],"2020,2021,2022,2023,2024,2025,2026",
Luxembourg (LU),LU0318932836,JPM Emerging Markets Small Cap A (perf) (dist) - GBP,[tom],[tom],JPMorgan Funds - Emerging Markets Small Cap Fund,[tom],[tom],"2020,2021,2022,2023,2024,2025,2026",
Luxembourg (LU),LU0318933057,JPM Emerging Markets Small Cap A (perf) (acc) - EUR,[tom],[tom],JPMorgan Funds - Emerging Markets Small Cap Fund,[tom],[tom],"2020,2021,2022,2023,2024,2025,2026",
Luxembourg (LU),LU0318933214,JPM Emerging Markets Small Cap C (perf) (acc) - USD,[tom],[tom],JPMorgan Funds - Emerging Markets Small Cap Fund,[tom],[tom],"2020,2021,2022,2023,2024,2025,2026",
Luxembourg (LU),LU0318933305,JPM Emerging Markets Small Cap D (perf) (acc) - USD,[tom],[tom],JPMorgan Funds - Emerging Markets Small Cap Fund,[tom],[tom],"2020,2021,2022,2023,2024,2025,2026",
Luxembourg (LU),LU0318933487,JPM Emerging Markets Small Cap D (perf) (acc) - EUR,[tom],[tom],JPMorgan Funds - Emerging Markets Small Cap Fund,[tom],[tom],"2020,2021,2022,2023,2024,2025,2026",
Luxembourg (LU),LU0318933560,JPM Emerging Markets Small Cap I (perf) (acc) - USD,[tom],[tom],JPMorgan Funds - Emerging Markets Small Cap Fund,[tom],[tom],"2020,2021,2022,2023,2024,2025,2026",
Luxembourg (LU),LU0318933644,JPMF - Emerging Markets Small Cap Fund - I (perf) (dist) - EUR,[tom],1969 45 00016,JPMorgan Funds,[tom],[tom],"2021,2022,2023,2024,2025,2026",2020
Luxembourg (LU),LU0318933727,JPMF - Emerging Markets Small Cap Fund - X (perf) (acc) - USD,[tom],1969 45 00016,JPMorgan Funds,[tom],[tom],"2021,2022,2023,2024,2025,2026",2020
Luxembourg (LU),LU0318934022,JPMF - Emerging Markets Small Cap Fund - X (perf) (dist) - EUR,[tom],1969 45 00016,JPMorgan Funds,[tom],[tom],"2021,2022,2023,2024,2025,2026",2020
Luxembourg (LU),LU0318934295,JPMF - Emerging Markets Small Cap Fund - X (perf) (dist) - USD,[tom],1969 45 00016,JPMorgan Funds,[tom],[tom],"2021,2022,2023,2024,2025,2026",2020
Luxembourg (LU),LU0320298689,BGF World Gold - AGGREGATE (Share class X2 USD),549300VJ8R1OCCCRJB59,19624500019,BGF World Gold Fund,[tom],[tom],"2020,2021,2022,2023,2024,2025,2026",
Luxembourg (LU),LU0322252338,Xtrackers MSCI Pacific exJapan,549300PKYNYSI1CU4632,[tom],Xtrackers MSCI Pacific exJapan,[tom],[tom],"2020,2021,2022,2023,2024,2025,2026",
Luxembourg (LU),LU0322253906,MSCI Europe Small Cap UCITS ETF,5493001NKFFQ8J34H446,[tom],Xtrackers**,[tom],[tom],"2021,2022,2023,2024,2025,2026",2020
Luxembourg (LU),LU0324501484,JPM Europe Select Equity X (acc) - EUR (hedged),[tom],[tom],JPMorgan Investment Funds - Europe Select Equity Fund,[tom],[tom],"2020,2021,2022,2023,2024,2025,2026",
Luxembourg (LU),LU0326422176,BGF World Energy Fund - AGGREGATE (Hedged A2 EUR),549300ONQ7XH0HHO0U76,19624500019,BGF World Energy Fund - Aggregate,[tom],[tom],"2020,2021,2022,2023,2024,2025,2026",
Luxembourg (LU),LU0326422333,BGF World Energy Fund - AGGREGATE (Hedged D2 EUR),549300ONQ7XH0HHO0U76,19624500019,BGF World Energy Fund - Aggregate,[tom],[tom],"2020,2021,2022,2023,2024,2025,2026",
Luxembourg (LU),LU0326422689,BGF World Gold - AGGREGATE (Hedged A2 EUR),549300VJ8R1OCCCRJB59,19624500019,BGF World Gold Fund,[tom],[tom],"2020,2021,2022,2023,2024,2025,2026",
Luxembourg (LU),LU0326423067,BGF World Gold - AGGREGATE (Hedged D2 EUR),549300VJ8R1OCCCRJB59,19624500019,BGF World Gold Fund,[tom],[tom],"2020,2021,2022,2023,2024,2025,2026",
Luxembourg (LU),LU0326424115,BGF World Mining Natural Resources Fund - AGGREGATE (Hedged A2 EUR),5493003C0BXUIHPFTC89,19624500019,BGF World Mining Fund,[tom],[tom],"2020,2021,2022,2023,2024,2025,2026",
Luxembourg (LU),LU0326425278,BGF World Mining Natural Resources Fund - AGGREGATE (Hedged D2 EUR),5493003C0BXUIHPFTC89,19624500019,BGF World Mining Fund,[tom],[tom],"2020,2021,2022,2023,2024,2025,2026",
Luxembourg (LU),LU0328475792,Xtrackers Stoxx Europe 600 UCITS ETF,549300ZBFJN4JNFI8P11,[tom],Xtrackers Stoxx Europe 600 UCITS ETF,[tom],[tom],"2020,2021,2022,2023,2024,2025,2026",
Luxembourg (LU),LU0329190499,TJGF - Jupiter European Growth Class L GBP A Inc,[tom],20054500751,The Jupiter Global Fund,[tom],[tom],2021.2022,"2020,2023,2024,2025,2026"
Luxembourg (LU),LU0329592967,BGF United Kingdom Fund Class D2 GBP,549300CZ01EMON5C7Z93,19624500019,BGF United Kingdom Fund,[tom],[tom],"2020,2021,2022,2023,2024,2025,2026",
Luxembourg (LU),LU0330918003,BGF World Mining Fund Class A2 Hedged SGD,5493003C0BXUIHPFTC89,19624500019,BGF World Mining Fund,[tom],[tom],"2020,2021,2022,2023,2024,2025,2026",
Luxembourg (LU),LU0334642401,RCGF - Robeco Emerging Stars Equities DL EUR,[tom],19974500291,Robeco Capital Growth Funds,[tom],[tom],"2021,2022,2023,2024,2025,2026",2020
Luxembourg (LU),LU0335102843,Nordea 1 - Nordic Equity Fund - BI - EUR,5493002P8HQC8H89KJ23,1989 45 00 886,Nordea 1 - Nordic Equity Fund,[tom],[tom],"2021,2022,2023,2024,2025,2026",2020
Luxembourg (LU),LU0337098114,RCGF - Robeco Emerging Stars Equities D USD,[tom],19974500291,Robeco Capital Growth Funds,[tom],[tom],"2021,2022,2023,2024,2025,2026",2020
Luxembourg (LU),LU0337330384,JPM Europe Select Equity A (acc) - USD,[tom],[tom],JPMorgan Investment Funds - Europe Select Equity Fund,[tom],[tom],"2020,2021,2022,2023,2024,2025,2026",
Luxembourg (LU),LU0337332836,JPM Europe Select Equity D (acc) - USD,[tom],[tom],JPMorgan Investment Funds - Europe Select Equity Fund,[tom],[tom],"2020,2021,2022,2023,2024,2025,2026",
Luxembourg (LU),LU0348926287,Nordea 1 - Global Climate and Environment Fund - BP - EUR,549300JJG1N66HM3TH21,1989 45 00 886,Nordea 1 - Global Climate and Environment Fund,[tom],[tom],"2021,2022,2023,2024,2025,2026",2020
Luxembourg (LU),LU0348926360,Nordea 1 - Global Climate and Environment Fund - BP - NOK,549300JJG1N66HM3TH21,1989 45 00 886,Nordea 1 - Global Climate and Environment Fund,[tom],[tom],"2021,2022,2023,2024,2025,2026",2020
Luxembourg (LU),LU0348926527,Nordea 1 - Global Climate and Environment Fund - BP - SEK,549300JJG1N66HM3TH21,1989 45 00 886,Nordea 1 - Global Climate and Environment Fund,[tom],[tom],"2021,2022,2023,2024,2025,2026",2020
Luxembourg (LU),LU0348927095,Nordea 1 - Global Climate and Environment Fund - BI - EUR,549300JJG1N66HM3TH21,1989 45 00 886,Nordea 1 - Global Climate and Environment Fund,[tom],[tom],"2021,2022,2023,2024,2025,2026",2020
Luxembourg (LU),LU0348927251,Nordea 1 - Global Climate and Environment Fund - E - EUR,549300JJG1N66HM3TH21,1989 45 00 886,Nordea 1 - Global Climate and Environment Fund,[tom],[tom],"2021,2022,2023,2024,2025,2026",2020
Luxembourg (LU),LU0351545826,Nordea 1 - Latin American Equity Fund - BI - EUR,549300QT5RZRZB2WNH22,1989 45 00 886,Nordea 1 - Latin American Equity Fund,[tom],[tom],"2020,2021,2022,2023,2024,2025,2026",
Luxembourg (LU),LU0363372490,RCGF - Robeco Global Consumer Trends Z EUR,[tom],19974500291,Robeco Capital Growth Funds,[tom],[tom],"2021,2022,2023,2024,2025,2026",2020
Luxembourg (LU),LU0368229539,BGF Emerging Europe Fund - Emerging European Markets Portfolio (CLASS I2),549300RUF9JP7OY4U871,19624500019,BGF Emerging Europe Fund - Aggregate,[tom],[tom],"2020,2021,2022,2023,2024,2025,2026",
Luxembourg (LU),LU0368230206,BGF Euro-Markets Fund - European Equity Portfolio (CLASS I2),549300GXUXRC34JGKL97,19624500019,BGF Euro-Markets Fund - Aggregate,[tom],[tom],"2020,2021,2022,2023,2024,2025,2026",
Luxembourg (LU),LU0368235932,BGF World Energy Fund - Aggregate (CLASS I2 HEDGED),549300ONQ7XH0HHO0U76,19624500019,BGF World Energy Fund - Aggregate,[tom],[tom],"2020,2021,2022,2023,2024,2025,2026",
Luxembourg (LU),LU0368236070,BGF World Gold - Aggregate (CLASS I2),549300VJ8R1OCCCRJB59,19624500019,BGF World Gold Fund,[tom],[tom],"2020,2021,2022,2023,2024,2025,2026",
Luxembourg (LU),LU0368236153,BGF World Gold - Aggregate (CLASS I2 HEDGED),549300VJ8R1OCCCRJB59,19624500019,BGF World Gold Fund,[tom],[tom],"2020,2021,2022,2023,2024,2025,2026",
Luxembourg (LU),LU0368236583,BGF World Mining Natural Resources Fund - Aggregate (CLASS I2),5493003C0BXUIHPFTC89,19624500019,BGF World Mining Fund,[tom],[tom],"2020,2021,2022,2023,2024,2025,2026",
Luxembourg (LU),LU0368236740,BGF World Mining Natural Resources Fund - Aggregate (CLASS I2 HEDGED),5493003C0BXUIHPFTC89,19624500019,BGF World Mining Fund,[tom],[tom],"2020,2021,2022,2023,2024,2025,2026",
Luxembourg (LU),LU0368250907,BGF World Energy Fund - Aggregate (CLASS I2),549300ONQ7XH0HHO0U76,19624500019,BGF World Energy Fund - Aggregate,[tom],[tom],"2020,2021,2022,2023,2024,2025,2026",
Luxembourg (LU),LU0368252358,BGF World Gold - Aggregate (CLASS I2),549300VJ8R1OCCCRJB59,19624500019,BGF World Gold Fund,[tom],[tom],"2020,2021,2022,2023,2024,2025,2026",
Luxembourg (LU),LU0368260294,BGF World Mining Natural Resources Fund - Aggregate (CLASS I2),5493003C0BXUIHPFTC89,19624500019,BGF World Mining Fund,[tom],[tom],"2020,2021,2022,2023,2024,2025,2026",
Luxembourg (LU),LU0368265418,BGF World Energy Fund - Aggregate (CLASS A2 HEDGED),549300ONQ7XH0HHO0U76,19624500019,BGF World Energy Fund - Aggregate,[tom],[tom],"2020,2021,2022,2023,2024,2025,2026",
Luxembourg (LU),LU0368265764,BGF World Gold Fund Class A2 Hedged SGD,549300VJ8R1OCCCRJB59,19624500019,BGF World Gold Fund,[tom],[tom],"2020,2021,2022,2023,2024,2025,2026",
Luxembourg (LU),LU0376446257,BlackRock Global Funds - Swiss Opportunities Fund (CLASS A2),549300YOB1KZTW27BE02,19624500019,BGF Swiss Small & MidCap Opportunities Fund,[tom],[tom],"2020,2021,2022,2023,2024,2025,2026",
Luxembourg (LU),LU0376447149,BGF Swiss Small & MidCap Opportunities Fund Class D2 CHF,549300YOB1KZTW27BE02,19624500019,BGF Swiss Small & MidCap Opportunities Fund,[tom],[tom],"2020,2021,2022,2023,2024,2025,2026",
Luxembourg (LU),LU0376447578,BlackRock Global Funds - Swiss Opportunities Fund (CLASS I2),549300YOB1KZTW27BE02,19624500019,BGF Swiss Small & MidCap Opportunities Fund,[tom],[tom],"2020,2021,2022,2023,2024,2025,2026",
Luxembourg (LU),LU0380865021,Xtrackers Euro Stoxx 50,5493007YS2I1OGP7ST09,[tom],Xtrackers Euro Stoxx 50,[tom],[tom],"2020,2021,2022,2023,2024,2025,2026",
Luxembourg (LU),LU0382931250,T. Rowe Price Funds SICAV European Smaller Companies Equity Fund European Smaller Companies Equity Fund A,[tom],[tom],T. ROWE PRICE FUNDS SICAV,[tom],[tom],"2020,2021,2022,2023,2024,2025,2026",
Luxembourg (LU),LU0382931334,T. Rowe Price Funds SICAV European Smaller Companies Equity Fund European Smaller Companies Equity Fund Ad,[tom],[tom],T. ROWE PRICE FUNDS SICAV,[tom],[tom],"2020,2021,2022,2023,2024,2025,2026",
Luxembourg (LU),LU0382931417,T. Rowe Price Funds SICAV European Smaller Companies Equity Fund European Smaller Companies Equity Fund I,[tom],[tom],T. ROWE PRICE FUNDS SICAV,[tom],[tom],"2020,2021,2022,2023,2024,2025,2026",
Luxembourg (LU),LU0382932902,T. Rowe Price Funds SICAV Global Growth Equity Fund Global Growth Equity Fund A,549300OHLAV8MCXB2D69,false,T. ROWE PRICE FUNDS SICAV,[tom],[tom],"2020,2021,2022,2023,2024,2025,2026",
Luxembourg (LU),LU0382933116,T. Rowe Price Funds SICAV Global Growth Equity Fund Global Growth Equity Fund I,549300OHLAV8MCXB2D69,false,T. ROWE PRICE FUNDS SICAV,[tom],[tom],"2020,2021,2022,2023,2024,2025,2026",
Luxembourg (LU),LU0382933546,T. Rowe Price Funds SICAV Global Growth Equity Fund Global Growth Equity Fund S,549300OHLAV8MCXB2D69,false,T. ROWE PRICE FUNDS SICAV,[tom],[tom],"2020,2021,2022,2023,2024,2025,2026",
Luxembourg (LU),LU0383004313,JPM Emerging Markets Equity I (acc) - EUR,[tom],[tom],JPMorgan Funds - Emerging Markets Equity Fund,[tom],[tom],"2020,2021,2022,2023,2024,2025,2026",
Luxembourg (LU),LU0385154629,BGF Nutrition Fund Class A2 USD,549300JF9YVE3CKHH246,19624500019,BGF Nutrition Fund - Aggregate,[tom],[tom],"2020,2021,2022,2023,2024,2025,2026",
Luxembourg (LU),LU0387754996,RCGF - Robeco Sustainable Global Stars Equities D EUR,[tom],19974500291,Robeco Capital Growth Funds,[tom],[tom],"2021,2022,2023,2024,2025,2026",2020
Luxembourg (LU),LU0390857398,Emerging Wealth Equity Fund - BI - EUR,549300OWHGQ6OST4Q544,1989 45 00 886,Nordea 1 - Emerging Wealth Equity Fund,[tom],[tom],"2021,2022,2023,2024","2020,2025,2026"
Luxembourg (LU),LU0390857471,Emerging Wealth Equity Fund - BP - EUR,549300OWHGQ6OST4Q544,1989 45 00 886,Nordea 1 - Emerging Wealth Equity Fund,[tom],[tom],"2021,2022,2023,2024","2020,2025,2026"
Luxembourg (LU),LU0390857638,Emerging Wealth Equity Fund - BP - SEK,549300OWHGQ6OST4Q544,1989 45 00 886,Nordea 1 - Emerging Wealth Equity Fund,[tom],[tom],"2021,2022,2023,2024","2020,2025,2026"
Luxembourg (LU),LU0390857711,Emerging Wealth Equity Fund - E - EUR,549300OWHGQ6OST4Q544,1989 45 00 886,Nordea 1 - Emerging Wealth Equity Fund,[tom],[tom],"2021,2022,2023,2024","2020,2025,2026"
Luxembourg (LU),LU0400678412,JPMF - Emerging Markets Equity Fund - X (dist) - USD,[tom],1969 45 00016,JPMorgan Funds,[tom],[tom],"2021,2022,2023,2024,2025,2026",2020
Luxembourg (LU),LU0408221355,BGF Emerging Europe Fund - Emerging European Markets Portfolio (CLASS A4),549300RUF9JP7OY4U871,19624500019,BGF Emerging Europe Fund - Aggregate,[tom],[tom],"2020,2021,2022,2023,2024,2025,2026",
Luxembourg (LU),LU0408222247,BGF World Energy Fund - Aggregate (CLASS A4),549300ONQ7XH0HHO0U76,19624500019,BGF World Energy Fund - Aggregate,[tom],[tom],"2020,2021,2022,2023,2024,2025,2026",
Luxembourg (LU),LU0408222320,BGF World Gold Fund Class A4 EUR,549300VJ8R1OCCCRJB59,19624500019,BGF World Gold Fund,[tom],[tom],"2020,2021,2022,2023,2024,2025,2026",
Luxembourg (LU),LU0408222593,BGF World Mining Natural Resources Fund - Aggregate (CLASS A4),5493003C0BXUIHPFTC89,19624500019,BGF World Mining Fund,[tom],[tom],"2020,2021,2022,2023,2024,2025,2026",
Luxembourg (LU),LU0410958572,Nordea 1 - Latin American Equity Fund - E - PLN,549300QT5RZRZB2WNH22,1989 45 00 886,Nordea 1 - Latin American Equity Fund,[tom],[tom],"2020,2021,2022","2023,2024,2025,2026"
Luxembourg (LU),LU0410958739,Nordea 1 - Nordic Equity Fund - E - PLN,5493002P8HQC8H89KJ23,1989 45 00 886,Nordea 1 - Nordic Equity Fund,[tom],[tom],"2021,2022,2023,2024,2025,2026",2020
Luxembourg (LU),LU0412097049,Wellington US Research Equity Fund USD D Accumulating Unhedged,[tom],[tom],Wellington US Research Equity Fund (Wellington Management Funds),[tom],[tom],"2020,2021,2022,2023,2024,2025,2026",
Luxembourg (LU),LU0425092995,Jupiter Japan Select Class L EUR Acc,[tom],20054500751,The Jupiter Global Fund,[tom],[tom],2021.2022,"2020,2023,2024,2025,2026"
Luxembourg (LU),LU0425093027,Jupiter Japan Select Class L GBP A Inc,[tom],20054500751,The Jupiter Global Fund,[tom],[tom],2021.2022,"2020,2023,2024,2025,2026"
Luxembourg (LU),LU0425093290,Jupiter Japan Select Class L USD Acc,[tom],20054500751,The Jupiter Global Fund,[tom],[tom],2021.2022,"2020,2023,2024,2025,2026"
Luxembourg (LU),LU0425094264,Jupiter Global Value Class L EUR Acc,[tom],20054500751,The Jupiter Global Fund,[tom],[tom],2021.2022,"2020,2023,2024,2025,2026"
Luxembourg (LU),LU0425094348,Jupiter Global Value Class L GBP A Inc,[tom],20054500751,The Jupiter Global Fund,[tom],[tom],2021.2022,"2020,2023,2024,2025,2026"
Luxembourg (LU),LU0425094421,Jupiter Global Value Class L USD Acc,[tom],20054500751,The Jupiter Global Fund,[tom],[tom],2021.2022,"2020,2023,2024,2025,2026"
Luxembourg (LU),LU0431992006,JPM Emerging Markets Opportunities A (acc) - USD,[tom],[tom],JPMorgan Funds - Emerging Markets Opportunities Fund,[tom],[tom],"2020,2021,2022,2023,2024,2025,2026",
Luxembourg (LU),LU0431993079,JPM Emerging Markets Opportunities C (acc) - USD,[tom],[tom],JPMorgan Funds - Emerging Markets Opportunities Fund,[tom],[tom],"2020,2021,2022,2023,2024,2025,2026",
Luxembourg (LU),LU0431993236,JPM Emerging Markets Opportunities D (acc) - USD,[tom],[tom],JPMorgan Funds - Emerging Markets Opportunities Fund,[tom],[tom],"2020,2021,2022,2023,2024,2025,2026",
Luxembourg (LU),LU0431993749,JPM Emerging Markets Opportunities I (acc) - USD,[tom],[tom],JPMorgan Funds - Emerging Markets Opportunities Fund,[tom],[tom],"2020,2021,2022,2023,2024,2025,2026",
Luxembourg (LU),LU0431994390,JPM Emerging Markets Opportunities X (acc) - USD,[tom],[tom],JPMorgan Funds - Emerging Markets Opportunities Fund,[tom],[tom],"2020,2021,2022,2023,2024,2025,2026",
Luxembourg (LU),LU0438015033,T. Rowe Price Funds SICAV Global Growth Equity Fund Global Growth Equity Fund I (GBP),549300OHLAV8MCXB2D69,false,T. ROWE PRICE FUNDS SICAV,[tom],[tom],"2020,2021,2022,2023,2024,2025,2026",
Luxembourg (LU),LU0441854154,JPM Asia Pacific Equity A (acc) - USD,[tom],[tom],JPMorgan Funds - Asia Pacific Equity Fund,[tom],[tom],"2020,2021,2022","2023,2024,2025,2026"
Luxembourg (LU),LU0441854584,JPM Asia Pacific Equity C (acc) - USD,[tom],[tom],JPMorgan Funds - Asia Pacific Equity Fund,[tom],[tom],"2020,2021,2022","2023,2024,2025,2026"
Luxembourg (LU),LU0441854741,JPM Asia Pacific Equity D (acc) - USD,[tom],[tom],JPMorgan Funds - Asia Pacific Equity Fund,[tom],[tom],"2020,2021,2022","2023,2024,2025,2026"
Luxembourg (LU),LU0441855128,JPM Asia Pacific Equity I (acc) - USD,[tom],[tom],JPMorgan Funds - Asia Pacific Equity Fund,[tom],[tom],"2020,2021,2022","2023,2024,2025,2026"
Luxembourg (LU),LU0441855474,JPM Asia Pacific Equity X (acc) - USD,[tom],[tom],JPMorgan Funds - Asia Pacific Equity Fund,[tom],[tom],"2020,2021,2022","2023,2024,2025,2026"
Luxembourg (LU),LU0441855714,JPM Asia Pacific Equity A (acc) - EUR,[tom],[tom],JPMorgan Funds - Asia Pacific Equity Fund,[tom],[tom],"2020,2021,2022","2023,2024,2025,2026"
Luxembourg (LU),LU0441856100,JPM Asia Pacific Equity C (acc) - EUR,[tom],[tom],JPMorgan Funds - Asia Pacific Equity Fund,[tom],[tom],"2020,2021,2022","2023,2024,2025,2026"
Luxembourg (LU),LU0441856365,JPM Asia Pacific Equity D (acc) - EUR,[tom],[tom],JPMorgan Funds - Asia Pacific Equity Fund,[tom],[tom],"2020,2021,2022","2023,2024,2025,2026"
Luxembourg (LU),LU0441856522,JPM Asia Pacific Equity I (acc) - EUR,[tom],[tom],JPMorgan Funds - Asia Pacific Equity Fund,[tom],[tom],"2020,2021,2022","2023,2024,2025,2026"
Luxembourg (LU),LU0441856878,JPMF - Asia Pacific Equity Fund - JPM Asia Pacific Equity Fund X (acc) - EUR,[tom],1969 45 00016,JPMorgan Funds,[tom],[tom],2021.2022,"2020,2023,2024,2025,2026"
Luxembourg (LU),LU0456842615,JPM Emerging Markets Equity A (acc) - SGD,[tom],[tom],JPMorgan Funds - Emerging Markets Equity Fund,[tom],[tom],"2020,2021,2022,2023,2024,2025,2026",
Luxembourg (LU),LU0456910800,Wellington US Research Equity Fund EUR G Accumulating Hedged,[tom],[tom],Wellington US Research Equity Fund (Wellington Management Funds),[tom],[tom],"2020,2021,2022,2023,2024,2025,2026",
Luxembourg (LU),LU0459991906,Jupiter Global Value Class I GBP Acc,[tom],20054500751,The Jupiter Global Fund,[tom],[tom],2021.2022,"2020,2023,2024,2025,2026"
Luxembourg (LU),LU0468812655,BGF United Kingdom Fund (CLASS X2),549300CZ01EMON5C7Z93,19624500019,BGF United Kingdom Fund,[tom],[tom],"2020,2021,2022,2023,2024,2025,2026",
Luxembourg (LU),LU0471298348,BGF Nutrition Fund Class A2 Hedged EUR,549300JF9YVE3CKHH246,19624500019,BGF Nutrition Fund - Aggregate,[tom],[tom],"2020,2021,2022,2023,2024,2025,2026",
Luxembourg (LU),LU0471298694,BGF Nutrition Fund Class A2 HKD,549300JF9YVE3CKHH246,19624500019,BGF Nutrition Fund - Aggregate,[tom],[tom],"2020,2021,2022,2023,2024,2025,2026",
Luxembourg (LU),LU0471298777,BGF Nutrition Fund Class A2 Hedged SGD,549300JF9YVE3CKHH246,19624500019,BGF Nutrition Fund - Aggregate,[tom],[tom],"2020,2021,2022,2023,2024,2025,2026",
Luxembourg (LU),LU0471298850,BGF Nutrition Fund Class D2 Hedged EUR,549300JF9YVE3CKHH246,19624500019,BGF Nutrition Fund - Aggregate,[tom],[tom],"2020,2021,2022,2023,2024,2025,2026",
Luxembourg (LU),LU0471299072,BGF Nutrition Fund Class A4 Hedged EUR,549300JF9YVE3CKHH246,19624500019,BGF Nutrition Fund - Aggregate,[tom],[tom],"2020,2021,2022,2023,2024,2025,2026",
Luxembourg (LU),LU0474315818,JPM Emerging Markets Small Cap C (perf) (acc) - EUR,[tom],[tom],JPMorgan Funds - Emerging Markets Small Cap Fund,[tom],[tom],"2020,2021,2022,2023,2024,2025,2026",
Luxembourg (LU),LU0475494422,BGF Nutrition Fund Class A4 Hedged GBP,549300JF9YVE3CKHH246,19624500019,BGF Nutrition Fund - Aggregate,[tom],[tom],"2020,2021,2022,2023,2024,2025,2026",
Luxembourg (LU),LU0476538789,Emerging Wealth Equity Fund - AI - EUR,549300OWHGQ6OST4Q544,1989 45 00 886,Nordea 1 - Emerging Wealth Equity Fund,[tom],[tom],"2021,2022,2023,2024","2020,2025,2026"
Luxembourg (LU),LU0480534758,BGF World Mining Natural Resources Fund - Aggregate (CLASS A2 HEDGED),5493003C0BXUIHPFTC89,19624500019,BGF World Mining Fund,[tom],[tom],"2020,2021,2022,2023,2024,2025,2026",
Luxembourg (LU),LU0485065857,BGF World Mining Natural Resources Fund - Aggregate (CLASS X2 HEDGED),5493003C0BXUIHPFTC89,19624500019,BGF World Mining Fund,[tom],[tom],"2020,2021,2022,2023,2024,2025,2026",
Luxembourg (LU),LU0488317701,ComStage NYSE Arca Gold BUGS UCITS ETF,529900TOPOZNHJTWNQ70,2008.45.01825,ComStage,[tom],[tom],"2021,2022,2023,2024","2020,2025,2026"
Luxembourg (LU),LU0496654400,BGF Nutrition Fund Class D2 EUR,549300JF9YVE3CKHH246,19624500019,BGF Nutrition Fund - Aggregate,[tom],[tom],"2020,2021,2022,2023,2024,2025,2026",
Luxembourg (LU),LU0496786574,Lyxor S&P 500 UCITS ETF - Dist (EUR),549300JWBW5ZYYLO6033,2006.45.00253,Multi Units Luxembourg,[tom],[tom],"2021,2022,2023,2024,2025,2026",2020
Luxembourg (LU),LU0496786657,Lyxor S&P 500 UCITS ETF - Dist (USD),549300JWBW5ZYYLO6033,2006.45.00253,Multi Units Luxembourg,[tom],[tom],"2021,2022,2023,2024,2025,2026",2020
Luxembourg (LU),LU0513876275,BGF Emerging Europe Fund Class X4 GBP,549300RUF9JP7OY4U871,19624500019,BGF Emerging Europe Fund - Aggregate,[tom],[tom],"2020,2021,2022,2023,2024,2025,2026",
Luxembourg (LU),LU0514695690,MSCI China ETF,549300OZ47J75ZDOA820,[tom],Xtrackers**,[tom],[tom],"2021,2022,2023,2024,2025,2026",2020
Luxembourg (LU),LU0521028471,BGF World Gold - Aggregate (CLASS A2 HEDGED),549300VJ8R1OCCCRJB59,19624500019,BGF World Gold Fund,[tom],[tom],"2020,2021,2022,2023,2024,2025,2026",
Luxembourg (LU),LU0521028554,BGF World Mining Natural Resources Fund - Aggregate (CLASS A2 HEDGED),5493003C0BXUIHPFTC89,19624500019,BGF World Mining Fund,[tom],[tom],"2020,2021,2022,2023,2024,2025,2026",
Luxembourg (LU),LU0530124006,ComStage Bund-Future Double Short UCITS ETF,[tom],2008.45.01825,ComStage,[tom],[tom],2021.2022,"2020,2023,2024,2025,2026"
Luxembourg (LU),LU0533032420,Lyxor MSCI World Energy TR UCITS ETF - Acc (EUR),549300DSSKCFUMI0AI35,2006.45.00253,Multi Units Luxembourg,[tom],[tom],"2021,2022,2023","2020,2024,2025,2026"
Luxembourg (LU),LU0533033238,Lyxor MSCI World Health Care TR UCITS ETF - Acc (EUR),54930065VF42XTMP1X38,2006.45.00253,Multi Units Luxembourg,[tom],[tom],"2021,2022,2023,2024,2025,2026",2020
Luxembourg (LU),LU0533033667,Lyxor MSCI World Information Technology TR UCITS ETF - Acc (EUR),549300G98QH2QEP4RG70,2006.45.00253,Multi Units Luxembourg,[tom],[tom],"2021,2022,2023,2024,2025,2026",2020
Luxembourg (LU),LU0533589858,Emerging Wealth Equity Fund - BP - USD,549300OWHGQ6OST4Q544,1989 45 00 886,Nordea 1 - Emerging Wealth Equity Fund,[tom],[tom],"2021,2022,2023,2024","2020,2025,2026"
Luxembourg (LU),LU0533598842,Nordea 1 - Latin American Equity Fund - HE - PLN,549300QT5RZRZB2WNH22,1989 45 00 886,Nordea 1 - Latin American Equity Fund,[tom],[tom],"2020,2021,2022,2023,2024,2025,2026",
Luxembourg (LU),LU0533600259,Nordea 1 - North American Value Fund - BP - GBP,549300DQNY7RVGMPNU83,1989 45 00 886,Nordea 1 - North American Value Fund,[tom],[tom],"2021,2022,2023,2024","2020,2025,2026"
Luxembourg (LU),LU0554840073,RCGF - Robeco Global Consumer Trends D USD,[tom],19974500291,Robeco Capital Growth Funds,[tom],[tom],"2021,2022,2023,2024,2025,2026",2020
Luxembourg (LU),LU0554840230,RCGF - Robeco Global Consumer Trends M EUR,[tom],19974500291,Robeco Capital Growth Funds,[tom],[tom],"2021,2022,2023,2024,2025,2026",2020
Luxembourg (LU),LU0561744862,BGF European Equity  Income Fund- Aggregate (CLASS A5G),549300EO4UBXXE7L7Y87,19624500019,BGF European Equity Income Fund - Aggregate,[tom],[tom],"2020,2021,2022,2023,2024,2025,2026",
Luxembourg (LU),LU0562822386,BGF European Equity  Income Fund- Aggregate (CLASS A2),549300EO4UBXXE7L7Y87,19624500019,BGF European Equity Income Fund - Aggregate,[tom],[tom],"2020,2021,2022,2023,2024,2025,2026",
Luxembourg (LU),LU0563471787,BGF European Equity Income Fund - Aggregate (CLASS X2),549300EO4UBXXE7L7Y87,19624500019,BGF European Equity Income Fund - Aggregate,[tom],[tom],"2020,2021,2022,2023,2024,2025,2026",
Luxembourg (LU),LU0572106309,BGF Emerging Europe Fund - Aggregate (CLASS A2 HEDGED),549300RUF9JP7OY4U871,19624500019,BGF Emerging Europe Fund - Aggregate,[tom],[tom],"2020,2021,2022,2023,2024,2025,2026",
Luxembourg (LU),LU0579356428,RCGF - Robeco Sustainable Global Stars Equities Z EUR,[tom],19974500291,Robeco Capital Growth Funds,[tom],[tom],"2021,2022,2023,2024,2025,2026",2020
Luxembourg (LU),LU0579997130,BGF European Equity  Income Fund- Aggregate (CLASS D2),549300EO4UBXXE7L7Y87,19624500019,BGF European Equity Income Fund - Aggregate,[tom],[tom],"2020,2021,2022,2023,2024,2025,2026",
Luxembourg (LU),LU0582530498,RCGF - Robeco QI Emerging Conservative Equities I EUR,[tom],19974500291,Robeco Capital Growth Funds,[tom],[tom],"2021,2022,2023,2024,2025,2026",2020
Luxembourg (LU),LU0582532197,RCGF - Robeco QI Emerging Conservative Equities B EUR,[tom],19974500291,Robeco Capital Growth Funds,[tom],[tom],"2021,2022,2023,2024,2025,2026",2020
Luxembourg (LU),LU0582533245,RCGF - Robeco QI Emerging Conservative Equities D EUR,[tom],19974500291,Robeco Capital Growth Funds,[tom],[tom],"2021,2022,2023,2024,2025,2026",2020
Luxembourg (LU),LU0589470326,BGF Euro-Markets Fund - European Equity Portfolio - Aggregate (CLASS A2 HED,549300GXUXRC34JGKL97,19624500019,BGF Euro-Markets Fund - Aggregate,[tom],[tom],"2020,2021,2022,2023,2024,2025,2026",
Luxembourg (LU),LU0589470672,BGF World Energy Fund - Aggregate (CLASS A2 HEDGED),549300ONQ7XH0HHO0U76,19624500019,BGF World Energy Fund - Aggregate,[tom],[tom],"2020,2021,2022,2023,2024,2025,2026",
Luxembourg (LU),LU0591059224,RCGF - Robeco Asian Stars Equities D EUR,[tom],19974500291,Robeco Capital Growth Funds,[tom],[tom],"2021,2022,2023,2024","2020,2025,2026"
Luxembourg (LU),LU0591060586,RCGF - Robeco Asian Stars Equities D USD,[tom],19974500291,Robeco Capital Growth Funds,[tom],[tom],"2021,2022,2023,2024","2020,2025,2026"
Luxembourg (LU),LU0591061980,RCGF - Robeco Asian Stars Equities DL USD,[tom],19974500291,Robeco Capital Growth Funds,[tom],[tom],"2021,2022,2023,2024","2020,2025,2026"
Luxembourg (LU),LU0593319907,JPM Emerging Markets Equity C (dist) - USD,[tom],[tom],JPMorgan Funds - Emerging Markets Equity Fund,[tom],[tom],"2020,2021,2022,2023,2024,2025,2026",
Luxembourg (LU),LU0593322281,JPM Emerging Markets Equity X (acc) - EUR,[tom],[tom],JPMorgan Funds - Emerging Markets Equity Fund,[tom],[tom],"2020,2021,2022,2023,2024,2025,2026",
Luxembourg (LU),LU0602538620,Nordea 1 - Emerging Stars Equity Fund - E - EUR,549300UFJRQ77N3UYE48,1989 45 00 886,Nordea 1 - Emerging Stars Equity Fund,[tom],[tom],"2020,2021,2022,2023,2024,2025,2026",
Luxembourg (LU),LU0602539198,Nordea 1 - Emerging Stars Equity Fund - AI - EUR,549300UFJRQ77N3UYE48,1989 45 00 886,Nordea 1 - Emerging Stars Equity Fund,[tom],[tom],"2020,2021,2022,2023,2024,2025,2026",
Luxembourg (LU),LU0602539271,Nordea 1 - Emerging Stars Equity Fund - BI - EUR,549300UFJRQ77N3UYE48,1989 45 00 886,Nordea 1 - Emerging Stars Equity Fund,[tom],[tom],"2020,2021,2022,2023,2024,2025,2026",
Luxembourg (LU),LU0602539354,Nordea 1 - Emerging Stars Equity Fund - BI - USD,549300UFJRQ77N3UYE48,1989 45 00 886,Nordea 1 - Emerging Stars Equity Fund,[tom],[tom],"2020,2021,2022,2023,2024,2025,2026",
Luxembourg (LU),LU0602539511,Nordea 1 - Emerging Stars Equity Fund - BI - SEK,549300UFJRQ77N3UYE48,1989 45 00 886,Nordea 1 - Emerging Stars Equity Fund,[tom],[tom],"2020,2021,2022,2023,2024,2025,2026",
Luxembourg (LU),LU0602539602,Nordea 1 - Emerging Stars Equity Fund - BP - USD,549300UFJRQ77N3UYE48,1989 45 00 886,Nordea 1 - Emerging Stars Equity Fund,[tom],[tom],"2020,2021,2022,2023,2024,2025,2026",
Luxembourg (LU),LU0602539867,Nordea 1 - Emerging Stars Equity Fund - BP - EUR,549300UFJRQ77N3UYE48,1989 45 00 886,Nordea 1 - Emerging Stars Equity Fund,[tom],[tom],"2020,2021,2022,2023,2024,2025,2026",
Luxembourg (LU),LU0602540014,Nordea 1 - Emerging Stars Equity Fund - BP - NOK,549300UFJRQ77N3UYE48,1989 45 00 886,Nordea 1 - Emerging Stars Equity Fund,[tom],[tom],"2020,2021,2022,2023,2024,2025,2026",
Luxembourg (LU),LU0602540527,Nordea 1 - Emerging Stars Equity Fund - BP - SEK,549300UFJRQ77N3UYE48,1989 45 00 886,Nordea 1 - Emerging Stars Equity Fund,[tom],[tom],"2020,2021,2022,2023,2024,2025,2026",
Luxembourg (LU),LU0607974630,Nordea 1 - Global Climate and Environment Fund - BI - USD,549300JJG1N66HM3TH21,1989 45 00 886,Nordea 1 - Global Climate and Environment Fund,[tom],[tom],"2021,2022,2023,2024,2025,2026",2020
Luxembourg (LU),LU0607974713,Nordea 1 - Global Climate and Environment Fund - BP - USD,549300JJG1N66HM3TH21,1989 45 00 886,Nordea 1 - Global Climate and Environment Fund,[tom],[tom],"2021,2022,2023,2024,2025,2026",2020
Luxembourg (LU),LU0607974986,Emerging Wealth Equity Fund - HE - PLN,549300OWHGQ6OST4Q544,1989 45 00 886,Nordea 1 - Emerging Wealth Equity Fund,[tom],[tom],"2021,2022,2023,2024","2020,2025,2026"
Luxembourg (LU),LU0607980959,Nordea 1 - Global Stable Equity Fund - BI - USD,549300OYMIP4UL664L36,1989 45 00 886,Nordea 1 - Global Stable Equity Fund,[tom],[tom],"2021,2022,2023,2024,2025,2026",2020
Luxembourg (LU),LU0607981171,Nordea 1 - Global Stable Equity Fund - BP - USD,549300OYMIP4UL664L36,1989 45 00 886,Nordea 1 - Global Stable Equity Fund,[tom],[tom],"2021,2022,2023,2024,2025,2026",2020
Luxembourg (LU),LU0607982492,Nordea 1 - Latin American Equity Fund - BI - USD,549300QT5RZRZB2WNH22,1989 45 00 886,Nordea 1 - Latin American Equity Fund,[tom],[tom],"2020,2021,2022,2023,2024,2025,2026",
Luxembourg (LU),LU0607982732,Nordea 1 - Latin American Equity Fund - BP - USD,549300QT5RZRZB2WNH22,1989 45 00 886,Nordea 1 - Latin American Equity Fund,[tom],[tom],"2020,2021,2022,2023,2024,2025,2026",
Luxembourg (LU),LU0607985677,Nordea 1 - Nordic Equity Fund - BP - USD,5493002P8HQC8H89KJ23,1989 45 00 886,Nordea 1 - Nordic Equity Fund,[tom],[tom],"2021,2022,2023,2024,2025,2026",2020
Luxembourg (LU),LU0607988267,Nordea 1 - Global Stable Equity Fund - BC - USD,549300OYMIP4UL664L36,1989 45 00 886,Nordea 1 - Global Stable Equity Fund,[tom],[tom],"2021,2022,2023,2024,2025,2026",2020
Luxembourg (LU),LU0611475780,JPM Global Select Equity C (acc) - EUR,[tom],[tom],JPMorgan Investment Funds - Global Select Equity Fund,[tom],[tom],"2020,2021,2022,2023,2024,2025,2026",
Luxembourg (LU),LU0612935741,BGF Nutrition Fund Class A2 Hedged PLN,549300JF9YVE3CKHH246,19624500019,BGF Nutrition Fund - Aggregate,[tom],[tom],"2020,2021,2022,2023,2024,2025,2026",
Luxembourg (LU),LU0613488591,JPM Asia Pacific Equity A (dist) - USD,[tom],[tom],JPMorgan Funds - Asia Pacific Equity Fund,[tom],[tom],"2020,2021,2022","2023,2024,2025,2026"
Luxembourg (LU),LU0619515397,BGF European Equity  Income Fund- Aggregate (CLASS A4G),549300EO4UBXXE7L7Y87,19624500019,BGF European Equity Income Fund - Aggregate,[tom],[tom],"2020,2021,2022,2023,2024,2025,2026",
Luxembourg (LU),LU0629637199,BGF Nutrition Fund Class D2 USD,549300JF9YVE3CKHH246,19624500019,BGF Nutrition Fund - Aggregate,[tom],[tom],"2020,2021,2022,2023,2024,2025,2026",
Luxembourg (LU),LU0630472362,BGF World Energy Fund Class D4 GBP,549300ONQ7XH0HHO0U76,19624500019,BGF World Energy Fund - Aggregate,[tom],[tom],"2020,2021,2022,2023,2024,2025,2026",
Luxembourg (LU),LU0634316219,JPM Emerging Europe Equity A (acc) - USD,[tom],[tom],JPMorgan Funds - Emerging Europe Equity Fund,[tom],[tom],"2020,2021,2022,2023,2024",2025.2026
Luxembourg (LU),LU0634316300,JPM Emerging Europe Equity A (dist) - USD,[tom],[tom],JPMorgan Funds - Emerging Europe Equity Fund,[tom],[tom],"2020,2021,2022,2023,2024",2025.2026
Luxembourg (LU),LU0634510886,Nordea 1 - Stable Emerging Markets Equity Fund - BP - USD,549300WZ0EJW0K2LBI46,1989 45 00 886,Nordea 1 - Stable Emerging Markets Equity Fund,[tom],[tom],"2020,2021,2022,2023,2024,2025,2026",
Luxembourg (LU),LU0635178014,ComStage MSCI Emerging Markets UCITS ETF,529900PTLE8CQRJAA233,2008.45.01825,ComStage,[tom],[tom],"2021,2022,2023","2020,2024,2025,2026"
Luxembourg (LU),LU0637343657,Nordea 1 - Stable Emerging Markets Equity Fund - E - USD,549300WZ0EJW0K2LBI46,1989 45 00 886,Nordea 1 - Stable Emerging Markets Equity Fund,[tom],[tom],"2020,2021,2022,2023,2024,2025,2026",
Luxembourg (LU),LU0637343731,Nordea 1 - Stable Emerging Markets Equity Fund - E - EUR,549300WZ0EJW0K2LBI46,1989 45 00 886,Nordea 1 - Stable Emerging Markets Equity Fund,[tom],[tom],"2020,2021,2022,2023,2024,2025,2026",
Luxembourg (LU),LU0637344622,Nordea 1 - Stable Emerging Markets Equity Fund - BI - USD,549300WZ0EJW0K2LBI46,1989 45 00 886,Nordea 1 - Stable Emerging Markets Equity Fund,[tom],[tom],"2020,2021,2022,2023,2024,2025,2026",
Luxembourg (LU),LU0637344895,Nordea 1 - Stable Emerging Markets Equity Fund - BI - EUR,549300WZ0EJW0K2LBI46,1989 45 00 886,Nordea 1 - Stable Emerging Markets Equity Fund,[tom],[tom],"2020,2021,2022,2023,2024,2025,2026",
Luxembourg (LU),LU0637345199,Nordea 1 - Stable Emerging Markets Equity Fund - BI - NOK,549300WZ0EJW0K2LBI46,1989 45 00 886,Nordea 1 - Stable Emerging Markets Equity Fund,[tom],[tom],"2020,2021,2022,2023,2024,2025,2026",
Luxembourg (LU),LU0637345355,Nordea 1 - Stable Emerging Markets Equity Fund - BI - SEK,549300WZ0EJW0K2LBI46,1989 45 00 886,Nordea 1 - Stable Emerging Markets Equity Fund,[tom],[tom],"2020,2021,2022,2023,2024,2025,2026",
Luxembourg (LU),LU0637345439,Nordea 1 - Stable Emerging Markets Equity Fund - AI - USD,549300WZ0EJW0K2LBI46,1989 45 00 886,Nordea 1 - Stable Emerging Markets Equity Fund,[tom],[tom],2020.2021,"2022,2023,2024,2025,2026"
Luxembourg (LU),LU0637345512,Nordea 1 - Stable Emerging Markets Equity Fund - AI - EUR,549300WZ0EJW0K2LBI46,1989 45 00 886,Nordea 1 - Stable Emerging Markets Equity Fund,[tom],[tom],2020.2021,"2022,2023,2024,2025,2026"
Luxembourg (LU),LU0637345785,Nordea 1 - Stable Emerging Markets Equity Fund - BP - EUR,549300WZ0EJW0K2LBI46,1989 45 00 886,Nordea 1 - Stable Emerging Markets Equity Fund,[tom],[tom],"2020,2021,2022,2023,2024,2025,2026",
Luxembourg (LU),LU0637345868,Nordea 1 - Stable Emerging Markets Equity Fund - BP - DKK,549300WZ0EJW0K2LBI46,1989 45 00 886,Nordea 1 - Stable Emerging Markets Equity Fund,[tom],[tom],"2020,2021,2022,2023,2024,2025,2026",
Luxembourg (LU),LU0637345942,Nordea 1 - Stable Emerging Markets Equity Fund - BP - NOK,549300WZ0EJW0K2LBI46,1989 45 00 886,Nordea 1 - Stable Emerging Markets Equity Fund,[tom],[tom],"2020,2021,2022,2023,2024,2025,2026",
Luxembourg (LU),LU0637346080,Nordea 1 - Stable Emerging Markets Equity Fund - BP - SEK,549300WZ0EJW0K2LBI46,1989 45 00 886,Nordea 1 - Stable Emerging Markets Equity Fund,[tom],[tom],"2020,2021,2022,2023,2024,2025,2026",
Luxembourg (LU),LU0637347302,Nordea 1 - Stable Emerging Markets Equity Fund - X - EUR,549300WZ0EJW0K2LBI46,1989 45 00 886,Nordea 1 - Stable Emerging Markets Equity Fund,[tom],[tom],"2020,2021,2022,2023,2024,2025,2026",
Luxembourg (LU),LU0668011108,Nordea 1 - Stable Emerging Markets Equity Fund - X - USD,549300WZ0EJW0K2LBI46,1989 45 00 886,Nordea 1 - Stable Emerging Markets Equity Fund,[tom],[tom],"2020,2021,2022","2023,2024,2025,2026"
Luxembourg (LU),LU0669555244,BGF World Gold - Aggregate (CLASS D2 HEDGED),549300VJ8R1OCCCRJB59,19624500019,BGF World Gold Fund,[tom],[tom],"2020,2021,2022,2023,2024,2025,2026",
Luxembourg (LU),LU0671461233,JPM US Select Equity C (dist) - GBP,[tom],[tom],JPMorgan Investment Funds - US Select Equity Fund,[tom],[tom],"2020,2021,2022,2023,2024,2025,2026",
Luxembourg (LU),LU0672672143,JPM US Select Equity C (acc) - EUR,[tom],[tom],JPMorgan Investment Funds - US Select Equity Fund,[tom],[tom],"2020,2021,2022,2023,2024,2025,2026",
Luxembourg (LU),LU0673439724,BGF Nutrition Fund Class I2 USD,549300JF9YVE3CKHH246,19624500019,BGF Nutrition Fund - Aggregate,[tom],[tom],"2020,2021,2022,2023,2024,2025,2026",
Luxembourg (LU),LU0675040207,JPM Asia Pacific Equity A (acc) - SGD,[tom],[tom],JPMorgan Funds - Asia Pacific Equity Fund,[tom],[tom],"2020,2021,2022","2023,2024,2025,2026"
Luxembourg (LU),LU0679964535,BGF United Kingdom Fund (CLASS D2),549300CZ01EMON5C7Z93,19624500019,BGF United Kingdom Fund,[tom],[tom],"2020,2021,2022,2023,2024,2025,2026",
Luxembourg (LU),LU0699066998,JPM Europe Select Equity C (dist) - USD,[tom],[tom],JPMorgan Investment Funds - Europe Select Equity Fund,[tom],[tom],"2020,2021,2022,2023,2024,2025,2026",
Luxembourg (LU),LU0699433149,RCGF - Robeco Global Consumer Trends M USD,[tom],19974500291,Robeco Capital Growth Funds,[tom],[tom],"2021,2022,2023,2024,2025,2026",2020
Luxembourg (LU),LU0704893923,JPM US Value X (acc) - EUR (hedged),false,false,JPMorgan Funds - US Value Fund,[tom],[tom],"2020,2021,2022","2023,2024,2025,2026"
Luxembourg (LU),LU0705251279,Nordea 1 - Emerging Stars Equity Fund - E - USD,549300UFJRQ77N3UYE48,1989 45 00 886,Nordea 1 - Emerging Stars Equity Fund,[tom],[tom],"2020,2021,2022,2023,2024,2025,2026",
Luxembourg (LU),LU0705258100,Nordea 1 - Global Real Estate Fund - AI - USD,549300E0SPFUFDUAIG67,1989 45 00 886,Nordea 1 - Global Real Estate Fund,[tom],[tom],2020.2021,"2022,2023,2024,2025,2026"
Luxembourg (LU),LU0705259173,Nordea 1 - Global Real Estate Fund - BI - EUR,549300E0SPFUFDUAIG67,1989 45 00 886,Nordea 1 - Global Real Estate Fund,[tom],[tom],"2020,2021,2022,2023,2024,2025,2026",
Luxembourg (LU),LU0705259256,Nordea 1 - Global Real Estate Fund - BI - NOK,549300E0SPFUFDUAIG67,1989 45 00 886,Nordea 1 - Global Real Estate Fund,[tom],[tom],"2020,2021,2022,2023,2024,2025,2026",
Luxembourg (LU),LU0705259413,Nordea 1 - Global Real Estate Fund - BI - SEK,549300E0SPFUFDUAIG67,1989 45 00 886,Nordea 1 - Global Real Estate Fund,[tom],[tom],"2020,2021,2022,2023,2024,2025,2026",
Luxembourg (LU),LU0705259504,Nordea 1 - Global Real Estate Fund - BI - USD,549300E0SPFUFDUAIG67,1989 45 00 886,Nordea 1 - Global Real Estate Fund,[tom],[tom],"2020,2021,2022,2023,2024,2025,2026",
Luxembourg (LU),LU0705259686,Nordea 1 - Global Real Estate Fund - BP - DKK,549300E0SPFUFDUAIG67,1989 45 00 886,Nordea 1 - Global Real Estate Fund,[tom],[tom],"2020,2021,2022,2023,2024,2025,2026",
Luxembourg (LU),LU0705259769,Nordea 1 - Global Real Estate Fund - BP - EUR,549300E0SPFUFDUAIG67,1989 45 00 886,Nordea 1 - Global Real Estate Fund,[tom],[tom],"2020,2021,2022,2023,2024,2025,2026",
Luxembourg (LU),LU0705259843,Nordea 1 - Global Real Estate Fund - BP - NOK,549300E0SPFUFDUAIG67,1989 45 00 886,Nordea 1 - Global Real Estate Fund,[tom],[tom],"2020,2021,2022,2023,2024,2025,2026",
Luxembourg (LU),LU0705260007,Nordea 1 - Global Real Estate Fund - BP - SEK,549300E0SPFUFDUAIG67,1989 45 00 886,Nordea 1 - Global Real Estate Fund,[tom],[tom],"2020,2021,2022,2023,2024,2025,2026",
Luxembourg (LU),LU0705260189,Nordea 1 - Global Real Estate Fund - BP - USD,549300E0SPFUFDUAIG67,1989 45 00 886,Nordea 1 - Global Real Estate Fund,[tom],[tom],"2020,2021,2022,2023,2024,2025,2026",
Luxembourg (LU),LU0705260262,Nordea 1 - Global Real Estate Fund - E - EUR,549300E0SPFUFDUAIG67,1989 45 00 886,Nordea 1 - Global Real Estate Fund,[tom],[tom],"2020,2021,2022,2023,2024,2025,2026",
Luxembourg (LU),LU0705260429,Nordea 1 - Global Real Estate Fund - E - USD,549300E0SPFUFDUAIG67,1989 45 00 886,Nordea 1 - Global Real Estate Fund,[tom],[tom],"2020,2021,2022,2023,2024,2025,2026",
Luxembourg (LU),LU0705264090,Nordea 1 - Global Stable Equity Fund - HBI - CHF,549300OYMIP4UL664L36,1989 45 00 886,Nordea 1 - Global Stable Equity Fund,[tom],[tom],"2021,2022,2023,2024","2020,2025,2026"
Luxembourg (LU),LU0705780269,RCGF - Robeco QI Global Conservative Equities B EUR,[tom],19974500291,Robeco Capital Growth Funds,[tom],[tom],"2021,2022,2023,2024,2025,2026",2020
Luxembourg (LU),LU0705782398,RCGF - Robeco QI Global Conservative Equities D EUR,[tom],19974500291,Robeco Capital Growth Funds,[tom],[tom],"2021,2022,2023,2024,2025,2026",2020
Luxembourg (LU),LU0705783958,RCGF - Robeco QI Global Conservative Equities I EUR,[tom],19974500291,Robeco Capital Growth Funds,[tom],[tom],"2021,2022,2023,2024,2025,2026",2020
Luxembourg (LU),LU0714182432,JPM Europe Strategic Dividend A (div) - EUR,[tom],[tom],JPMorgan Investment Funds - Europe Strategic Dividend Fund,[tom],[tom],"2020,2021,2022","2023,2024,2025,2026"
Luxembourg (LU),LU0714182606,JPM Europe Strategic Dividend D (div) - EUR,[tom],[tom],JPMorgan Investment Funds - Europe Strategic Dividend Fund,[tom],[tom],"2020,2021,2022","2023,2024,2025,2026"
Luxembourg (LU),LU0714908828,RCGF - Robeco QI Global Conservative Equities I USD,[tom],19974500291,Robeco Capital Growth Funds,[tom],[tom],"2021,2022,2023,2024,2025,2026",2020
Luxembourg (LU),LU0717719891,UBAM - Europe Equity Dividend+ IC EUR,549300X3WVOUILRDLO23,[tom],UBAM - Europe Equity Dividend+,[tom],[tom],2020.2021,"2022,2023,2024,2025,2026"
Luxembourg (LU),LU0717821077,RCGF - Robeco Global Consumer Trends I EUR,[tom],19974500291,Robeco Capital Growth Funds,[tom],[tom],"2021,2022,2023,2024,2025,2026",2020
Luxembourg (LU),LU0722079638,JPM Europe Strategic Dividend C (div) - EUR,[tom],[tom],JPMorgan Investment Funds - Europe Strategic Dividend Fund,[tom],[tom],"2020,2021,2022","2023,2024,2025,2026"
Luxembourg (LU),LU0724116768,JPMF - Emerging Markets Opportunities Fund - A (acc) - PLN,[tom],1969 45 00016,JPMorgan Funds,[tom],[tom],"2021,2022,2023,2024,2025,2026",2020
Luxembourg (LU),LU0724116925,JPM Emerging Markets Opportunities C (acc) - PLN,[tom],[tom],JPMorgan Funds - Emerging Markets Opportunities Fund,[tom],[tom],"2020,2021,2022,2023,2024,2025,2026",
Luxembourg (LU),LU0724117063,JPM Emerging Markets Opportunities D (acc) - PLN,[tom],[tom],JPMorgan Funds - Emerging Markets Opportunities Fund,[tom],[tom],"2020,2021,2022,2023,2024,2025,2026",
Luxembourg (LU),LU0724117147,JPMF - Emerging Markets Opportunities Fund - I (acc) - PLN,[tom],1969 45 00016,JPMorgan Funds,[tom],[tom],"2021,2022,2023,2024,2025,2026",2020
Luxembourg (LU),LU0724618789,BGF World Gold - Aggregate (CLASS A4),549300VJ8R1OCCCRJB59,19624500019,BGF World Gold Fund,[tom],[tom],"2020,2021,2022,2023,2024,2025,2026",
Luxembourg (LU),LU0759999336,JPM Emerging Markets Opportunities A (acc) - EUR,[tom],[tom],JPMorgan Funds - Emerging Markets Opportunities Fund,[tom],[tom],"2020,2021,2022,2023,2024,2025,2026",
Luxembourg (LU),LU0760000421,JPM Emerging Markets Opportunities C (acc) - EUR,[tom],[tom],JPMorgan Funds - Emerging Markets Opportunities Fund,[tom],[tom],"2020,2021,2022,2023,2024,2025,2026",
Luxembourg (LU),LU0766461478,RCGF - Robeco QI Global Conservative Equities Z EUR,[tom],19974500291,Robeco Capital Growth Funds,[tom],[tom],"2021,2022,2023,2024,2025,2026",2020
Luxembourg (LU),LU0772915806,Nordea 1 - Global Climate and Environment Fund - HB - CHF,549300JJG1N66HM3TH21,1989 45 00 886,Nordea 1 - Global Climate and Environment Fund,[tom],[tom],"2021,2022,2023,2024,2025,2026",2020
Luxembourg (LU),LU0772916010,Nordea 1 - Global Climate and Environment Fund - HBI - CHF,549300JJG1N66HM3TH21,1989 45 00 886,Nordea 1 - Global Climate and Environment Fund,[tom],[tom],"2021,2022,2023,2024,2025,2026",2020
Luxembourg (LU),LU0772942016,Nordea 1 - Emerging Stars Equity Fund - BI - GBP,549300UFJRQ77N3UYE48,1989 45 00 886,Nordea 1 - Emerging Stars Equity Fund,[tom],[tom],"2020,2021,2022,2023,2024,2025,2026",
Luxembourg (LU),LU0772954458,Nordea 1 - Global Climate and Environment Fund - BC - USD,549300JJG1N66HM3TH21,1989 45 00 886,Nordea 1 - Global Climate and Environment Fund,[tom],[tom],"2021,2022,2023,2024,2025,2026",2020
Luxembourg (LU),LU0772956743,Nordea 1 - North American Stars Equity Fund - AI - USD,5493000U6GOWJF5BJ788,1989 45 00 886,Nordea 1 - North American Stars Equity Fund,[tom],[tom],"2020,2021,2022,2023,2024,2025,2026",
Luxembourg (LU),LU0772957048,Nordea 1 - North American Stars Equity Fund - AP - EUR,5493000U6GOWJF5BJ788,1989 45 00 886,Nordea 1 - North American Stars Equity Fund,[tom],[tom],"2020,2021,2022,2023,2024,2025,2026",
Luxembourg (LU),LU0772957477,Nordea 1 - North American Stars Equity Fund - AP - USD,5493000U6GOWJF5BJ788,1989 45 00 886,Nordea 1 - North American Stars Equity Fund,[tom],[tom],"2020,2021,2022,2023,2024,2025,2026",
Luxembourg (LU),LU0772957550,Nordea 1 - North American Stars Equity Fund - BI - EUR,5493000U6GOWJF5BJ788,1989 45 00 886,Nordea 1 - North American Stars Equity Fund,[tom],[tom],"2020,2021,2022,2023,2024,2025,2026",
Luxembourg (LU),LU0772957808,Nordea 1 - North American Stars Equity Fund - BI - USD,5493000U6GOWJF5BJ788,1989 45 00 886,Nordea 1 - North American Stars Equity Fund,[tom],[tom],"2020,2021,2022,2023,2024,2025,2026",
Luxembourg (LU),LU0772958012,Nordea 1 - North American Stars Equity Fund - BP - EUR,5493000U6GOWJF5BJ788,1989 45 00 886,Nordea 1 - North American Stars Equity Fund,[tom],[tom],"2020,2021,2022,2023,2024,2025,2026",
Luxembourg (LU),LU0772958103,Nordea 1 - North American Stars Equity Fund - BP - GBP,5493000U6GOWJF5BJ788,1989 45 00 886,Nordea 1 - North American Stars Equity Fund,[tom],[tom],"2020,2021,2022","2023,2024,2025,2026"
Luxembourg (LU),LU0772958285,Nordea 1 - North American Stars Equity Fund - BP - NOK,5493000U6GOWJF5BJ788,1989 45 00 886,Nordea 1 - North American Stars Equity Fund,[tom],[tom],"2020,2021,2022,2023,2024,2025,2026",
Luxembourg (LU),LU0772958442,Nordea 1 - North American Stars Equity Fund - BP - SEK,5493000U6GOWJF5BJ788,1989 45 00 886,Nordea 1 - North American Stars Equity Fund,[tom],[tom],"2020,2021,2022,2023,2024,2025,2026",
Luxembourg (LU),LU0772958525,Nordea 1 - North American Stars Equity Fund - BP - USD,5493000U6GOWJF5BJ788,1989 45 00 886,Nordea 1 - North American Stars Equity Fund,[tom],[tom],"2020,2021,2022,2023,2024,2025,2026",
Luxembourg (LU),LU0772958798,Nordea 1 - North American Stars Equity Fund - E - EUR,5493000U6GOWJF5BJ788,1989 45 00 886,Nordea 1 - North American Stars Equity Fund,[tom],[tom],"2020,2021,2022,2023,2024,2025,2026",
Luxembourg (LU),LU0772958954,Nordea 1 - North American Stars Equity Fund - E - USD,5493000U6GOWJF5BJ788,1989 45 00 886,Nordea 1 - North American Stars Equity Fund,[tom],[tom],"2020,2021,2022,2023,2024,2025,2026",
Luxembourg (LU),LU0772959093,Nordea 1 - North American Stars Equity Fund - HA - EUR,5493000U6GOWJF5BJ788,1989 45 00 886,Nordea 1 - North American Stars Equity Fund,[tom],[tom],"2020,2021,2022,2023,2024,2025,2026",
Luxembourg (LU),LU0772959259,Nordea 1 - North American Stars Equity Fund - HB - EUR,5493000U6GOWJF5BJ788,1989 45 00 886,Nordea 1 - North American Stars Equity Fund,[tom],[tom],"2020,2021,2022,2023,2024,2025,2026",
Luxembourg (LU),LU0772959507,Nordea 1 - North American Stars Equity Fund - HBI - CHF,5493000U6GOWJF5BJ788,1989 45 00 886,Nordea 1 - North American Stars Equity Fund,[tom],[tom],"2020,2021,2022,2023,2024,2025,2026",
Luxembourg (LU),LU0776316233,JPM Emerging Markets Opportunities A (dist) - USD,[tom],[tom],JPMorgan Funds - Emerging Markets Opportunities Fund,[tom],[tom],"2020,2021,2022,2023,2024,2025,2026",
Luxembourg (LU),LU0776319500,JPM Emerging Markets Opportunities A (dist) - EUR,[tom],[tom],JPMorgan Funds - Emerging Markets Opportunities Fund,[tom],[tom],"2020,2021,2022,2023,2024,2025,2026",
Luxembourg (LU),LU0776329210,JPM Emerging Markets Opportunities C (dist) - GBP,[tom],[tom],JPMorgan Funds - Emerging Markets Opportunities Fund,[tom],[tom],"2020,2021,2022,2023,2024,2025,2026",
Luxembourg (LU),LU0776330572,JPM Emerging Markets Opportunities A (dist) - GBP,[tom],[tom],JPMorgan Funds - Emerging Markets Opportunities Fund,[tom],[tom],"2020,2021,2022,2023,2024,2025,2026",
Luxembourg (LU),LU0778445204,Nordea 1 - North American Stars Equity Fund - BI - NOK,5493000U6GOWJF5BJ788,1989 45 00 886,Nordea 1 - North American Stars Equity Fund,[tom],[tom],"2020,2021,2022,2023,2024,2025,2026",
Luxembourg (LU),LU0778445386,Nordea 1 - North American Stars Equity Fund - BI - SEK,5493000U6GOWJF5BJ788,1989 45 00 886,Nordea 1 - North American Stars Equity Fund,[tom],[tom],"2020,2021,2022,2023,2024,2025,2026",
Luxembourg (LU),LU0784608738,JPM Emerging Markets Small Cap T (perf) (acc) - EUR,[tom],[tom],JPMorgan Funds - Emerging Markets Small Cap Fund,[tom],[tom],"2020,2021,2022,2023,2024,2025,2026",
Luxembourg (LU),LU0788108826,BGF World Gold Fund Class A2 Hedged HKD,549300VJ8R1OCCCRJB59,19624500019,BGF World Gold Fund,[tom],[tom],"2020,2021,2022,2023,2024,2025,2026",
Luxembourg (LU),LU0788109121,BGF World Mining Natural Resources Fund - Aggregate (CLASS A2 HEDGED),5493003C0BXUIHPFTC89,19624500019,BGF World Mining Fund,[tom],[tom],"2020,2021,2022,2023,2024,2025,2026",
Luxembourg (LU),LU0788109394,BGF World Energy Fund - Aggregate (CLASS A2 HEDGED),549300ONQ7XH0HHO0U76,19624500019,BGF World Energy Fund - Aggregate,[tom],[tom],"2020,2021,2022,2023,2024,2025,2026",
Luxembourg (LU),LU0792910050,RCGF - Robeco Emerging Stars Equities F EUR,[tom],19974500291,Robeco Capital Growth Funds,[tom],[tom],"2021,2022,2023,2024,2025,2026",2020
Luxembourg (LU),LU0792910217,RCGF - Robeco QI Emerging Conservative Equities C EUR,[tom],19974500291,Robeco Capital Growth Funds,[tom],[tom],"2021,2022,2023,2024,2025,2026",2020
Luxembourg (LU),LU0792910480,RCGF - Robeco New World Financials F EUR,[tom],19974500291,Robeco Capital Growth Funds,[tom],[tom],"2021,2022,2023","2020,2024,2025,2026"
Luxembourg (LU),LU0799121404,JPM Emerging Markets Equity I (acc) - EUR (hedged),[tom],[tom],JPMorgan Funds - Emerging Markets Equity Fund,[tom],[tom],"2020,2021,2022,2023,2024,2025,2026",
Luxembourg (LU),LU0802113760,JPM Emerging Markets Opportunities I (acc) - EUR,[tom],[tom],JPMorgan Funds - Emerging Markets Opportunities Fund,[tom],[tom],"2020,2021,2022,2023,2024,2025,2026",
Luxembourg (LU),LU0821049177,JPM Europe Strategic Dividend C (dist) - EUR,[tom],[tom],JPMorgan Investment Funds - Europe Strategic Dividend Fund,[tom],[tom],"2020,2021,2022","2023,2024,2025,2026"
Luxembourg (LU),LU0821169231,RCGF - Robeco QI Emerging Conservative Equities I USD,[tom],19974500291,Robeco Capital Growth Funds,[tom],[tom],"2021,2022,2023,2024,2025,2026",2020
Luxembourg (LU),LU0822041645,JPM America Equity C (dist) - USD,[tom],[tom],JPMorgan Funds - America Equity Fund,[tom],[tom],"2020,2021,2022,2023,2024,2025,2026",
Luxembourg (LU),LU0822041991,JPM Emerging Europe Equity C (dist) - EUR,[tom],[tom],JPMorgan Funds - Emerging Europe Equity Fund,[tom],[tom],"2020,2021,2022,2023,2024",2025.2026
Luxembourg (LU),LU0822042536,JPM Emerging Markets Equity C (acc) - EUR,[tom],[tom],JPMorgan Funds - Emerging Markets Equity Fund,[tom],[tom],"2020,2021,2022,2023,2024,2025,2026",
Luxembourg (LU),LU0822042619,JPM Emerging Markets Equity C (dist) - GBP,[tom],[tom],JPMorgan Funds - Emerging Markets Equity Fund,[tom],[tom],"2020,2021,2022,2023,2024,2025,2026",
Luxembourg (LU),LU0822042882,JPM Emerging Markets Small Cap C (perf) (dist) - GBP,[tom],[tom],JPMorgan Funds - Emerging Markets Small Cap Fund,[tom],[tom],"2020,2021,2022,2023,2024,2025,2026",
Luxembourg (LU),LU0822044581,JPMF - Europe Strategic Growth Fund - JPM Europe Strategic Growth C (dist) - GBP,[tom],1969 45 00016,JPMorgan Funds,[tom],[tom],2021.2022,"2020,2023,2024,2025,2026"
Luxembourg (LU),LU0822044748,JPM Europe Strategic Value C (dist) - GBP,[tom],[tom],JPMorgan Funds - Europe Strategic Value Fund,[tom],[tom],"2020,2021,2022","2023,2024,2025,2026"
Luxembourg (LU),LU0822049622,JPM US Value C (dist) - GBP,false,false,JPMorgan Funds - US Value Fund,[tom],[tom],"2020,2021,2022","2023,2024,2025,2026"
Luxembourg (LU),LU0823807010,JPM Emerging Markets Opportunities X (acc) - GBP,[tom],[tom],JPMorgan Funds - Emerging Markets Opportunities Fund,[tom],[tom],"2020,2021,2022,2023,2024,2025,2026",
Luxembourg (LU),LU0826403478,Nordea 1 - North American Small Cap Fund - AP - USD,549300I0O3KGVSZRC713,1989 45 00 886,Nordea 1 - North American Small Cap Fund,[tom],[tom],"2020,2021,2022","2023,2024,2025,2026"
Luxembourg (LU),LU0826403981,Nordea 1 - North American Small Cap Fund - BI - EUR,549300I0O3KGVSZRC713,1989 45 00 886,Nordea 1 - North American Small Cap Fund,[tom],[tom],"2020,2021,2022","2023,2024,2025,2026"
Luxembourg (LU),LU0826404369,Nordea 1 - North American Small Cap Fund - BI - USD,549300I0O3KGVSZRC713,1989 45 00 886,Nordea 1 - North American Small Cap Fund,[tom],[tom],"2020,2021,2022","2023,2024,2025,2026"
Luxembourg (LU),LU0826404526,Nordea 1 - North American Small Cap Fund - BP - EUR,549300I0O3KGVSZRC713,1989 45 00 886,Nordea 1 - North American Small Cap Fund,[tom],[tom],"2020,2021,2022","2023,2024,2025,2026"
Luxembourg (LU),LU0826404872,Nordea 1 - North American Small Cap Fund - BP - NOK,549300I0O3KGVSZRC713,1989 45 00 886,Nordea 1 - North American Small Cap Fund,[tom],[tom],"2020,2021,2022","2023,2024,2025,2026"
Luxembourg (LU),LU0826405093,Nordea 1 - North American Small Cap Fund - BP - SEK,549300I0O3KGVSZRC713,1989 45 00 886,Nordea 1 - North American Small Cap Fund,[tom],[tom],"2020,2021,2022","2023,2024,2025,2026"
Luxembourg (LU),LU0826405176,Nordea 1 - North American Small Cap Fund - BP - USD,549300I0O3KGVSZRC713,1989 45 00 886,Nordea 1 - North American Small Cap Fund,[tom],[tom],"2020,2021,2022","2023,2024,2025,2026"
Luxembourg (LU),LU0826405259,Nordea 1 - North American Small Cap Fund - E - EUR,549300I0O3KGVSZRC713,1989 45 00 886,Nordea 1 - North American Small Cap Fund,[tom],[tom],"2020,2021,2022","2023,2024,2025,2026"
Luxembourg (LU),LU0826405416,Nordea 1 - North American Small Cap Fund - E - USD,549300I0O3KGVSZRC713,1989 45 00 886,Nordea 1 - North American Small Cap Fund,[tom],[tom],"2020,2021,2022","2023,2024,2025,2026"
Luxembourg (LU),LU0826405929,Nordea 1 - North American Small Cap Fund - HB - EUR,549300I0O3KGVSZRC713,1989 45 00 886,Nordea 1 - North American Small Cap Fund,[tom],[tom],"2020,2021,2022","2023,2024,2025,2026"
Luxembourg (LU),LU0827876581,BGF Emerging Europe Fund - Aggregate (CLASS D2),549300RUF9JP7OY4U871,19624500019,BGF Emerging Europe Fund - Aggregate,[tom],[tom],"2020,2021,2022,2023,2024,2025,2026",
Luxembourg (LU),LU0827876664,BGF Emerging Europe Fund Class D4 GBP,549300RUF9JP7OY4U871,19624500019,BGF Emerging Europe Fund - Aggregate,[tom],[tom],"2020,2021,2022,2023,2024,2025,2026",
Luxembourg (LU),LU0827876748,BGF Emerging Europe Fund Class D2 Hedged GBP,549300RUF9JP7OY4U871,19624500019,BGF Emerging Europe Fund - Aggregate,[tom],[tom],"2020,2021,2022,2023,2024,2025,2026",
Luxembourg (LU),LU0827878280,BGF Euro-Markets Fund - European Equity Portfolio - Aggregate (CLASS D2),549300GXUXRC34JGKL97,19624500019,BGF Euro-Markets Fund - Aggregate,[tom],[tom],"2020,2021,2022,2023,2024,2025,2026",
Luxembourg (LU),LU0827878363,BGF Euro-Markets Fund - European Equity Portfolio - Aggregate (CLASS D4),549300GXUXRC34JGKL97,19624500019,BGF Euro-Markets Fund - Aggregate,[tom],[tom],"2020,2021,2022,2023,2024,2025,2026",
Luxembourg (LU),LU0827878447,BGF Euro-Markets Fund Class D4 GBP,549300GXUXRC34JGKL97,19624500019,BGF Euro-Markets Fund - Aggregate,[tom],[tom],"2020,2021,2022,2023,2024,2025,2026",
Luxembourg (LU),LU0827885905,BGF United Kingdom Fund (CLASS D2),549300CZ01EMON5C7Z93,19624500019,BGF United Kingdom Fund,[tom],[tom],"2020,2021,2022,2023,2024,2025,2026",
Luxembourg (LU),LU0827886036,BGF United Kingdom Fund Class D4 GBP,549300CZ01EMON5C7Z93,19624500019,BGF United Kingdom Fund,[tom],[tom],"2020,2021,2022,2023,2024,2025,2026",
Luxembourg (LU),LU0827887869,BGF Nutrition Fund Class D2 HKD,549300JF9YVE3CKHH246,19624500019,BGF Nutrition Fund - Aggregate,[tom],[tom],"2020,2021,2022,2023,2024,2025,2026",
Luxembourg (LU),LU0827887943,BGF Nutrition Fund Class D2 Hedged GBP,549300JF9YVE3CKHH246,19624500019,BGF Nutrition Fund - Aggregate,[tom],[tom],"2020,2021,2022,2023,2024,2025,2026",
Luxembourg (LU),LU0827888081,BGF Nutrition Fund Class D2 Hedged SGD,549300JF9YVE3CKHH246,19624500019,BGF Nutrition Fund - Aggregate,[tom],[tom],"2020,2021,2022,2023,2024,2025,2026",
Luxembourg (LU),LU0827888164,BGF Nutrition Fund Class D4 Hedged EUR,549300JF9YVE3CKHH246,19624500019,BGF Nutrition Fund - Aggregate,[tom],[tom],"2020,2021,2022,2023,2024,2025,2026",
Luxembourg (LU),LU0827888248,BGF Nutrition Fund Class D4 Hedged GBP,549300JF9YVE3CKHH246,19624500019,BGF Nutrition Fund - Aggregate,[tom],[tom],"2020,2021,2022,2023,2024,2025,2026",
Luxembourg (LU),LU0827888677,BGF World Energy Fund - Aggregate (CLASS D4),549300ONQ7XH0HHO0U76,19624500019,BGF World Energy Fund - Aggregate,[tom],[tom],"2020,2021,2022,2023,2024,2025,2026",
Luxembourg (LU),LU0827888750,BGF World Energy Fund - Aggregate (CLASS D4),549300ONQ7XH0HHO0U76,19624500019,BGF World Energy Fund - Aggregate,[tom],[tom],"2020,2021,2022,2023,2024,2025,2026",
Luxembourg (LU),LU0827888834,BGF World Energy Fund - Aggregate (CLASS D2 HEDGED),549300ONQ7XH0HHO0U76,19624500019,BGF World Energy Fund - Aggregate,[tom],[tom],"2020,2021,2022,2023,2024,2025,2026",
Luxembourg (LU),LU0827889139,BGF World Gold - Aggregate (CLASS D4),549300VJ8R1OCCCRJB59,19624500019,BGF World Gold Fund,[tom],[tom],"2020,2021,2022,2023,2024,2025,2026",
Luxembourg (LU),LU0827889212,BGF World Gold Fund Class D2 Hedged GBP,549300VJ8R1OCCCRJB59,19624500019,BGF World Gold Fund,[tom],[tom],"2020,2021,2022,2023,2024,2025,2026",
Luxembourg (LU),LU0827889303,BGF World Gold - Aggregate (CLASS D2 HEDGED),549300VJ8R1OCCCRJB59,19624500019,BGF World Gold Fund,[tom],[tom],"2020,2021,2022,2023,2024,2025,2026",
Luxembourg (LU),LU0827889725,BGF World Mining Fund Class D4 GBP,5493003C0BXUIHPFTC89,19624500019,BGF World Mining Fund,[tom],[tom],"2020,2021,2022,2023,2024,2025,2026",
Luxembourg (LU),LU0827889998,BGF World Mining Natural Resources Fund - Aggregate (CLASS D2  HEDGED),5493003C0BXUIHPFTC89,19624500019,BGF World Mining Fund,[tom],[tom],"2020,2021,2022,2023,2024,2025,2026",
Luxembourg (LU),LU0827890061,BGF World Mining Natural Resources Fund - Aggregate (CLASS D2 HEDGED),5493003C0BXUIHPFTC89,19624500019,BGF World Mining Fund,[tom],[tom],"2020,2021,2022,2023,2024,2025,2026",
Luxembourg (LU),LU0827890145,BGF World Mining Fund Class D2 Hedged GBP,5493003C0BXUIHPFTC89,19624500019,BGF World Mining Fund,[tom],[tom],"2020,2021,2022,2023,2024,2025,2026",
Luxembourg (LU),LU0827890228,BGF World Mining Natural Resources Fund - Aggregate (CLASS D2 Hedged),5493003C0BXUIHPFTC89,19624500019,BGF World Mining Fund,[tom],[tom],"2020,2021,2022,2023,2024,2025,2026",
Luxembourg (LU),LU0828466382,JPM Europe Strategic Value C (dist) - EUR,[tom],[tom],JPMorgan Funds - Europe Strategic Value Fund,[tom],[tom],"2020,2021,2022","2023,2024,2025,2026"
Luxembourg (LU),LU0828467430,JPM US Value C (dist) - USD,false,false,JPMorgan Funds - US Value Fund,[tom],[tom],"2020,2021,2022","2023,2024,2025,2026"
Luxembourg (LU),LU0832436512,Lyxor SG Global Quality Income NTR UCITS ETF - Dist,5493000NMO32U8YQA796,2006.45.00253,Multi Units Luxembourg,[tom],[tom],"2021,2022,2023,2024,2025,2026",2020
Luxembourg (LU),LU0834379876,RCGF - Robeco Emerging Stars Equities Z EUR,[tom],19974500291,Robeco Capital Growth Funds,[tom],[tom],"2021,2022,2023,2024,2025,2026",2020
Luxembourg (LU),LU0839027447,Xtrackers Nikkei 225,549300LVXXR6TCRR8V11,[tom],Xtrackers Nikkei 225,[tom],[tom],"2020,2021,2022,2023,2024,2025,2026",
Luxembourg (LU),LU0841534356,Nordea 1 - North American Value Fund - BC - USD,549300DQNY7RVGMPNU83,1989 45 00 886,Nordea 1 - North American Value Fund,[tom],[tom],"2021,2022,2023,2024","2020,2025,2026"
Luxembourg (LU),LU0841537888,Nordea 1 - Global Stable Equity Fund - BC - EUR,549300OYMIP4UL664L36,1989 45 00 886,Nordea 1 - Global Stable Equity Fund,[tom],[tom],"2021,2022,2023,2024,2025,2026",2020
Luxembourg (LU),LU0841538183,Nordea 1 - Global Stable Equity Fund - AC - EUR,549300OYMIP4UL664L36,1989 45 00 886,Nordea 1 - Global Stable Equity Fund,[tom],[tom],"2021,2022,2023,2024,2025,2026",2020
Luxembourg (LU),LU0841548067,Nordea 1 - Nordic Equity Fund - BC - EUR,5493002P8HQC8H89KJ23,1989 45 00 886,Nordea 1 - Nordic Equity Fund,[tom],[tom],"2021,2022,2023,2024,2025,2026",2020
Luxembourg (LU),LU0841548497,Nordea 1 - Nordic Equity Fund - BC - GBP,5493002P8HQC8H89KJ23,1989 45 00 886,Nordea 1 - Nordic Equity Fund,[tom],[tom],"2021,2022,2023,2024,2025,2026",2020
Luxembourg (LU),LU0841549032,Nordea 1 - Nordic Equity Fund - AC - EUR,5493002P8HQC8H89KJ23,1989 45 00 886,Nordea 1 - Nordic Equity Fund,[tom],[tom],"2021,2022,2023,2024,2025,2026",2020
Luxembourg (LU),LU0841585341,Nordea 1 - Global Climate and Environment Fund - BC - GBP,549300JJG1N66HM3TH21,1989 45 00 886,Nordea 1 - Global Climate and Environment Fund,[tom],[tom],"2021,2022,2023,2024,2025,2026",2020
Luxembourg (LU),LU0841585770,Nordea 1 - Global Climate and Environment Fund - AC - GBP,549300JJG1N66HM3TH21,1989 45 00 886,Nordea 1 - Global Climate and Environment Fund,[tom],[tom],"2021,2022,2023,2024,2025,2026",2020
Luxembourg (LU),LU0841586075,Nordea 1 - Global Climate and Environment Fund - BC - EUR,549300JJG1N66HM3TH21,1989 45 00 886,Nordea 1 - Global Climate and Environment Fund,[tom],[tom],"2021,2022,2023,2024,2025,2026",2020
Luxembourg (LU),LU0841586315,Nordea 1 - Global Climate and Environment Fund - AC - EUR,549300JJG1N66HM3TH21,1989 45 00 886,Nordea 1 - Global Climate and Environment Fund,[tom],[tom],"2021,2022,2023,2024,2025,2026",2020
Luxembourg (LU),LU0841586661,Nordea 1 - Global Climate and Environment Fund - HBC - GBP,549300JJG1N66HM3TH21,1989 45 00 886,Nordea 1 - Global Climate and Environment Fund,[tom],[tom],"2021,2022,2023,2024,2025,2026",2020
Luxembourg (LU),LU0841594681,Emerging Wealth Equity Fund - BC - GBP,549300OWHGQ6OST4Q544,1989 45 00 886,Nordea 1 - Emerging Wealth Equity Fund,[tom],[tom],"2021,2022,2023,2024","2020,2025,2026"
Luxembourg (LU),LU0841595498,Emerging Wealth Equity Fund - BC - EUR,549300OWHGQ6OST4Q544,1989 45 00 886,Nordea 1 - Emerging Wealth Equity Fund,[tom],[tom],"2021,2022,2023,2024","2020,2025,2026"
Luxembourg (LU),LU0841603938,Nordea 1 - Emerging Stars Equity Fund - BC - GBP,549300UFJRQ77N3UYE48,1989 45 00 886,Nordea 1 - Emerging Stars Equity Fund,[tom],[tom],"2020,2021,2022,2023,2024,2025,2026",
Luxembourg (LU),LU0841604316,Nordea 1 - Emerging Stars Equity Fund - BC - EUR,549300UFJRQ77N3UYE48,1989 45 00 886,Nordea 1 - Emerging Stars Equity Fund,[tom],[tom],"2020,2021,2022,2023,2024,2025,2026",
Luxembourg (LU),LU0841604589,Emerging Stars Equity Fund - AC - EUR,549300UFJRQ77N3UYE48,[tom],"Nordea 1, SICAV Emerging Stars Equity Fund",[tom],[tom],"2021,2022,2023,2024,2025,2026",2020
Luxembourg (LU),LU0841604746,Nordea 1 - Emerging Stars Equity Fund - HBC - GBP,549300UFJRQ77N3UYE48,1989 45 00 886,Nordea 1 - Emerging Stars Equity Fund,[tom],[tom],"2020,2021,2022,2023,2024,2025,2026",
Luxembourg (LU),LU0841605040,Nordea 1 - Emerging Stars Equity Fund - BC - USD,549300UFJRQ77N3UYE48,1989 45 00 886,Nordea 1 - Emerging Stars Equity Fund,[tom],[tom],"2020,2021,2022,2023,2024,2025,2026",
Luxembourg (LU),LU0841619421,Nordea 1 - Stable Emerging Markets Equity Fund - BC - GBP,549300WZ0EJW0K2LBI46,1989 45 00 886,Nordea 1 - Stable Emerging Markets Equity Fund,[tom],[tom],"2020,2021,2022,2023,2024,2025,2026",
Luxembourg (LU),LU0841619934,Nordea 1 - Stable Emerging Markets Equity Fund - BC - EUR,549300WZ0EJW0K2LBI46,1989 45 00 886,Nordea 1 - Stable Emerging Markets Equity Fund,[tom],[tom],"2020,2021,2022,2023,2024,2025,2026",
Luxembourg (LU),LU0841620601,Nordea 1 - Stable Emerging Markets Equity Fund - BC - USD,549300WZ0EJW0K2LBI46,1989 45 00 886,Nordea 1 - Stable Emerging Markets Equity Fund,[tom],[tom],"2020,2021,2022,2023,2024,2025,2026",
Luxembourg (LU),LU0841623613,Nordea 1 - Global Real Estate Fund - BC - EUR,549300E0SPFUFDUAIG67,1989 45 00 886,Nordea 1 - Global Real Estate Fund,[tom],[tom],"2020,2021,2022,2023,2024,2025,2026",
Luxembourg (LU),LU0841624348,Nordea 1 - Global Real Estate Fund - BC - USD,549300E0SPFUFDUAIG67,1989 45 00 886,Nordea 1 - Global Real Estate Fund,[tom],[tom],"2020,2021,2022,2023,2024,2025,2026",
Luxembourg (LU),LU0841633414,Nordea 1 - North American Stars Equity Fund - BC - GBP,5493000U6GOWJF5BJ788,1989 45 00 886,Nordea 1 - North American Stars Equity Fund,[tom],[tom],"2020,2021,2022,2023,2024,2025,2026",
Luxembourg (LU),LU0841633844,Nordea 1 - North American Stars Equity Fund - BC - EUR,5493000U6GOWJF5BJ788,1989 45 00 886,Nordea 1 - North American Stars Equity Fund,[tom],[tom],"2020,2021,2022,2023,2024,2025,2026",
Luxembourg (LU),LU0841634578,Nordea 1 - North American Stars Equity Fund - BC - USD,5493000U6GOWJF5BJ788,1989 45 00 886,Nordea 1 - North American Stars Equity Fund,[tom],[tom],"2020,2021,2022,2023,2024,2025,2026",
Luxembourg (LU),LU0841634909,Nordea 1 - North American Stars Equity Fund - HBC - EUR,5493000U6GOWJF5BJ788,1989 45 00 886,Nordea 1 - North American Stars Equity Fund,[tom],[tom],"2020,2021,2022,2023,2024,2025,2026",
Luxembourg (LU),LU0842954264,JPM Emerging Markets Opportunities T (acc) - EUR,[tom],[tom],JPMorgan Funds - Emerging Markets Opportunities Fund,[tom],[tom],"2020,2021,2022,2023,2024,2025,2026",
Luxembourg (LU),LU0846584562,JPM Emerging Markets Opportunities C (dist) - USD,[tom],[tom],JPMorgan Funds - Emerging Markets Opportunities Fund,[tom],[tom],"2020,2021,2022,2023,2024,2025,2026",
Luxembourg (LU),LU0846585023,JPM Emerging Markets Opportunities D (acc) - EUR,[tom],[tom],JPMorgan Funds - Emerging Markets Opportunities Fund,[tom],[tom],"2020,2021,2022,2023,2024,2025,2026",
Luxembourg (LU),LU0847324943,JPM Asia Pacific Equity C (dist) - USD,[tom],[tom],JPMorgan Funds - Asia Pacific Equity Fund,[tom],[tom],"2020,2021,2022","2023,2024,2025,2026"
Luxembourg (LU),LU0847325916,JPM Emerging Markets Opportunities C (dist) - EUR,[tom],[tom],JPMorgan Funds - Emerging Markets Opportunities Fund,[tom],[tom],"2020,2021,2022,2023,2024,2025,2026",
Luxembourg (LU),LU0847328183,JPM Europe Small Cap C (dist) - EUR,[tom],[tom],JPMorgan Funds - Europe Small Cap Fund,[tom],[tom],"2020,2021,2022,2023,2024,2025,2026",
Luxembourg (LU),LU0847328266,JPMF - Europe Small Cap Fund - JPM Europe Small Cap C (dist) - GBP,[tom],1969 45 00016,JPMorgan Funds,[tom],[tom],"2021,2022,2023,2024,2025,2026",2020
Luxembourg (LU),LU0847328340,JPM Europe Strategic Growth C (dist) - EUR,[tom],[tom],JPMorgan Funds - Europe Strategic Growth Fund,[tom],[tom],"2020,2021,2022","2023,2024,2025,2026"
Luxembourg (LU),LU0848064555,JPM Europe Select Equity C (dist) - EUR,[tom],[tom],JPMorgan Investment Funds - Europe Select Equity Fund,[tom],[tom],"2020,2021,2022,2023,2024,2025,2026",
Luxembourg (LU),LU0848065792,JPM Global Select Equity C (dist) - USD,[tom],[tom],JPMorgan Investment Funds - Global Select Equity Fund,[tom],[tom],"2020,2021,2022,2023,2024,2025,2026",
Luxembourg (LU),LU0848066766,JPM US Select Equity C (dist) - USD,[tom],[tom],JPMorgan Investment Funds - US Select Equity Fund,[tom],[tom],"2020,2021,2022,2023,2024,2025,2026",
Luxembourg (LU),LU0854930277,RCGF - Robeco QI Global Conservative Equities D USD,[tom],19974500291,Robeco Capital Growth Funds,[tom],[tom],"2021,2022,2023,2024,2025,2026",2020
Luxembourg (LU),LU0854930350,RCGF - Robeco QI Emerging Conservative Equities D USD,[tom],19974500291,Robeco Capital Growth Funds,[tom],[tom],"2021,2022,2023,2024,2025,2026",2020
Luxembourg (LU),LU0855787668,Nordea 1 - Nordic Equity Fund - BI - NOK,5493002P8HQC8H89KJ23,1989 45 00 886,Nordea 1 - Nordic Equity Fund,[tom],[tom],"2021,2022,2023,2024,2025,2026",2020
Luxembourg (LU),LU0860350064,T. Rowe Price Funds SICAV Asia Ex Japan Equity Fund Asian Ex-Japan Equity Fund Q,[tom],[tom],T. ROWE PRICE FUNDS SICAV,[tom],[tom],"2020,2021,2022,2023,2024,2025,2026",
Luxembourg (LU),LU0860350577,T. Rowe Price Funds SICAV US Large Cap Growth Equity Fund US Large Cap Growth Equity Fund Q,549300OHLAV8MCXB2D69,false,T. ROWE PRICE FUNDS SICAV,[tom],[tom],"2020,2021,2022,2023,2024,2025,2026",
Luxembourg (LU),LU0863150172,JPM America Equity A (acc) - HKD,[tom],[tom],JPMorgan Funds - America Equity Fund,[tom],[tom],"2020,2021,2022,2023,2024,2025,2026",
Luxembourg (LU),LU0864198402,JPM Europe Select Equity C (dist) - GBP,[tom],[tom],JPMorgan Investment Funds - Europe Select Equity Fund,[tom],[tom],"2020,2021,2022,2023,2024,2025,2026",
Luxembourg (LU),LU0864198667,JPM Europe Strategic Dividend C (dist) - GBP,[tom],[tom],JPMorgan Investment Funds - Europe Strategic Dividend Fund,[tom],[tom],"2020,2021,2022","2023,2024,2025,2026"
Luxembourg (LU),LU0866311722,JPM Emerging Markets Opportunities A (acc) - CHF (hedged),[tom],[tom],JPMorgan Funds - Emerging Markets Opportunities Fund,[tom],[tom],"2020,2021,2022,2023,2024,2025,2026",
Luxembourg (LU),LU0866312027,JPM Emerging Markets Opportunities C (acc) - CHF (hedged),[tom],[tom],JPMorgan Funds - Emerging Markets Opportunities Fund,[tom],[tom],"2020,2021,2022,2023,2024,2025,2026",
Luxembourg (LU),LU0866684672,JPM US Smaller Companies P (dist) - USD,[tom],[tom],JPMorgan Funds - US Smaller Companies Fund,[tom],[tom],"2020,2021,2022,2023","2024,2025,2026"
Luxembourg (LU),LU0867066879,T. Rowe Price Funds SICAV Global Growth Equity Fund Global Growth Equity Fund Q (GBP),549300OHLAV8MCXB2D69,false,T. ROWE PRICE FUNDS SICAV,[tom],[tom],"2020,2021,2022,2023,2024,2025,2026",
Luxembourg (LU),LU0868484659,JPM Emerging Markets Opportunities A (acc) - SGD,[tom],[tom],JPMorgan Funds - Emerging Markets Opportunities Fund,[tom],[tom],"2020,2021,2022,2023,2024,2025,2026",
Luxembourg (LU),LU0868486357,JPM Emerging Markets Opportunities A (acc) - SGD (hedged),[tom],[tom],JPMorgan Funds - Emerging Markets Opportunities Fund,[tom],[tom],"2020,2021,2022,2023,2024,2025,2026",
Luxembourg (LU),LU0871639463,BGF European Equity Income Fund Class D5G EUR,549300EO4UBXXE7L7Y87,19624500019,BGF European Equity Income Fund - Aggregate,[tom],[tom],"2020,2021,2022,2023,2024,2025,2026",
Luxembourg (LU),LU0871827464,RCGF - Robeco Global Consumer Trends F EUR,[tom],19974500291,Robeco Capital Growth Funds,[tom],[tom],"2021,2022,2023,2024,2025,2026",2020
Luxembourg (LU),LU0875160912,BGF European Equity  Income Fund- Aggregate (CLASS D4),549300EO4UBXXE7L7Y87,19624500019,BGF European Equity Income Fund - Aggregate,[tom],[tom],"2020,2021,2022,2023,2024,2025,2026",
Luxembourg (LU),LU0875838053,RCGF - Robeco QI Emerging Conservative Equities I GBP,[tom],19974500291,Robeco Capital Growth Funds,[tom],[tom],"2021,2022,2023,2024,2025,2026",2020
Luxembourg (LU),LU0883524240,BGF European Equity  Income Fund- Aggregate (CLASS I4),549300EO4UBXXE7L7Y87,19624500019,BGF European Equity Income Fund - Aggregate,[tom],[tom],"2020,2021,2022,2023,2024,2025,2026",
Luxembourg (LU),LU0891473950,JPM Emerging Markets Opportunities X (acc) - EUR,[tom],[tom],JPMorgan Funds - Emerging Markets Opportunities Fund,[tom],[tom],"2020,2021,2022,2023,2024,2025,2026",
Luxembourg (LU),LU0891474099,JPM Emerging Markets Small Cap X (acc) - EUR,[tom],[tom],JPMorgan Funds - Emerging Markets Small Cap Fund,[tom],[tom],"2020,2021,2022,2023,2024,2025,2026",
Luxembourg (LU),LU0891675588,Nordea 1 - Emerging Stars Equity Fund - AI - SEK,549300UFJRQ77N3UYE48,1989 45 00 886,Nordea 1 - Emerging Stars Equity Fund,[tom],[tom],"2020,2021,2022,2023,2024,2025,2026",
Luxembourg (LU),LU0891727132,RCGF - Robeco QI Global Conservative Equities C EUR,[tom],19974500291,Robeco Capital Growth Funds,[tom],[tom],"2021,2022,2023,2024,2025,2026",2020
Luxembourg (LU),LU0891728296,RCGF - Robeco Asian Stars Equities Z EUR,[tom],19974500291,Robeco Capital Growth Funds,[tom],[tom],"2021,2022,2023,2024","2020,2025,2026"
Luxembourg (LU),LU0891777665,Wellington US Research Equity Fund USD N Accumulating Unhedged,[tom],[tom],Wellington US Research Equity Fund (Wellington Management Funds),[tom],[tom],"2020,2021,2022,2023,2024,2025,2026",
Luxembourg (LU),LU0900194068,JPMF - US Value Fund - JPM US Value X (dist) - GBP,[tom],1969 45 00016,JPMorgan Funds,[tom],[tom],2021.2022,"2020,2023,2024,2025,2026"
Luxembourg (LU),LU0900384941,JPMIF - Europe Strategic Dividend Fund - X (dist) - GBP,[tom],1994 45 00998,JPMorgan investment funds,[tom],[tom],2021.2022,"2020,2023,2024,2025,2026"
Luxembourg (LU),LU0900389239,JPM Europe Select Equity X (dist) - GBP,[tom],[tom],JPMorgan Investment Funds - Europe Select Equity Fund,[tom],[tom],"2020,2021,2022,2023,2024,2025,2026",
Luxembourg (LU),LU0906886691,BGF Euro-Markets Fund Class D2 Hedged CHF,549300GXUXRC34JGKL97,19624500019,BGF Euro-Markets Fund - Aggregate,[tom],[tom],"2020,2021,2022,2023,2024,2025,2026",
Luxembourg (LU),LU0908500753,Lyxor Index Fund - Lyxor Core STOXX Europe 600 (DR) UCITS ETF Acc,549300A80402TVM24775,2006.45.00741,Lyxor Index Fund - Lyxor Core STOXX Europe 600 (DR),[tom],[tom],"2020,2021,2022,2023,2024,2025,2026",
Luxembourg (LU),LU0908501058,Lyxor Index Fund - Lyxor Core EURO STOXX 300 (DR) UCITS ETF Acc,549300FFJGQ8UZEPQ702,2006.45.00741,Lyxor Index Fund - Lyxor Core EURO STOXX 300 (DR),[tom],[tom],"2020,2021,2022,2023,2024,2025,2026",
Luxembourg (LU),LU0908501132,Lyxor Index Fund - Lyxor Core EURO STOXX 300 (DR) UCITS ETF Dist,549300FFJGQ8UZEPQ702,2006.45.00741,Lyxor Index Fund - Lyxor Core EURO STOXX 300 (DR),[tom],[tom],"2020,2021,2022,2023,2024",2025.2026
Luxembourg (LU),LU0908501215,Lyxor Index Fund - Lyxor Core EURO STOXX 50 (DR),549300ZWDZ40MDZGF605,2006.45.00741,Lyxor Index Fund - Lyxor Core EURO STOXX 50 (DR),[tom],[tom],"2020,2021,2022,2023","2024,2025,2026"
Luxembourg (LU),LU0910073559,RCGF - Robeco QI Emerging Conservative Equities M USD,[tom],19974500291,Robeco Capital Growth Funds,[tom],[tom],"2021,2022,2023,2024,2025,2026",2020
Luxembourg (LU),LU0912749735,JPM US Smaller Companies C (acc) - USD,[tom],[tom],JPMorgan Funds - US Smaller Companies Fund,[tom],[tom],"2020,2021,2022,2023,2024,2025,2026",
Luxembourg (LU),LU0915374861,Nordea 1 - Latin American Equity Fund - AP - EUR,549300QT5RZRZB2WNH22,1989 45 00 886,Nordea 1 - Latin American Equity Fund,[tom],[tom],"2020,2021,2022,2023,2024,2025,2026",
Luxembourg (LU),LU0932051898,JPM Asia Pacific Equity A (dist) - GBP,[tom],[tom],JPMorgan Funds - Asia Pacific Equity Fund,[tom],[tom],"2020,2021,2022","2023,2024,2025,2026"
Luxembourg (LU),LU0932052359,JPMF - Asia Pacific Equity Fund - JPM Asia Pacific Equity Fund C (dist) - GBP,[tom],1969 45 00016,JPMorgan Funds,[tom],[tom],2021.2022,"2020,2023,2024,2025,2026"
Luxembourg (LU),LU0933156001,JPMF - Asia Growth Fund X (dist) - USD,[tom],1969 45 00016,JPMorgan Funds,[tom],[tom],"2021,2022,2023,2024,2025,2026",2020
Luxembourg (LU),LU0936248318,RCGF - Robeco Global Consumer Trends I USD,[tom],19974500291,Robeco Capital Growth Funds,[tom],[tom],"2021,2022,2023,2024,2025,2026",2020
Luxembourg (LU),LU0940004913,RCGF - Robeco Sustainable Global Stars Equities F EUR,[tom],19974500291,Robeco Capital Growth Funds,[tom],[tom],"2021,2022,2023,2024,2025,2026",2020
Luxembourg (LU),LU0940005217,RCGF - Robeco Asian Stars Equities F EUR,[tom],19974500291,Robeco Capital Growth Funds,[tom],[tom],"2021,2022,2023,2024","2020,2025,2026"
Luxembourg (LU),LU0940006702,RCGF - Robeco Sustainable European Stars Equities F EUR,[tom],19974500291,Robeco Capital Growth Funds,[tom],[tom],"2021,2022,2023","2020,2024,2025,2026"
Luxembourg (LU),LU0940007007,RCGF - Robeco QI Emerging Conservative Equities F EUR,[tom],19974500291,Robeco Capital Growth Funds,[tom],[tom],"2021,2022,2023,2024,2025,2026",2020
Luxembourg (LU),LU0940708216,JPM Emerging Markets Equity C (acc) - EUR (hedged),[tom],[tom],JPMorgan Funds - Emerging Markets Equity Fund,[tom],[tom],"2020,2021,2022,2023,2024,2025,2026",
Luxembourg (LU),LU0943624584,JPM Asia Growth C (acc) - USD,[tom],[tom],JPMorgan Funds - Asia Growth Fund,[tom],[tom],"2020,2021,2022,2023,2024,2025,2026",
Luxembourg (LU),LU0943624741,JPM Asia Growth C (dist) - USD,[tom],[tom],JPMorgan Funds - Asia Growth Fund,[tom],[tom],"2020,2021,2022,2023,2024,2025,2026",
Luxembourg (LU),LU0943624824,JPM Asia Growth I (acc) - USD,[tom],[tom],JPMorgan Funds - Asia Growth Fund,[tom],[tom],"2020,2021,2022,2023,2024,2025,2026",
Luxembourg (LU),LU0944708386,RCGF - Robeco QI Emerging Conservative Equities C USD,[tom],19974500291,Robeco Capital Growth Funds,[tom],[tom],"2021,2022,2023,2024,2025,2026",2020
Luxembourg (LU),LU0946219416,Jupiter Japan Select Class D EUR Acc,[tom],20054500751,The Jupiter Global Fund,[tom],[tom],2021.2022,"2020,2023,2024,2025,2026"
Luxembourg (LU),LU0946219507,Jupiter Japan Select Class D USD Acc,[tom],20054500751,The Jupiter Global Fund,[tom],[tom],2021.2022,"2020,2023,2024,2025,2026"
Luxembourg (LU),LU0946220265,Jupiter Financial Innovation Class D EUR Acc,[tom],20054500751,The Jupiter Global Fund,[tom],[tom],2021.2022,"2020,2023,2024,2025,2026"
Luxembourg (LU),LU0946220349,Jupiter Financial Innovation Class D USD Acc,[tom],20054500751,The Jupiter Global Fund,[tom],[tom],2021.2022,"2020,2023,2024,2025,2026"
Luxembourg (LU),LU0946220695,Jupiter Financial Innovation Class D GBP Acc,[tom],20054500751,The Jupiter Global Fund,[tom],[tom],2021.2022,"2020,2023,2024,2025,2026"
Luxembourg (LU),LU0946220778,Jupiter Global Value Class D EUR Acc,[tom],20054500751,The Jupiter Global Fund,[tom],[tom],2021.2022,"2020,2023,2024,2025,2026"
Luxembourg (LU),LU0946220851,Jupiter Global Value Class D USD Acc,[tom],20054500751,The Jupiter Global Fund,[tom],[tom],2021.2022,"2020,2023,2024,2025,2026"
Luxembourg (LU),LU0946221073,Jupiter Global Value Class D GBP Acc,[tom],20054500751,The Jupiter Global Fund,[tom],[tom],2021.2022,"2020,2023,2024,2025,2026"
Luxembourg (LU),LU0946223103,TJGF - Jupiter European Growth Class D EUR Acc,[tom],20054500751,The Jupiter Global Fund,[tom],[tom],2021.2022,"2020,2023,2024,2025,2026"
Luxembourg (LU),LU0946223368,TJGF - Jupiter European Growth Class D GBP Acc,[tom],20054500751,The Jupiter Global Fund,[tom],[tom],2021.2022,"2020,2023,2024,2025,2026"
Luxembourg (LU),LU0949170855,BGF European Equity Income Fund Class D5G Hedged GBP,549300EO4UBXXE7L7Y87,19624500019,BGF European Equity Income Fund - Aggregate,[tom],[tom],"2020,2021,2022,2023,2024,2025,2026",
Luxembourg (LU),LU0950820257,Nordea 1 - Global Stable Equity Fund - Y - EUR,549300OYMIP4UL664L36,1989 45 00 886,Nordea 1 - Global Stable Equity Fund,[tom],[tom],"2021,2022,2023,2024,2025,2026",2020
Luxembourg (LU),LU0951559870,RCGF - Robeco QI Emerging Conservative Equities B USD,[tom],19974500291,Robeco Capital Growth Funds,[tom],[tom],"2021,2022,2023,2024,2025,2026",2020
Luxembourg (LU),LU0951559953,RCGF - Robeco Global Consumer Trends B USD,[tom],19974500291,Robeco Capital Growth Funds,[tom],[tom],"2021,2022,2023,2024,2025,2026",2020
Luxembourg (LU),LU0953097986,JPM America Equity A (acc) - AUD,[tom],[tom],JPMorgan Funds - America Equity Fund,[tom],[tom],"2020,2021,2022,2023,2024,2025,2026",
Luxembourg (LU),LU0955580112,JPMF - Emerging Markets Equity Fund - X (dist) - GBP,[tom],1969 45 00016,JPMorgan Funds,[tom],[tom],"2021,2022,2023,2024,2025,2026",2020
Luxembourg (LU),LU0955993034,RCGF - Robeco New World Financials I USD,[tom],19974500291,Robeco Capital Growth Funds,[tom],[tom],"2021,2022,2023","2020,2024,2025,2026"
Luxembourg (LU),LU0956401763,JPM Emerging Markets Equity T (acc) - EUR,[tom],[tom],JPMorgan Funds - Emerging Markets Equity Fund,[tom],[tom],"2020,2021,2022,2023,2024,2025,2026",
Luxembourg (LU),LU0959210278,Lyxor SG European Quality Income NTR UCITS ETF - Dist,549300JDVXJULA4ZPW45,2006.45.00253,Multi Units Luxembourg,[tom],[tom],"2021,2022,2023,2024,2025,2026",2020
Luxembourg (LU),LU0959211243,Lyxor S&P 500 UCITS ETF - Daily Hedged to EUR - Dist,549300JWBW5ZYYLO6033,2006.45.00253,Multi Units Luxembourg,[tom],[tom],"2021,2022,2023,2024,2025,2026",2020
Luxembourg (LU),LU0963031652,RCGF - Robeco Asian Stars Equities IL USD,[tom],19974500291,Robeco Capital Growth Funds,[tom],[tom],"2021,2022,2023,2024","2020,2025,2026"
Luxembourg (LU),LU0966590910,TJGF - Jupiter European Growth Class D USD Acc HSC,[tom],20054500751,The Jupiter Global Fund,[tom],[tom],2021.2022,"2020,2023,2024,2025,2026"
Luxembourg (LU),LU0966834136,TJGF - Jupiter European Growth Class L USD Acc HSC,[tom],20054500751,The Jupiter Global Fund,[tom],[tom],2021.2022,"2020,2023,2024,2025,2026"
Luxembourg (LU),LU0969500551,RCGF - Robeco QI Emerging Conservative Equities ZB AUD,[tom],19974500291,Robeco Capital Growth Funds,[tom],[tom],"2021,2022,2023,2024,2025,2026",2020
Luxembourg (LU),LU0969580488,BGF Euro-Markets Fund - European Equity Portfolio - Aggregate (CLASS A2  HE,549300GXUXRC34JGKL97,19624500019,BGF Euro-Markets Fund - Aggregate,[tom],[tom],"2020,2021,2022,2023,2024,2025,2026",
Luxembourg (LU),LU0969665479,JPM Emerging Markets Opportunities X (dist) - AUD,[tom],[tom],JPMorgan Funds - Emerging Markets Opportunities Fund,[tom],[tom],"2020,2021,2022,2023,2024,2025,2026",
Luxembourg (LU),LU0972533318,JPM America Equity A (acc) - AUD (hedged),[tom],[tom],JPMorgan Funds - America Equity Fund,[tom],[tom],"2020,2021,2022,2023,2024,2025,2026",
Luxembourg (LU),LU0973522757,JPMF - Emerging Markets Equity Fund - I (dist) - USD,[tom],1969 45 00016,JPMorgan Funds,[tom],[tom],"2021,2022,2023,2024,2025,2026",2020
Luxembourg (LU),LU0973522914,JPMF - Emerging Markets Equity Fund - I (dist) - GBP,[tom],1969 45 00016,JPMorgan Funds,[tom],[tom],"2021,2022,2023,2024,2025,2026",2020
Luxembourg (LU),LU0973523052,JPM Emerging Markets Equity I (acc) - SGD,[tom],[tom],JPMorgan Funds - Emerging Markets Equity Fund,[tom],[tom],"2020,2021,2022,2023,2024,2025,2026",
Luxembourg (LU),LU0973530420,JPM US Value I (dist) - USD,false,false,JPMorgan Funds - US Value Fund,[tom],[tom],"2020,2021,2022","2023,2024,2025,2026"
Luxembourg (LU),LU0973530776,JPMF - US Value Fund - I (dist) - GBP,[tom],1969 45 00016,JPMorgan Funds,[tom],[tom],2021.2022,"2020,2023,2024,2025,2026"
Luxembourg (LU),LU0973530859,JPM US Value I (acc) - EUR (hedged),false,false,JPMorgan Funds - US Value Fund,[tom],[tom],"2020,2021,2022","2023,2024,2025,2026"
Luxembourg (LU),LU0973547317,JPM US Smaller Companies C (dist) - USD,[tom],[tom],JPMorgan Funds - US Smaller Companies Fund,[tom],[tom],"2020,2021,2022,2023,2024,2025,2026",
Luxembourg (LU),LU0973648859,JPM US Select Equity I (acc) - EUR (hedged),[tom],[tom],JPMorgan Investment Funds - US Select Equity Fund,[tom],[tom],"2020,2021,2022,2023,2024,2025,2026",
Luxembourg (LU),LU0973649071,JPM US Select Equity I (dist) - USD,[tom],[tom],JPMorgan Investment Funds - US Select Equity Fund,[tom],[tom],"2020,2021,2022,2023,2024,2025,2026",
Luxembourg (LU),LU0973649311,JPM Europe Strategic Dividend I (dist) - EUR,[tom],[tom],JPMorgan Investment Funds - Europe Strategic Dividend Fund,[tom],[tom],"2020,2021,2022","2023,2024,2025,2026"
Luxembourg (LU),LU0973649402,JPM Europe Select Equity I (dist) - EUR,[tom],[tom],JPMorgan Investment Funds - Europe Select Equity Fund,[tom],[tom],"2020,2021,2022,2023,2024,2025,2026",
Luxembourg (LU),LU0974149394,JPM Europe Select Equity D (acc) - EUR,[tom],[tom],JPMorgan Investment Funds - Europe Select Equity Fund,[tom],[tom],"2020,2021,2022,2023,2024,2025,2026",
Luxembourg (LU),LU0974293085,RCGF - Robeco MegaTrends F EUR,[tom],19974500291,Robeco Capital Growth Funds,[tom],[tom],"2021,2022,2023","2020,2024,2025,2026"
Luxembourg (LU),LU0974293671,RCGF - Robeco MegaTrends D EUR,[tom],19974500291,Robeco Capital Growth Funds,[tom],[tom],"2021,2022,2023","2020,2024,2025,2026"
Luxembourg (LU),LU0975278739,Nordea 1 - Emerging Markets Small Cap Fund - E - EUR,549300RWUXSDLLHMNX62,1989 45 00 886,Nordea 1 - Emerging Markets Small Cap Fund,[tom],[tom],2020.2021,"2022,2023,2024,2025,2026"
Luxembourg (LU),LU0975278812,Nordea 1 - Emerging Markets Small Cap Fund - E - USD,549300RWUXSDLLHMNX62,1989 45 00 886,Nordea 1 - Emerging Markets Small Cap Fund,[tom],[tom],2020.2021,"2022,2023,2024,2025,2026"
Luxembourg (LU),LU0975278903,Nordea 1 - Emerging Markets Small Cap Fund - BI - EUR,549300RWUXSDLLHMNX62,1989 45 00 886,Nordea 1 - Emerging Markets Small Cap Fund,[tom],[tom],2020.2021,"2022,2023,2024,2025,2026"
Luxembourg (LU),LU0975279034,Nordea 1 - Emerging Markets Small Cap Fund - BI - USD,549300RWUXSDLLHMNX62,1989 45 00 886,Nordea 1 - Emerging Markets Small Cap Fund,[tom],[tom],2020.2021,"2022,2023,2024,2025,2026"
Luxembourg (LU),LU0975279117,Nordea 1 - Emerging Markets Small Cap Fund - BP - EUR,549300RWUXSDLLHMNX62,1989 45 00 886,Nordea 1 - Emerging Markets Small Cap Fund,[tom],[tom],2020.2021,"2022,2023,2024,2025,2026"
Luxembourg (LU),LU0975279208,Nordea 1 - Emerging Markets Small Cap Fund - BP - USD,549300RWUXSDLLHMNX62,1989 45 00 886,Nordea 1 - Emerging Markets Small Cap Fund,[tom],[tom],2020.2021,"2022,2023,2024,2025,2026"
Luxembourg (LU),LU0975280040,Nordea 1 - Global Opportunity Fund - E - EUR,5493007ZLSPI26CQLO03,1989 45 00 886,Nordea 1 - Global Opportunity Fund,[tom],[tom],"2020,2021,2022,2023,2024,2025,2026",
Luxembourg (LU),LU0975280396,Nordea 1 - Global Opportunity Fund - BI - EUR,5493007ZLSPI26CQLO03,1989 45 00 886,Nordea 1 - Global Opportunity Fund,[tom],[tom],"2020,2021,2022,2023,2024,2025,2026",
Luxembourg (LU),LU0975280479,Global Opportunity Fund - BI - USD,5493007ZLSPI26CQLO03,[tom],Nordea 1 - Global Opportunity Fund,[tom],[tom],"2021,2022,2023,2024,2025,2026",2020
Luxembourg (LU),LU0975280552,Nordea 1 - Global Opportunity Fund - BP - EUR,5493007ZLSPI26CQLO03,1989 45 00 886,Nordea 1 - Global Opportunity Fund,[tom],[tom],"2020,2021,2022,2023,2024,2025,2026",
Luxembourg (LU),LU0976012160,Nordea 1 - Emerging Markets Small Cap Fund - BP - SEK,549300RWUXSDLLHMNX62,1989 45 00 886,Nordea 1 - Emerging Markets Small Cap Fund,[tom],[tom],2020.2021,"2022,2023,2024,2025,2026"
Luxembourg (LU),LU0979428033,JPM Europe Small Cap A (acc) - USD,[tom],[tom],JPMorgan Funds - Europe Small Cap Fund,[tom],[tom],"2020,2021,2022,2023,2024,2025,2026",
Luxembourg (LU),LU0980312192,T. Rowe Price Funds SICAV Asia Ex Japan Equity Fund Asian Ex-Japan Equity Fund Id,[tom],[tom],T. ROWE PRICE FUNDS SICAV,[tom],[tom],"2020,2021,2022,2023,2024,2025,2026",
Luxembourg (LU),LU0982400805,Nordea 1 - Emerging Markets Small Cap Fund - BC - EUR,549300RWUXSDLLHMNX62,1989 45 00 886,Nordea 1 - Emerging Markets Small Cap Fund,[tom],[tom],2020.2021,"2022,2023,2024,2025,2026"
Luxembourg (LU),LU0983207175,JPM Europe Strategic Dividend A (mth) - USD (hedged),[tom],[tom],JPMorgan Investment Funds - Europe Strategic Dividend Fund,[tom],[tom],"2020,2021,2022","2023,2024,2025,2026"
Luxembourg (LU),LU0985313781,Global Opportunity Fund - BI - DKK,5493007ZLSPI26CQLO03,[tom],"Nordea 1, SICAV Global Opportunity Fund",[tom],[tom],2021.2022,"2020,2023,2024,2025,2026"
Luxembourg (LU),LU0985313948,Nordea 1 - Global Opportunity Fund - BI - NOK,5493007ZLSPI26CQLO03,1989 45 00 886,Nordea 1 - Global Opportunity Fund,[tom],[tom],"2020,2021,2022,2023,2024,2025,2026",
Luxembourg (LU),LU0985314672,Nordea 1 - Global Opportunity Fund - BP - SEK,5493007ZLSPI26CQLO03,1989 45 00 886,Nordea 1 - Global Opportunity Fund,[tom],[tom],"2020,2021,2022,2023,2024,2025,2026",
Luxembourg (LU),LU0985317857,Nordea 1 - Global Stars Equity Fund - E - USD,5493003YXBZ7881E6K64,1989 45 00 886,Nordea 1 - Global Stars Equity Fund,[tom],[tom],"2021,2022,2023,2024,2025,2026",2020
Luxembourg (LU),LU0985318236,Nordea 1 - Global Stars Equity Fund - AP - EUR,5493003YXBZ7881E6K64,1989 45 00 886,Nordea 1 - Global Stars Equity Fund,[tom],[tom],"2021,2022,2023,2024,2025,2026",2020
Luxembourg (LU),LU0985318665,Nordea 1 - Global Stars Equity Fund - BC - EUR,5493003YXBZ7881E6K64,1989 45 00 886,Nordea 1 - Global Stars Equity Fund,[tom],[tom],"2021,2022,2023,2024,2025,2026",2020
Luxembourg (LU),LU0985318822,Nordea 1 - Global Stars Equity Fund - BC - GBP,5493003YXBZ7881E6K64,1989 45 00 886,Nordea 1 - Global Stars Equity Fund,[tom],[tom],"2021,2022,2023,2024,2025,2026",2020
Luxembourg (LU),LU0985319473,Nordea 1 - Global Stars Equity Fund - BI - EUR,5493003YXBZ7881E6K64,1989 45 00 886,Nordea 1 - Global Stars Equity Fund,[tom],[tom],"2021,2022,2023,2024,2025,2026",2020
Luxembourg (LU),LU0985319630,Nordea 1 - Global Stars Equity Fund - BI - NOK,5493003YXBZ7881E6K64,1989 45 00 886,Nordea 1 - Global Stars Equity Fund,[tom],[tom],"2021,2022,2023,2024,2025,2026",2020
Luxembourg (LU),LU0985319713,Nordea 1 - Global Stars Equity Fund - BI - SEK,5493003YXBZ7881E6K64,1989 45 00 886,Nordea 1 - Global Stars Equity Fund,[tom],[tom],2021.2022,"2020,2023,2024,2025,2026"
Luxembourg (LU),LU0985319804,Nordea 1 - Global Stars Equity Fund - BI - USD,5493003YXBZ7881E6K64,1989 45 00 886,Nordea 1 - Global Stars Equity Fund,[tom],[tom],"2021,2022,2023,2024,2025,2026",2020
Luxembourg (LU),LU0985320059,Nordea 1 - Global Stars Equity Fund - BP - EUR,5493003YXBZ7881E6K64,1989 45 00 886,Nordea 1 - Global Stars Equity Fund,[tom],[tom],"2021,2022,2023,2024,2025,2026",2020
Luxembourg (LU),LU0985320216,Nordea 1 - Global Stars Equity Fund - BP - NOK,5493003YXBZ7881E6K64,1989 45 00 886,Nordea 1 - Global Stars Equity Fund,[tom],[tom],"2021,2022,2023,2024,2025,2026",2020
Luxembourg (LU),LU0985320489,Nordea 1 - Global Stars Equity Fund - BP - SEK,5493003YXBZ7881E6K64,1989 45 00 886,Nordea 1 - Global Stars Equity Fund,[tom],[tom],"2021,2022,2023,2024,2025,2026",2020
Luxembourg (LU),LU0985320562,Nordea 1 - Global Stars Equity Fund - BP - USD,5493003YXBZ7881E6K64,1989 45 00 886,Nordea 1 - Global Stars Equity Fund,[tom],[tom],"2021,2022,2023,2024,2025,2026",2020
Luxembourg (LU),LU0985320646,Nordea 1 - Global Stars Equity Fund - E - EUR,5493003YXBZ7881E6K64,1989 45 00 886,Nordea 1 - Global Stars Equity Fund,[tom],[tom],"2021,2022,2023,2024,2025,2026",2020
Luxembourg (LU),LU0985323400,Nordea 1 - Global Stars Equity Fund - X - EUR,5493003YXBZ7881E6K64,1989 45 00 886,Nordea 1 - Global Stars Equity Fund,[tom],[tom],"2021,2022,2023,2024,2025,2026",2020
Luxembourg (LU),LU0986743572,BGF Euro-Markets Fund - European Equity Portfolio - Aggregate (CLASS A2),549300GXUXRC34JGKL97,19624500019,BGF Euro-Markets Fund - Aggregate,[tom],[tom],"2020,2021,2022,2023,2024,2025,2026",
Luxembourg (LU),LU0988241039,JPM Europe Select Equity X (dist) - EUR,[tom],[tom],JPMorgan Investment Funds - Europe Select Equity Fund,[tom],[tom],"2020,2021,2022,2023,2024,2025,2026",
Luxembourg (LU),LU0994673985,Nordea 2 - Emerging Markets Enhanced Equity Fund - Y - USD,549300UUUBHFIQXKYM48,2016 45 00 889,Nordea 2 - Emerging Markets Enhanced Equity Fund,[tom],[tom],"2020,2021,2022,2023,2024,2025,2026",
Luxembourg (LU),LU0994674017,Nordea 2 - Emerging Markets Enhanced Equity Fund - Y - DKK,549300UUUBHFIQXKYM48,2016 45 00 889,Nordea 2 - Emerging Markets Enhanced Equity Fund,[tom],[tom],"2020,2021,2022,2023,2024,2025,2026",
Luxembourg (LU),LU0994674108,Nordea 2 - Emerging Markets Enhanced Equity Fund - Y - SEK,549300UUUBHFIQXKYM48,2016 45 00 889,Nordea 2 - Emerging Markets Enhanced Equity Fund,[tom],[tom],"2020,2021,2022,2023,2024,2025,2026",
Luxembourg (LU),LU0994674280,Nordea 2 - Global Enhanced Equity Fund - BI - USD,5493005RFEPPIBGGFX39,2016 45 00 889,Nordea 2 - Global Enhanced Equity Fund,[tom],[tom],"2020,2021,2022,2023,2024,2025,2026",
Luxembourg (LU),LU0994674447,Nordea 2 - Global Enhanced Equity Fund - BI - DKK,5493005RFEPPIBGGFX39,2016 45 00 889,Nordea 2 - Global Enhanced Equity Fund,[tom],[tom],"2020,2021,2022,2023,2024,2025,2026",
Luxembourg (LU),LU0994674876,Nordea 2 - Global Enhanced Small Cap Fund - BI - USD,549300GVTL00XKK6XZ21,2016 45 00 889,Nordea 2 - Global Enhanced Small Cap Fund,[tom],[tom],"2020,2021,2022,2023,2024,2025,2026",
Luxembourg (LU),LU0994674959,Nordea 2 - Global Enhanced Small Cap Fund - BI - DKK,549300GVTL00XKK6XZ21,2016 45 00 889,Nordea 2 - Global Enhanced Small Cap Fund,[tom],[tom],"2020,2021,2022,2023,2024,2025,2026",
Luxembourg (LU),LU0994675097,Nordea 2 - Emerging Markets Enhanced Equity Fund - BI - USD,549300UUUBHFIQXKYM48,2016 45 00 889,Nordea 2 - Emerging Markets Enhanced Equity Fund,[tom],[tom],"2020,2021,2022,2023,2024,2025,2026",
Luxembourg (LU),LU0994675337,Nordea 2 - Emerging Markets Enhanced Equity Fund - BI - DKK,549300UUUBHFIQXKYM48,2016 45 00 889,Nordea 2 - Emerging Markets Enhanced Equity Fund,[tom],[tom],"2020,2021,2022,2023,2024,2025,2026",
Luxembourg (LU),LU0994677119,Nordea 2 - Global Enhanced Equity Fund - Y - USD,5493005RFEPPIBGGFX39,2016 45 00 889,Nordea 2 - Global Enhanced Equity Fund,[tom],[tom],"2020,2021,2022,2023,2024,2025,2026",
Luxembourg (LU),LU0994677200,Nordea 2 - Global Enhanced Equity Fund - Y - DKK,5493005RFEPPIBGGFX39,2016 45 00 889,Nordea 2 - Global Enhanced Equity Fund,[tom],[tom],"2020,2021,2022,2023,2024,2025,2026",
Luxembourg (LU),LU0994677382,Nordea 2 - Global Enhanced Equity Fund - Y - SEK,5493005RFEPPIBGGFX39,2016 45 00 889,Nordea 2 - Global Enhanced Equity Fund,[tom],[tom],"2020,2021,2022,2023,2024,2025,2026",
Luxembourg (LU),LU0994677465,Nordea 2 - Global Enhanced Small Cap Fund - Y - EUR,549300GVTL00XKK6XZ21,2016 45 00 889,Nordea 2 - Global Enhanced Small Cap Fund,[tom],[tom],"2020,2021,2022,2023,2024,2025,2026",
Luxembourg (LU),LU0994677549,Nordea 2 - Global Enhanced Small Cap Fund - Y - USD,549300GVTL00XKK6XZ21,2016 45 00 889,Nordea 2 - Global Enhanced Small Cap Fund,[tom],[tom],"2020,2021,2022,2023,2024,2025,2026",
Luxembourg (LU),LU0994677622,Nordea 2 - Global Enhanced Small Cap Fund - Y - DKK,549300GVTL00XKK6XZ21,2016 45 00 889,Nordea 2 - Global Enhanced Small Cap Fund,[tom],[tom],"2020,2021,2022,2023,2024,2025,2026",
Luxembourg (LU),LU0994677895,Nordea 2 - Global Enhanced Small Cap Fund - Y - SEK,549300GVTL00XKK6XZ21,2016 45 00 889,Nordea 2 - Global Enhanced Small Cap Fund,[tom],[tom],"2020,2021,2022,2023,2024,2025,2026",
Luxembourg (LU),LU0994678273,Nordea 2 - Emerging Markets Enhanced Equity Fund - Y - EUR,549300UUUBHFIQXKYM48,2016 45 00 889,Nordea 2 - Emerging Markets Enhanced Equity Fund,[tom],[tom],"2020,2021,2022,2023,2024,2025,2026",
Luxembourg (LU),LU0994683190,Nordea 1 - Global Climate and Environment Fund - AI - EUR,549300JJG1N66HM3TH21,1989 45 00 886,Nordea 1 - Global Climate and Environment Fund,[tom],[tom],"2021,2022,2023,2024,2025,2026",2020
Luxembourg (LU),LU0994683356,Nordea 1 - Global Climate and Environment Fund - AP - EUR,549300JJG1N66HM3TH21,1989 45 00 886,Nordea 1 - Global Climate and Environment Fund,[tom],[tom],"2021,2022,2023,2024,2025,2026",2020
Luxembourg (LU),LU0994683869,Nordea 1 - Global Climate and Environment Fund - BI - NOK,549300JJG1N66HM3TH21,1989 45 00 886,Nordea 1 - Global Climate and Environment Fund,[tom],[tom],"2021,2022,2023,2024,2025,2026",2020
Luxembourg (LU),LU0994683943,Nordea 1 - Global Climate and Environment Fund - BI - SEK,549300JJG1N66HM3TH21,1989 45 00 886,Nordea 1 - Global Climate and Environment Fund,[tom],[tom],"2021,2022,2023,2024,2025,2026",2020
Luxembourg (LU),LU0994703998,Nordea 1 - Emerging Stars Equity Fund - AP - EUR,549300UFJRQ77N3UYE48,1989 45 00 886,Nordea 1 - Emerging Stars Equity Fund,[tom],[tom],"2020,2021,2022,2023,2024,2025,2026",
Luxembourg (LU),LU0994704376,Nordea 1 - Emerging Stars Equity Fund - AP - USD,549300UFJRQ77N3UYE48,1989 45 00 886,Nordea 1 - Emerging Stars Equity Fund,[tom],[tom],"2020,2021,2022,2023,2024,2025,2026",
Luxembourg (LU),LU0994704459,Nordea 1 - Emerging Stars Equity Fund - BI - NOK,549300UFJRQ77N3UYE48,1989 45 00 886,Nordea 1 - Emerging Stars Equity Fund,[tom],[tom],"2020,2021,2022,2023,2024,2025,2026",
Luxembourg (LU),LU0994704533,Nordea 1 - Emerging Stars Equity Fund - BP - GBP,549300UFJRQ77N3UYE48,1989 45 00 886,Nordea 1 - Emerging Stars Equity Fund,[tom],[tom],"2020,2021,2022,2023,2024,2025,2026",
Luxembourg (LU),LU0994705779,Nordea 1 - Emerging Stars Equity Fund - HBI - EUR,549300UFJRQ77N3UYE48,1989 45 00 886,Nordea 1 - Emerging Stars Equity Fund,[tom],[tom],"2020,2021,2022,2023,2024,2025,2026",
Luxembourg (LU),LU0994706231,Nordea 1 - Emerging Stars Equity Fund - Y - EUR,549300UFJRQ77N3UYE48,1989 45 00 886,Nordea 1 - Emerging Stars Equity Fund,[tom],[tom],"2020,2021,2022,2023,2024,2025",2026
Luxembourg (LU),LU0994947355,JPM Europe Strategic Dividend A (acc) - USD (hedged),[tom],[tom],JPMorgan Investment Funds - Europe Strategic Dividend Fund,[tom],[tom],"2020,2021,2022","2023,2024,2025,2026"
Luxembourg (LU),LU0996456959,JPM Europe Strategic Dividend C (mth) - USD (hedged),[tom],[tom],JPMorgan Investment Funds - Europe Strategic Dividend Fund,[tom],[tom],"2020,2021,2022","2023,2024,2025,2026"
Luxembourg (LU),LU1001671582,T. Rowe Price Funds SICAV European Smaller Companies Equity Fund European Smaller Companies Equity Fund Q,[tom],[tom],T. ROWE PRICE FUNDS SICAV,[tom],[tom],"2020,2021,2022,2023,2024,2025,2026",
Luxembourg (LU),LU1002953260,Nordea 2 - Global Enhanced Equity Fund - Y - EUR,5493005RFEPPIBGGFX39,2016 45 00 889,Nordea 2 - Global Enhanced Equity Fund,[tom],[tom],"2020,2021,2022,2023,2024,2025,2026",
Luxembourg (LU),LU1003076772,BGF European Equity  Income Fund- Aggregate (CLASS A5G HEDGED),549300EO4UBXXE7L7Y87,19624500019,BGF European Equity Income Fund - Aggregate,[tom],[tom],"2020,2021,2022,2023,2024,2025,2026",
Luxembourg (LU),LU1005831430,Nordea 1 - Latin American Equity Fund - E - USD,549300QT5RZRZB2WNH22,1989 45 00 886,Nordea 1 - Latin American Equity Fund,[tom],[tom],"2020,2021,2022,2023,2024,2025,2026",
Luxembourg (LU),LU1005843013,Nordea 1 - Global Stable Equity Fund - AP - EUR,549300OYMIP4UL664L36,1989 45 00 886,Nordea 1 - Global Stable Equity Fund,[tom],[tom],"2021,2022,2023,2024,2025,2026",2020
Luxembourg (LU),LU1005843955,Nordea 1 - Global Stable Equity Fund - BI - SEK,549300OYMIP4UL664L36,1989 45 00 886,Nordea 1 - Global Stable Equity Fund,[tom],[tom],"2021,2022,2023,2024,2025,2026",2020
Luxembourg (LU),LU1005863128,Nordea 1 - Latin American Equity Fund - BI - NOK,549300QT5RZRZB2WNH22,1989 45 00 886,Nordea 1 - Latin American Equity Fund,[tom],[tom],"2020,2021,2022,2023,2024,2025,2026",
Luxembourg (LU),LU1009729309,Nordea 1 - Nordic Equity Fund - BP - GBP,5493002P8HQC8H89KJ23,1989 45 00 886,Nordea 1 - Nordic Equity Fund,[tom],[tom],2021.2022,"2020,2023,2024,2025,2026"
Luxembourg (LU),LU1009739795,Nordea 1 - North American Value Fund - BI - NOK,549300DQNY7RVGMPNU83,1989 45 00 886,Nordea 1 - North American Value Fund,[tom],[tom],2021.2022,"2020,2023,2024,2025,2026"
Luxembourg (LU),LU1009740967,Nordea 1 - North American Value Fund - HBI - EUR,549300DQNY7RVGMPNU83,1989 45 00 886,Nordea 1 - North American Value Fund,[tom],[tom],2021.2022,"2020,2023,2024,2025,2026"
Luxembourg (LU),LU1009761450,Nordea 1 - Stable Emerging Markets Equity Fund - Y - EUR,549300WZ0EJW0K2LBI46,1989 45 00 886,Nordea 1 - Stable Emerging Markets Equity Fund,[tom],[tom],"2020,2021,2022,2023,2024,2025,2026",
Luxembourg (LU),LU1009767499,Nordea 2 - Emerging Markets Enhanced Equity Fund - BI - SEK,549300UUUBHFIQXKYM48,2016 45 00 889,Nordea 2 - Emerging Markets Enhanced Equity Fund,[tom],[tom],"2020,2021,2022,2023,2024,2025,2026",
Luxembourg (LU),LU1012213770,JPMF - America Equity Fund I (dist) - USD,[tom],1969 45 00016,JPMorgan Funds,[tom],[tom],"2021,2022,2023,2024,2025,2026",2020
Luxembourg (LU),LU1015435362,BGF European Equity Income Fund Class X5G GBP,549300EO4UBXXE7L7Y87,19624500019,BGF European Equity Income Fund - Aggregate,[tom],[tom],"2020,2021,2022,2023,2024,2025,2026",
Luxembourg (LU),LU1019632923,BGF European Equity  Income Fund- Aggregate (CLASS A6 HEDGED),549300EO4UBXXE7L7Y87,19624500019,BGF European Equity Income Fund - Aggregate,[tom],[tom],"2020,2021,2022,2023,2024,2025,2026",
Luxembourg (LU),LU1019634622,BGF European Equity  Income Fund- Aggregate (CLASS A6 HEDGED),549300EO4UBXXE7L7Y87,19624500019,BGF European Equity Income Fund - Aggregate,[tom],[tom],"2020,2021,2022,2023,2024,2025,2026",
Luxembourg (LU),LU1019636163,BGF European Equity  Income Fund- Aggregate (CLASS A8 HEDGED),549300EO4UBXXE7L7Y87,19624500019,BGF European Equity Income Fund - Aggregate,[tom],[tom],"2020,2021,2022,2023,2024,2025,2026",
Luxembourg (LU),LU1023058172,BGF World Energy Fund - Aggregate (CLASS A2 HEDGED),549300ONQ7XH0HHO0U76,19624500019,BGF World Energy Fund - Aggregate,[tom],[tom],"2020,2021,2022,2023,2024,2025,2026",
Luxembourg (LU),LU1023058768,BGF World Gold - Aggregate (CLASS A2 HEDGED),549300VJ8R1OCCCRJB59,19624500019,BGF World Gold Fund,[tom],[tom],"2020,2021,2022,2023,2024,2025,2026",
Luxembourg (LU),LU1023059493,BGF World Mining Fund (CLASS A2  HEDGED),5493003C0BXUIHPFTC89,19624500019,BGF World Mining Fund,[tom],[tom],"2020,2021,2022,2023,2024,2025,2026",
Luxembourg (LU),LU1025004828,RCGF - Robeco Emerging Stars Equities ML USD,[tom],19974500291,Robeco Capital Growth Funds,[tom],[tom],"2021,2022,2023,2024,2025,2026",2020
Luxembourg (LU),LU1025005478,RCGF - Robeco QI Global Conservative Equities Z USD,[tom],19974500291,Robeco Capital Growth Funds,[tom],[tom],"2021,2022,2023,2024,2025,2026",2020
Luxembourg (LU),LU1028171848,T. Rowe Price Funds SICAV US Large Cap Growth Equity Fund US Large Cap Growth Equity Fund Q (GBP),549300OHLAV8MCXB2D69,false,T. ROWE PRICE FUNDS SICAV,[tom],[tom],"2020,2021,2022,2023,2024,2025,2026",
Luxembourg (LU),LU1028171921,T. Rowe Price Funds SICAV European Smaller Companies Equity Fund European Smaller Companies Equity Fund Q (GBP),[tom],[tom],T. ROWE PRICE FUNDS SICAV,[tom],[tom],"2020,2021,2022,2023,2024,2025,2026",
Luxembourg (LU),LU1028172499,T. Rowe Price Funds SICAV Global Focused Growth Equity Fund Global Focused Growth Equity Fund Q (GBP),549300OHLAV8MCXB2D69,false,T. Rowe Price Funds SICAV,[tom],[tom],"2020,2021,2022,2023,2024,2025,2026",
Luxembourg (LU),LU1033693638,ComStage MDAX® UCITS ETF,5299002EQLJNZ0VGHH58,2008.45.01825,ComStage,[tom],[tom],"2021,2022,2023,2024","2020,2025,2026"
Luxembourg (LU),LU1036585435,RCGF - Robeco Emerging Stars Equities I USD,[tom],19974500291,Robeco Capital Growth Funds,[tom],[tom],"2021,2022,2023,2024,2025,2026",2020
Luxembourg (LU),LU1048177775,JPM Europe Strategic Dividend A (mth) - SGD (hedged),[tom],[tom],JPMorgan Investment Funds - Europe Strategic Dividend Fund,[tom],[tom],"2020,2021,2022","2023,2024,2025,2026"
Luxembourg (LU),LU1048318189,JPM US Smaller Companies I (acc) - EUR (hedged),[tom],[tom],JPMorgan Funds - US Smaller Companies Fund,[tom],[tom],"2020,2021,2022,2023,2024,2025,2026",
Luxembourg (LU),LU1048655002,JPM Europe Strategic Dividend C (dist) - EUR (hedged),[tom],[tom],JPMorgan Investment Funds - Europe Strategic Dividend Fund,[tom],[tom],"2020,2021,2022","2023,2024,2025,2026"
Luxembourg (LU),LU1048741935,JPM US Smaller Companies I (dist) - USD,[tom],[tom],JPMorgan Funds - US Smaller Companies Fund,[tom],[tom],"2020,2021,2022,2023,2024,2025,2026",
Luxembourg (LU),LU1048750761,JPM US Smaller Companies I (acc) - USD,[tom],[tom],JPMorgan Funds - US Smaller Companies Fund,[tom],[tom],"2020,2021,2022,2023,2024,2025,2026",
Luxembourg (LU),LU1051768569,BGF European Equity  Income Fund- Aggregate (CLASS A6),549300EO4UBXXE7L7Y87,19624500019,BGF European Equity Income Fund - Aggregate,[tom],[tom],"2020,2021,2022,2023,2024,2025,2026",
Luxembourg (LU),LU1051770623,BGF European Equity  Income Fund- Aggregate (CLASS A6),549300EO4UBXXE7L7Y87,19624500019,BGF European Equity Income Fund - Aggregate,[tom],[tom],"2020,2021,2022,2023,2024,2025,2026",
Luxembourg (LU),LU1051771274,BGF European Equity  Income Fund- Aggregate (CLASS A6),549300EO4UBXXE7L7Y87,19624500019,BGF European Equity Income Fund - Aggregate,[tom],[tom],"2020,2021,2022,2023,2024,2025,2026",
Luxembourg (LU),LU1053542236,T. Rowe Price Funds SICAV Asia Ex Japan Equity Fund Asian Ex-Japan Equity Fund Q (GBP),[tom],[tom],T. ROWE PRICE FUNDS SICAV,[tom],[tom],"2020,2021,2022,2023,2024,2025,2026",
Luxembourg (LU),LU1054168221,Wellington Emerging Markets Research Equity Fund USD S Accumulating Unhedged,[tom],[tom],Wellington Emerging Markets Research Equity Fund (Wellington Management Funds),[tom],[tom],"2020,2021,2022,2023,2024,2025,2026",
Luxembourg (LU),LU1056202929,JPMF - America Equity Fund I (acc) - EUR (hedged),[tom],1969 45 00016,JPMorgan Funds,[tom],[tom],"2021,2022,2023,2024,2025,2026",2020
Luxembourg (LU),LU1059906690,Nordea 1 - Global Climate and Environment Fund - HB - USD,549300JJG1N66HM3TH21,1989 45 00 886,Nordea 1 - Global Climate and Environment Fund,[tom],[tom],"2021,2022,2023,2024,2025,2026",2020
Luxembourg (LU),LU1059906773,Nordea 1 - Global Climate and Environment Fund - HBI - USD,549300JJG1N66HM3TH21,1989 45 00 886,Nordea 1 - Global Climate and Environment Fund,[tom],[tom],"2021,2022,2023,2024,2025,2026",2020
Luxembourg (LU),LU1059921491,Nordea 1 - Global Stable Equity Fund - HB - USD,549300OYMIP4UL664L36,1989 45 00 886,Nordea 1 - Global Stable Equity Fund,[tom],[tom],"2021,2022,2023,2024,2025,2026",2020
Luxembourg (LU),LU1065237387,JPMF - Emerging Markets Opportunities Fund - X (acc) - EUR (hedged),[tom],1969 45 00016,JPMorgan Funds,[tom],[tom],"2021,2022,2023,2024,2025,2026",2020
Luxembourg (LU),LU1069339015,JPMF - Emerging Markets Equity Fund - X (acc) - EUR (hedged),[tom],1969 45 00016,JPMorgan Funds,[tom],[tom],"2021,2022,2023,2024,2025,2026",2020
Luxembourg (LU),LU1074936037,JPM US Value A (acc) - SGD,false,false,JPMorgan Funds - US Value Fund,[tom],[tom],"2020,2021,2022","2023,2024,2025,2026"
Luxembourg (LU),LU1074971026,TJGF - Jupiter European Growth Class D EUR A Inc Dist,[tom],20054500751,The Jupiter Global Fund,[tom],[tom],2021.2022,"2020,2023,2024,2025,2026"
Luxembourg (LU),LU1074971299,TJGF - Jupiter European Growth Class L EUR A Inc Dist,[tom],20054500751,The Jupiter Global Fund,[tom],[tom],2021.2022,"2020,2023,2024,2025,2026"
Luxembourg (LU),LU1074971612,Jupiter Global Ecology Growth Class D EUR A Inc Dist,[tom],20054500751,The Jupiter Global Fund,[tom],[tom],2021.2022,"2020,2023,2024,2025,2026"
Luxembourg (LU),LU1074971703,Jupiter Global Ecology Growth Class L EUR A Inc Dist,[tom],20054500751,The Jupiter Global Fund,[tom],[tom],2021.2022,"2020,2023,2024,2025,2026"
Luxembourg (LU),LU1079558364,RCGF - Robeco New World Financials D USD,[tom],19974500291,Robeco Capital Growth Funds,[tom],[tom],"2021,2022,2023","2020,2024,2025,2026"
Luxembourg (LU),LU1080337386,JPM Europe Strategic Dividend A (mth) - RMB (hedged),[tom],[tom],JPMorgan Investment Funds - Europe Strategic Dividend Fund,[tom],[tom],"2020,2021,2022","2023,2024,2025,2026"
Luxembourg (LU),LU1081771369,Lyxor SG Global Value Beta UCITS ETF - Acc,549300UTOZQOOXTQ8131,2006.45.00741,Lyxor Index Fund,[tom],[tom],2021,"2020,2022,2023,2024,2025,2026"
Luxembourg (LU),LU1089191834,RCGF - Robeco New World Financials F USD,[tom],19974500291,Robeco Capital Growth Funds,[tom],[tom],"2021,2022,2023","2020,2024,2025,2026"
Luxembourg (LU),LU1094103063,Nordea 1 - Global Stable Equity Fund - Z - USD,549300OYMIP4UL664L36,1989 45 00 886,Nordea 1 - Global Stable Equity Fund,[tom],[tom],"2021,2022,2023,2024,2025,2026",2020
Luxembourg (LU),LU1098098459,JPM Europe Strategic Dividend A (acc) - HUF (hedged),[tom],[tom],JPMorgan Investment Funds - Europe Strategic Dividend Fund,[tom],[tom],"2020,2021,2022","2023,2024,2025,2026"
Luxembourg (LU),LU1098399733,JPM US Value C (acc) - EUR,false,false,JPMorgan Funds - US Value Fund,[tom],[tom],"2020,2021,2022","2023,2024,2025,2026"
Luxembourg (LU),LU1102563886,RCGF - Robeco Emerging Stars Equities KE USD,[tom],19974500291,Robeco Capital Growth Funds,[tom],[tom],"2021,2022,2023,2024,2025,2026",2020
Luxembourg (LU),LU1113101494,JPM Emerging Markets Opportunities I (acc) - SGD,[tom],[tom],JPMorgan Funds - Emerging Markets Opportunities Fund,[tom],[tom],"2020,2021,2022,2023,2024,2025,2026",
Luxembourg (LU),LU1113137688,RCGF - Robeco Asian Stars Equities I USD,[tom],19974500291,Robeco Capital Growth Funds,[tom],[tom],"2021,2022,2023,2024","2020,2025,2026"
Luxembourg (LU),LU1117476876,RCGF - Robeco Asian Stars Equities ML USD,[tom],19974500291,Robeco Capital Growth Funds,[tom],[tom],"2021,2022,2023,2024","2020,2025,2026"
Luxembourg (LU),LU1124238004,RCGF - Robeco New World Financials M USD,[tom],19974500291,Robeco Capital Growth Funds,[tom],[tom],"2021,2022,2023","2020,2024,2025,2026"
Luxembourg (LU),LU1127969324,T. Rowe Price Funds SICAV Global Growth Equity Fund Global Growth Equity Fund Q (EUR),549300OHLAV8MCXB2D69,false,T. ROWE PRICE FUNDS SICAV,[tom],[tom],"2020,2021,2022,2023,2024,2025,2026",
Luxembourg (LU),LU1127969597,T. Rowe Price Funds SICAV Global Focused Growth Equity Fund Global Focused Growth Equity Fund Q (EUR),549300OHLAV8MCXB2D69,false,T. Rowe Price Funds SICAV,[tom],[tom],"2020,2021,2022,2023,2024,2025,2026",
Luxembourg (LU),LU1127970256,T. Rowe Price Funds SICAV Japanese Equity Fund Japanese Equity Fund Q,549300OHLAV8MCXB2D69,false,T. ROWE PRICE FUNDS SICAV,[tom],[tom],"2020,2021,2022,2023,2024,2025,2026",
Luxembourg (LU),LU1140341345,Nordea 1 - Global Stable Equity Fund - AI - SEK,549300OYMIP4UL664L36,1989 45 00 886,Nordea 1 - Global Stable Equity Fund,[tom],[tom],"2021,2022,2023,2024,2025,2026",2020
Luxembourg (LU),LU1143078159,JPM Asia Pacific Equity A (acc) - HKD,[tom],[tom],JPMorgan Funds - Asia Pacific Equity Fund,[tom],[tom],"2020,2021,2022","2023,2024,2025,2026"
Luxembourg (LU),LU1143725015,RCGF - Robeco Global Consumer Trends E EUR,[tom],19974500291,Robeco Capital Growth Funds,[tom],[tom],"2021,2022,2023,2024,2025,2026",2020
Luxembourg (LU),LU1143725288,RCGF - Robeco Asian Stars Equities E EUR,[tom],19974500291,Robeco Capital Growth Funds,[tom],[tom],"2021,2022,2023,2024","2020,2025,2026"
Luxembourg (LU),LU1143725361,RCGF - Robeco Sustainable European Stars Equities E EUR,[tom],19974500291,Robeco Capital Growth Funds,[tom],[tom],"2021,2022,2023","2020,2024,2025,2026"
Luxembourg (LU),LU1143725528,RCGF - Robeco Emerging Stars Equities E EUR,[tom],19974500291,Robeco Capital Growth Funds,[tom],[tom],"2021,2022,2023,2024,2025,2026",2020
Luxembourg (LU),LU1147498189,T. Rowe Price Funds SICAV Asia Ex Japan Equity Fund Asian Ex-Japan Equity Fund I10,[tom],[tom],T. ROWE PRICE FUNDS SICAV,[tom],[tom],"2020,2021,2022,2023,2024,2025,2026",
Luxembourg (LU),LU1152267974,RCGF - Robeco QI Emerging Conservative Equities D GBP,[tom],19974500291,Robeco Capital Growth Funds,[tom],[tom],"2021,2022,2023,2024,2025,2026",2020
Luxembourg (LU),LU1152268352,RCGF - Robeco QI Emerging Conservative Equities F GBP,[tom],19974500291,Robeco Capital Growth Funds,[tom],[tom],"2021,2022,2023,2024,2025,2026",2020
Luxembourg (LU),LU1152268436,RCGF - Robeco QI Emerging Conservative Equities F USD,[tom],19974500291,Robeco Capital Growth Funds,[tom],[tom],"2021,2022,2023,2024,2025,2026",2020
Luxembourg (LU),LU1152268519,RCGF - Robeco QI Emerging Conservative Equities G GBP,[tom],19974500291,Robeco Capital Growth Funds,[tom],[tom],"2021,2022,2023,2024,2025,2026",2020
Luxembourg (LU),LU1152268600,RCGF - Robeco QI Emerging Conservative Equities G USD,[tom],19974500291,Robeco Capital Growth Funds,[tom],[tom],"2021,2022,2023,2024,2025,2026",2020
Luxembourg (LU),LU1153584641,BGF European Equity Income Fund - Aggregate (CLASS A2  HEDGED),549300EO4UBXXE7L7Y87,19624500019,BGF European Equity Income Fund - Aggregate,[tom],[tom],"2020,2021,2022,2023,2024,2025,2026",
Luxembourg (LU),LU1156487057,JPMIF - Europe Strategic Dividend Fund - I (acc) - SGD (hedged),[tom],1994 45 00998,JPMorgan investment funds,[tom],[tom],2021.2022,"2020,2023,2024,2025,2026"
Luxembourg (LU),LU1163236729,JPM Europe Select Equity P (dist) - EUR,[tom],[tom],JPMorgan Investment Funds - Europe Select Equity Fund,[tom],[tom],"2020,2021,2022,2023","2024,2025,2026"
Luxembourg (LU),LU1163236992,JPM Europe Select Equity I (acc) - USD (hedged),[tom],[tom],JPMorgan Investment Funds - Europe Select Equity Fund,[tom],[tom],"2020,2021,2022,2023,2024,2025,2026",
Luxembourg (LU),LU1185942403,BGF Euro-Markets Fund - European Equity Portfolio - Aggregate (CLASS D2  HE,549300GXUXRC34JGKL97,19624500019,BGF Euro-Markets Fund - Aggregate,[tom],[tom],"2020,2021,2022,2023,2024,2025,2026",
Luxembourg (LU),LU1185942585,BGF European Equity Income Fund Class D2 Hedged USD,549300EO4UBXXE7L7Y87,19624500019,BGF European Equity Income Fund - Aggregate,[tom],[tom],"2020,2021,2022,2023,2024,2025,2026",
Luxembourg (LU),LU1189150979,Nordea 1 - Stable Emerging Markets Equity Fund - AX - EUR,549300WZ0EJW0K2LBI46,1989 45 00 886,Nordea 1 - Stable Emerging Markets Equity Fund,[tom],[tom],"2020,2021,2022,2023,2024,2025,2026",
Luxembourg (LU),LU1193126049,RCGF - Robeco Emerging Stars Equities FL USD,[tom],19974500291,Robeco Capital Growth Funds,[tom],[tom],"2021,2022,2023,2024,2025,2026",2020
Luxembourg (LU),LU1193126809,RCGF - Robeco Global Consumer Trends F USD,[tom],19974500291,Robeco Capital Growth Funds,[tom],[tom],"2021,2022,2023,2024,2025,2026",2020
Luxembourg (LU),LU1195286585,JPM Europe Strategic Dividend C (acc) - USD (hedged),[tom],[tom],JPMorgan Investment Funds - Europe Strategic Dividend Fund,[tom],[tom],"2020,2021,2022","2023,2024,2025,2026"
Luxembourg (LU),LU1197970046,JPM Europe Strategic Dividend A (mth) - EUR,[tom],[tom],JPMorgan Investment Funds - Europe Strategic Dividend Fund,[tom],[tom],"2020,2021,2022","2023,2024,2025,2026"
Luxembourg (LU),LU1200839964,BGF European Equity Income Fund - Aggregate (CLASS D6 HEDGED),549300EO4UBXXE7L7Y87,19624500019,BGF European Equity Income Fund - Aggregate,[tom],[tom],"2020,2021,2022,2023,2024,2025,2026",
Luxembourg (LU),LU1208677507,RCGF - Robeco Global Consumer Trends DH USD,[tom],19974500291,Robeco Capital Growth Funds,[tom],[tom],"2021,2022,2023,2024,2025,2026",2020
Luxembourg (LU),LU1209343331,JPMIF - Europe Strategic Dividend Fund - C (acc) - PLN (hedged),[tom],1994 45 00998,JPMorgan investment funds,[tom],[tom],2021.2022,"2020,2023,2024,2025,2026"
Luxembourg (LU),LU1211166183,JPM US Value A (acc) - EUR,false,false,JPMorgan Funds - US Value Fund,[tom],[tom],"2020,2021,2022","2023,2024,2025,2026"
Luxembourg (LU),LU1216094281,JPM Europe Strategic Dividend D (mth) - USD (hedged),[tom],[tom],JPMorgan Investment Funds - Europe Strategic Dividend Fund,[tom],[tom],"2020,2021,2022","2023,2024,2025,2026"
Luxembourg (LU),LU1216096575,JPM Europe Strategic Dividend X (div) - EUR,[tom],[tom],JPMorgan Investment Funds - Europe Strategic Dividend Fund,[tom],[tom],"2020,2021,2022","2023,2024,2025,2026"
Luxembourg (LU),LU1220229196,BGF European Equity Income Fund - Aggregate (CLASS A8 HEDGED),549300EO4UBXXE7L7Y87,19624500019,BGF European Equity Income Fund - Aggregate,[tom],[tom],"2020,2021,2022,2023,2024,2025,2026",
Luxembourg (LU),LU1220229436,BGF European Equity Income Fund - Aggregate (CLASS A8 HEDGED),549300EO4UBXXE7L7Y87,19624500019,BGF European Equity Income Fund - Aggregate,[tom],[tom],"2020,2021,2022,2023,2024,2025,2026",
Luxembourg (LU),LU1220255860,JPM Europe Select Equity X (acc) - USD (hedged),[tom],[tom],JPMorgan Investment Funds - Europe Select Equity Fund,[tom],[tom],"2020,2021,2022,2023,2024,2025,2026",
Luxembourg (LU),LU1222728690,BGF European Equity Income Fund - Aggregate (CLASS I2),549300EO4UBXXE7L7Y87,19624500019,BGF European Equity Income Fund - Aggregate,[tom],[tom],"2020,2021,2022,2023,2024,2025,2026",
Luxembourg (LU),LU1223406353,U Access - Best Selection China A IPHC USD,2221000KLGG63B2F3013,[tom],U Access - Best Selection China A,[tom],[tom],2020.2021,"2022,2023,2024,2025,2026"
Luxembourg (LU),LU1223419331,Wellington US Research Equity Fund USD N Distributing Unhedged,[tom],[tom],Wellington US Research Equity Fund (Wellington Management Funds),[tom],[tom],"2020,2021,2022,2023,2024,2025,2026",
Luxembourg (LU),LU1233758587,RCGF - Robeco QI Emerging Conservative Equities IE EUR,[tom],19974500291,Robeco Capital Growth Funds,[tom],[tom],"2021,2022,2023,2024,2025,2026",2020
Luxembourg (LU),LU1233758660,RCGF - Robeco Global Consumer Trends IH USD,[tom],19974500291,Robeco Capital Growth Funds,[tom],[tom],"2021,2022,2023,2024,2025,2026",2020
Luxembourg (LU),LU1241525267,BGF European Equity Income Fund - Aggregate (CLASS A8 HEDGED),549300EO4UBXXE7L7Y87,19624500019,BGF European Equity Income Fund - Aggregate,[tom],[tom],"2020,2021,2022,2023,2024,2025,2026",
Luxembourg (LU),LU1244139660,Global Technology Equity Fund,549300OHLAV8MCXB2D69,[tom],T. ROWE PRICE FUNDS SICAV,[tom],[tom],"2021,2022,2023,2024,2025,2026",2020
Luxembourg (LU),LU1244139827,Global Technology Equity Fund,549300OHLAV8MCXB2D69,[tom],T. ROWE PRICE FUNDS SICAV,[tom],[tom],"2021,2022,2023,2024,2025,2026",2020
Luxembourg (LU),LU1244140163,Global Technology Equity Fund,549300OHLAV8MCXB2D69,[tom],T. ROWE PRICE FUNDS SICAV,[tom],[tom],"2021,2022,2023,2024,2025,2026",2020
Luxembourg (LU),LU1244656564,JPMF - Europe Strategic Growth Fund - JPM Europe Strategic Growth C (acc) - USD (hedged),[tom],1969 45 00016,JPMorgan Funds,[tom],[tom],2021.2022,"2020,2023,2024,2025,2026"
Luxembourg (LU),LU1270847343,BGF Euro-Markets Fund - European Equity Portfolio - Aggregate (CLASS A2  HE,549300GXUXRC34JGKL97,19624500019,BGF Euro-Markets Fund - Aggregate,[tom],[tom],"2020,2021,2022,2023,2024,2025,2026",
Luxembourg (LU),LU1273543592,JPM Europe Small Cap A (acc) - USD (hedged),[tom],[tom],JPMorgan Funds - Europe Small Cap Fund,[tom],[tom],"2020,2021,2022,2023,2024,2025,2026",
Luxembourg (LU),LU1276852404,BGF Swiss Small & MidCap Opportunities Fund Class D3 CHF,549300YOB1KZTW27BE02,19624500019,BGF Swiss Small & MidCap Opportunities Fund,[tom],[tom],"2020,2021,2022,2023,2024,2025,2026",
Luxembourg (LU),LU1278322851,RCGF - Robeco Emerging Stars Equities IL USD,[tom],19974500291,Robeco Capital Growth Funds,[tom],[tom],"2021,2022,2023,2024,2025,2026",2020
Luxembourg (LU),LU1278810731,JPM Emerging Europe Equity C (acc) - USD,[tom],[tom],JPMorgan Funds - Emerging Europe Equity Fund,[tom],[tom],"2020,2021,2022,2023,2024",2025.2026
Luxembourg (LU),LU1288019521,JPMF - Emerging Markets Opportunities Fund - C (acc) - SGD,[tom],1969 45 00016,JPMorgan Funds,[tom],[tom],"2021,2022,2023,2024,2025,2026",2020
Luxembourg (LU),LU1288019877,JPMF - Emerging Markets Opportunities Fund - C (acc) - SGD (hedged),[tom],1969 45 00016,JPMorgan Funds,[tom],[tom],"2021,2022,2023,2024,2025,2026",2020
Luxembourg (LU),LU1288023044,JPM Europe Strategic Dividend C (mth) - EUR,[tom],[tom],JPMorgan Investment Funds - Europe Strategic Dividend Fund,[tom],[tom],"2020,2021,2022","2023,2024,2025,2026"
Luxembourg (LU),LU1288023473,JPMIF - Europe Strategic Dividend Fund - C (mth) - RMB (hedged),[tom],1994 45 00998,JPMorgan investment funds,[tom],[tom],2021.2022,"2020,2023,2024,2025,2026"
Luxembourg (LU),LU1288023713,JPM Europe Strategic Dividend C (mth) - SGD (hedged),[tom],[tom],JPMorgan Investment Funds - Europe Strategic Dividend Fund,[tom],[tom],"2020,2021,2022","2023,2024,2025,2026"
Luxembourg (LU),LU1292561682,JPMIF - Europe Strategic Dividend Fund - I (acc) - SGD,[tom],1994 45 00998,JPMorgan investment funds,[tom],[tom],2021.2022,"2020,2023,2024,2025,2026"
Luxembourg (LU),LU1303369224,JPM America Equity C (acc) - EUR,[tom],[tom],JPMorgan Funds - America Equity Fund,[tom],[tom],"2020,2021,2022,2023,2024,2025,2026",
Luxembourg (LU),LU1303370313,JPM Europe Select Equity C (acc) - USD,[tom],[tom],JPMorgan Investment Funds - Europe Select Equity Fund,[tom],[tom],"2020,2021,2022,2023,2024,2025,2026",
Luxembourg (LU),LU1306424117,JPMF - Emerging Markets Opportunities Fund - I (dist) - USD,[tom],1969 45 00016,JPMorgan Funds,[tom],[tom],"2021,2022,2023,2024,2025,2026",2020
Luxembourg (LU),LU1314348803,Jupiter Financial Innovation Class L USD Acc HSC,[tom],20054500751,The Jupiter Global Fund,[tom],[tom],2021.2022,"2020,2023,2024,2025,2026"
Luxembourg (LU),LU1319833957,T. Rowe Price Funds SICAV US Large Cap Growth Equity Fund US Large Cap Growth Equity Fund Ih (EUR),549300OHLAV8MCXB2D69,false,T. ROWE PRICE FUNDS SICAV,[tom],[tom],"2020,2021,2022,2023,2024,2025,2026",
Luxembourg (LU),LU1327051279,Lyxor S&P 500 Daily (-2x) Inverse UCITS ETF - Acc,549300NS4D0CP2XTUD40,2006.45.00253,Multi Units Luxembourg,[tom],[tom],"2021,2022,2023,2024,2025,2026",2020
Luxembourg (LU),LU1329466632,Wellington US Research Equity Fund EUR D Accumulating Hedged,[tom],[tom],Wellington US Research Equity Fund (Wellington Management Funds),[tom],[tom],"2020,2021,2022,2023,2024,2025,2026",
Luxembourg (LU),LU1329466715,Wellington US Research Equity Fund EUR D Accumulating Unhedged,[tom],[tom],Wellington US Research Equity Fund (Wellington Management Funds),[tom],[tom],"2020,2021,2022,2023,2024,2025,2026",
Luxembourg (LU),LU1329466806,Wellington US Research Equity Fund EUR S Accumulating Hedged,[tom],[tom],Wellington US Research Equity Fund (Wellington Management Funds),[tom],[tom],"2020,2021,2022,2023,2024,2025,2026",
Luxembourg (LU),LU1329466988,Wellington US Research Equity Fund EUR S Accumulating Unhedged,[tom],[tom],Wellington US Research Equity Fund (Wellington Management Funds),[tom],[tom],"2020,2021,2022,2023,2024,2025,2026",
Luxembourg (LU),LU1329467101,Wellington US Research Equity Fund GBP N Distributing Unhedged,[tom],[tom],Wellington US Research Equity Fund (Wellington Management Funds),[tom],[tom],"2020,2021,2022,2023,2024,2025,2026",
Luxembourg (LU),LU1344779621,Wellington Emerging Markets Research Equity Fund USD T Accumulating Unhedged,[tom],[tom],Wellington Emerging Markets Research Equity Fund (Wellington Management Funds),[tom],[tom],"2020,2021,2022,2023,2024,2025,2026",
Luxembourg (LU),LU1346205104,RCGF - Robeco QI Global Conservative Equities IH EUR,[tom],19974500291,Robeco Capital Growth Funds,[tom],[tom],"2021,2022,2023,2024,2025,2026",2020
Luxembourg (LU),LU1356775822,JPMIF - Europe Strategic Dividend Fund - A (dist) - USD (hedged),[tom],1994 45 00998,JPMorgan investment funds,[tom],[tom],2021.2022,"2020,2023,2024,2025,2026"
Luxembourg (LU),LU1360213034,T. Rowe Price Funds SICAV Global Growth Equity Fund Global Growth Equity Fund I (CAD) 10,549300OHLAV8MCXB2D69,false,T. ROWE PRICE FUNDS SICAV,[tom],[tom],"2020,2021,2022,2023,2024,2025,2026",
Luxembourg (LU),LU1366343215,Wellington Emerging Markets Research Equity Fund USD D Accumulating Unhedged,[tom],[tom],Wellington Emerging Markets Research Equity Fund (Wellington Management Funds),[tom],[tom],"2020,2021,2022,2023,2024,2025,2026",
Luxembourg (LU),LU1366343306,Wellington Emerging Markets Research Equity Fund USD N Accumulating Unhedged,[tom],[tom],Wellington Emerging Markets Research Equity Fund (Wellington Management Funds),[tom],[tom],"2020,2021,2022,2023,2024,2025,2026",
Luxembourg (LU),LU1374269600,JPMF - Europe Small Cap Fund - A (acc) - SGD (hedged),[tom],1969 45 00016,JPMorgan Funds,[tom],[tom],"2021,2022,2023,2024,2025,2026",2020
Luxembourg (LU),LU1377970469,RCGF - Robeco Emerging Stars Equities IL GBP,[tom],19974500291,Robeco Capital Growth Funds,[tom],[tom],"2021,2022,2023,2024,2025,2026",2020
Luxembourg (LU),LU1382643945,T. Rowe Price Funds SICAV Asia Ex Japan Equity Fund Asian Ex-Japan Equity Fund I (EUR),[tom],[tom],T. ROWE PRICE FUNDS SICAV,[tom],[tom],"2020,2021,2022,2023,2024,2025,2026",
Luxembourg (LU),LU1382644323,Global Technology Equity Fund,549300OHLAV8MCXB2D69,[tom],T. ROWE PRICE FUNDS SICAV,[tom],[tom],"2021,2022,2023,2024,2025,2026",2020
Luxembourg (LU),LU1400230865,Global Technology Equity Fund,549300OHLAV8MCXB2D69,[tom],T. ROWE PRICE FUNDS SICAV,[tom],[tom],"2021,2022,2023,2024,2025,2026",2020
Luxembourg (LU),LU1408524814,RCGF - Robeco QI Global Conservative Equities F GBP,[tom],19974500291,Robeco Capital Growth Funds,[tom],[tom],"2021,2022,2023,2024,2025,2026",2020
Luxembourg (LU),LU1408525035,RCGF - Robeco Emerging Stars Equities F GBP,[tom],19974500291,Robeco Capital Growth Funds,[tom],[tom],"2021,2022,2023,2024,2025,2026",2020
Luxembourg (LU),LU1408525381,RCGF - Robeco Asian Stars Equities F GBP,[tom],19974500291,Robeco Capital Growth Funds,[tom],[tom],"2021,2022,2023,2024","2020,2025,2026"
Luxembourg (LU),LU1408525464,RCGF - Robeco Global Consumer Trends F GBP,[tom],19974500291,Robeco Capital Growth Funds,[tom],[tom],"2021,2022,2023,2024,2025,2026",2020
Luxembourg (LU),LU1408525894,RCGF - Robeco Sustainable Global Stars Equities IL EUR,[tom],19974500291,Robeco Capital Growth Funds,[tom],[tom],"2021,2022,2023,2024,2025,2026",2020
Luxembourg (LU),LU1408525977,RCGF - Robeco Emerging Stars Equities F USD,[tom],19974500291,Robeco Capital Growth Funds,[tom],[tom],"2021,2022,2023,2024,2025,2026",2020
Luxembourg (LU),LU1408526199,RCGF - Robeco Emerging Stars Equities G GBP,[tom],19974500291,Robeco Capital Growth Funds,[tom],[tom],"2021,2022,2023,2024,2025,2026",2020
Luxembourg (LU),LU1414096542,BGF Euro-Markets Fund - Aggregate (Class I4),549300GXUXRC34JGKL97,19624500019,BGF Euro-Markets Fund - Aggregate,[tom],[tom],"2020,2021,2022,2023,2024,2025,2026",
Luxembourg (LU),LU1435041824,JPMIF - Europe Strategic Dividend Fund - C (dist) - USD (hedged),[tom],1994 45 00998,JPMorgan investment funds,[tom],[tom],2021.2022,"2020,2023,2024,2025,2026"
Luxembourg (LU),LU1435042046,JPM Europe Strategic Dividend I (acc) - USD (hedged),[tom],[tom],JPMorgan Investment Funds - Europe Strategic Dividend Fund,[tom],[tom],"2020,2021,2022","2023,2024,2025,2026"
Luxembourg (LU),LU1436870155,JPM Emerging Markets Opportunities X (dist) - GBP,[tom],[tom],JPMorgan Funds - Emerging Markets Opportunities Fund,[tom],[tom],"2020,2021,2022,2023,2024,2025,2026",
Luxembourg (LU),LU1437015735,AMUNDI INDEX MSCI EUROPE,222100S57L5RNEFPBP23,[tom],Amundi Index Solution,[tom],[tom],"2021,2022,2023,2024,2025,2026",2020
Luxembourg (LU),LU1437017350,AMUNDI INDEX MSCI EMERGING MARKETS,22210029BWUM47M5IC61,[tom],Amundi Index Solution,[tom],[tom],"2021,2022,2023,2024,2025,2026",2020
Luxembourg (LU),LU1437017863,AMUNDI INDEX S&P 500,222100YTW62AGYBTTC41,[tom],Amundi Index Solution,[tom],[tom],"2021,2022,2023","2020,2024,2025,2026"
Luxembourg (LU),LU1438969351,T. Rowe Price Funds SICAV Global Focused Growth Equity Fund Global Focused Growth Equity Fund A (EUR),549300OHLAV8MCXB2D69,false,T. Rowe Price Funds SICAV,[tom],[tom],"2020,2021,2022,2023,2024,2025,2026",
Luxembourg (LU),LU1446472380,T. Rowe Price Funds SICAV US Large Cap Growth Equity Fund US Large Cap Growth Equity Fund Q (EUR),549300OHLAV8MCXB2D69,false,T. ROWE PRICE FUNDS SICAV,[tom],[tom],"2020,2021,2022,2023,2024,2025,2026",
Luxembourg (LU),LU1453466572,Global Technology Equity Fund,549300OHLAV8MCXB2D69,[tom],T. ROWE PRICE FUNDS SICAV,[tom],[tom],"2021,2022,2023,2024,2025,2026",2020
Luxembourg (LU),LU1453466739,Global Technology Equity Fund,549300OHLAV8MCXB2D69,[tom],T. ROWE PRICE FUNDS SICAV,[tom],[tom],"2021,2022,2023,2024,2025,2026",2020
Luxembourg (LU),LU1493700642,RCGF - Robeco QI Global Conservative Equities F EUR,[tom],19974500291,Robeco Capital Growth Funds,[tom],[tom],"2021,2022,2023,2024,2025,2026",2020
Luxembourg (LU),LU1495983246,BGF United Kingdom Fund (Class I2),549300CZ01EMON5C7Z93,19624500019,BGF United Kingdom Fund,[tom],[tom],"2020,2021,2022,2023,2024,2025,2026",
Luxembourg (LU),LU1499592118,BGF World Gold Fund - Aggregate (Class A2 Hedged),549300VJ8R1OCCCRJB59,19624500019,BGF World Gold Fund,[tom],[tom],"2020,2021,2022,2023,2024,2025,2026",
Luxembourg (LU),LU1508451900,Wellington US Research Equity Fund EUR N Accumulating Hedged,[tom],[tom],Wellington US Research Equity Fund (Wellington Management Funds),[tom],[tom],"2020,2021,2022,2023,2024,2025,2026",
Luxembourg (LU),LU1512743821,Wellington US Research Equity Fund GBP S Accumulating Unhedged,[tom],[tom],Wellington US Research Equity Fund (Wellington Management Funds),[tom],[tom],"2020,2021,2022,2023,2024,2025,2026",
Luxembourg (LU),LU1529808336,JPM Europe Sustainable Equity A (acc) - EUR,[tom],[tom],JPMorgan Funds - Europe Sustainable Equity Fund,[tom],[tom],"2020,2021,2022,2023,2024,2025,2026",
Luxembourg (LU),LU1529808849,JPMF - Europe Sustainable Equity Fund - A (dist) - EUR,[tom],1969 45 00016,JPMorgan Funds,[tom],[tom],"2021,2022,2023,2024,2025,2026",2020
Luxembourg (LU),LU1529809060,JPM Europe Sustainable Equity C (acc) - EUR,[tom],[tom],JPMorgan Funds - Europe Sustainable Equity Fund,[tom],[tom],"2020,2021,2022,2023,2024,2025,2026",
Luxembourg (LU),LU1529809144,JPM Europe Sustainable Equity D (acc) - EUR,[tom],[tom],JPMorgan Funds - Europe Sustainable Equity Fund,[tom],[tom],"2020,2021,2022,2023,2024,2025,2026",
Luxembourg (LU),LU1529809227,JPM Europe Sustainable Equity I (acc) - EUR,[tom],[tom],JPMorgan Funds - Europe Sustainable Equity Fund,[tom],[tom],"2020,2021,2022,2023,2024,2025,2026",
Luxembourg (LU),LU1529809490,JPMF - Europe Sustainable Equity Fund - S2 (acc) - EUR,[tom],1969 45 00016,JPMorgan Funds,[tom],[tom],"2021,2022,2023,2024","2020,2025,2026"
Luxembourg (LU),LU1529809573,JPM Europe Sustainable Equity X (acc) - EUR,[tom],[tom],JPMorgan Funds - Europe Sustainable Equity Fund,[tom],[tom],"2020,2021,2022,2023,2024,2025,2026",
Luxembourg (LU),LU1529809656,JPMF - Europe Sustainable Equity Fund - A (acc) - CHF (hedged),[tom],1969 45 00016,JPMorgan Funds,[tom],[tom],"2021,2022,2023,2024,2025,2026",2020
Luxembourg (LU),LU1529809730,JPMF - Europe Sustainable Equity Fund - C (acc) - CHF (hedged),[tom],1969 45 00016,JPMorgan Funds,[tom],[tom],"2021,2022,2023,2024,2025,2026",2020
Luxembourg (LU),LU1529809813,JPMF - Europe Sustainable Equity Fund - I (acc) - CHF (hedged),[tom],1969 45 00016,JPMorgan Funds,[tom],[tom],"2021,2022,2023,2024,2025,2026",2020
Luxembourg (LU),LU1529809904,JPMorgan Funds - Europe Sustainable Equity Fund - S2 (acc) - CHF (hedged),[tom],1969 45 00016,JPMorgan Funds,[tom],[tom],"2021,2022,2023,2024","2020,2025,2026"
Luxembourg (LU),LU1529810076,JPMF - Europe Sustainable Equity Fund - A (acc) - USD (hedged),[tom],1969 45 00016,JPMorgan Funds,[tom],[tom],"2021,2022,2023,2024,2025,2026",2020
Luxembourg (LU),LU1529810159,JPMorgan Funds - Europe Sustainable Equity Fund - S2 (acc) - USD (hedged),[tom],1969 45 00016,JPMorgan Funds,[tom],[tom],"2021,2022,2023,2024","2020,2025,2026"
Luxembourg (LU),LU1536785709,JPM US Smaller Companies C (acc) - EUR (hedged),[tom],[tom],JPMorgan Funds - US Smaller Companies Fund,[tom],[tom],"2020,2021,2022,2023,2024,2025,2026",
Luxembourg (LU),LU1549269337,Wellington US Research Equity Fund USD SP Accumulating Unhedged,[tom],[tom],Wellington US Research Equity Fund (Wellington Management Funds),[tom],[tom],"2020,2021,2022,2023,2024,2025,2026",
Luxembourg (LU),LU1549374129,JPM Europe Strategic Dividend X (acc) - USD (hedged),[tom],[tom],JPMorgan Investment Funds - Europe Strategic Dividend Fund,[tom],[tom],"2020,2021,2022","2023,2024,2025,2026"
Luxembourg (LU),LU1555763249,JPM Europe Strategic Dividend D (mth) - EUR (hedged),[tom],[tom],JPMorgan Investment Funds - Europe Strategic Dividend Fund,[tom],[tom],"2020,2021,2022","2023,2024,2025,2026"
Luxembourg (LU),LU1558474760,Global Technology Equity Fund,549300OHLAV8MCXB2D69,[tom],T. ROWE PRICE FUNDS SICAV,[tom],[tom],"2021,2022,2023,2024,2025,2026",2020
Luxembourg (LU),LU1559751059,Nordea 1 - Stable Emerging Markets Equity Fund - Y - SEK,549300WZ0EJW0K2LBI46,1989 45 00 886,Nordea 1 - Stable Emerging Markets Equity Fund,[tom],[tom],"2020,2021,2022","2023,2024,2025,2026"
Luxembourg (LU),LU1569815910,JPM US Smaller Companies A (acc) - EUR (hedged),[tom],[tom],JPMorgan Funds - US Smaller Companies Fund,[tom],[tom],"2020,2021,2022,2023,2024,2025,2026",
Luxembourg (LU),LU1569987610,T. Rowe Price Funds SICAV Japanese Equity Fund Japanese Equity Fund I (USD),549300OHLAV8MCXB2D69,false,T. ROWE PRICE FUNDS SICAV,[tom],[tom],"2020,2021,2022,2023,2024,2025,2026",
Luxembourg (LU),LU1571401832,Nordea 2 - Global Enhanced Small Cap Fund - BI - EUR,549300GVTL00XKK6XZ21,2016 45 00 889,Nordea 2 - Global Enhanced Small Cap Fund,[tom],[tom],"2020,2021,2022,2023,2024,2025,2026",
Luxembourg (LU),LU1571401915,Nordea 2 - Global Enhanced Small Cap Fund - BI - SEK,549300GVTL00XKK6XZ21,2016 45 00 889,Nordea 2 - Global Enhanced Small Cap Fund,[tom],[tom],"2020,2021,2022,2023,2024,2025,2026",
Luxembourg (LU),LU1571402053,Nordea 2 - Global Enhanced Small Cap Fund - BP - EUR,549300GVTL00XKK6XZ21,2016 45 00 889,Nordea 2 - Global Enhanced Small Cap Fund,[tom],[tom],"2020,2021,2022,2023,2024,2025,2026",
Luxembourg (LU),LU1574142243,Lyxor Index Fund - Lyxor Core STOXX Europe 600 (DR) UCITS ETF Monthly Hedged to EUR - Dist,549300A80402TVM24775,2006.45.00741,Lyxor Index Fund - Lyxor Core STOXX Europe 600 (DR),[tom],[tom],"2020,2021,2022,2023,2024,2025,2026",
Luxembourg (LU),LU1582322191,T. Rowe Price Funds SICAV Japanese Equity Fund Japanese Equity Fund I10,549300OHLAV8MCXB2D69,false,T. ROWE PRICE FUNDS SICAV,[tom],[tom],"2020,2021,2022,2023,2024,2025,2026",
Luxembourg (LU),LU1586386069,Global Technology Equity Fund,549300OHLAV8MCXB2D69,[tom],T. ROWE PRICE FUNDS SICAV,[tom],[tom],"2021,2022,2023,2024,2025,2026",2020
Luxembourg (LU),LU1598689153,Lyxor MSCI EMU Small Cap (DR) UCITS ETF - Dist,54930090K3ABLGY3UZ21,2006.45.00741,Lyxor Index Fund,[tom],[tom],"2021,2022,2023,2024,2025,2026",2020
Luxembourg (LU),LU1598690169,Lyxor MSCI EMU Value (DR) UCITS ETF - Dist,549300WXXSIJYC53TL33,2006.45.00741,Lyxor Index Fund,[tom],[tom],"2021,2022,2023,2024,2025,2026",2020
Luxembourg (LU),LU1599125231,JPMF - Europe Strategic Value Fund - A (acc) - USD (hedged),[tom],1969 45 00016,JPMorgan Funds,[tom],[tom],2021.2022,"2020,2023,2024,2025,2026"
Luxembourg (LU),LU1599125314,JPMF - Europe Strategic Value Fund - A (acc) - CHF (hedged),[tom],1969 45 00016,JPMorgan Funds,[tom],[tom],2021.2022,"2020,2023,2024,2025,2026"
Luxembourg (LU),LU1599125405,JPMF - Europe Strategic Value Fund - C (acc) - CHF (hedged),[tom],1969 45 00016,JPMorgan Funds,[tom],[tom],2021.2022,"2020,2023,2024,2025,2026"
Luxembourg (LU),LU1599543821,JPM US Select Equity I (acc) - EUR,[tom],[tom],JPMorgan Investment Funds - US Select Equity Fund,[tom],[tom],"2020,2021,2022,2023,2024,2025,2026",
Luxembourg (LU),LU1602119973,Global Technology Equity Fund,549300OHLAV8MCXB2D69,[tom],T. ROWE PRICE FUNDS SICAV,[tom],[tom],"2021,2022,2023,2024,2025,2026",2020
Luxembourg (LU),LU1602120047,Global Technology Equity Fund,549300OHLAV8MCXB2D69,[tom],T. ROWE PRICE FUNDS SICAV,[tom],[tom],"2021,2022,2023,2024,2025,2026",2020
Luxembourg (LU),LU1602144229,AMUNDI INDEX MSCI GLOBAL CLIMATE CHANGE,222100479LWJEIXZB875,[tom],Amundi Index Solution,[tom],[tom],"2021,2022,2023,2024","2020,2025,2026"
Luxembourg (LU),LU1607949333,JPM Emerging Markets Small Cap X (acc) - JPY,[tom],[tom],JPMorgan Funds - Emerging Markets Small Cap Fund,[tom],[tom],"2020,2021,2022,2023,2024,2025,2026",
Luxembourg (LU),LU1615288039,JPM Europe Strategic Value C (acc) - USD (hedged),[tom],[tom],JPMorgan Funds - Europe Strategic Value Fund,[tom],[tom],"2020,2021,2022","2023,2024,2025,2026"
Luxembourg (LU),LU1616932601,DWS Invest ESG Equity Income,222100L1LYCTTK0DG453,86435,DWS Invest,[tom],[tom],"2021,2022,2023,2024,2025,2026",2020
Luxembourg (LU),LU1616932783,DWS Invest ESG Equity Income,222100L1LYCTTK0DG453,86435,DWS Invest,[tom],[tom],"2021,2022,2023,2024,2025,2026",2020
Luxembourg (LU),LU1618352428,RCGF - Robeco QI Emerging Conservative Equities C GBP,[tom],19974500291,Robeco Capital Growth Funds,[tom],[tom],"2021,2022,2023,2024,2025,2026",2020
Luxembourg (LU),LU1618352691,RCGF - Robeco Emerging Stars Equities DL USD,[tom],19974500291,Robeco Capital Growth Funds,[tom],[tom],"2021,2022,2023,2024,2025,2026",2020
Luxembourg (LU),LU1622139464,JPM US Select Equity A (acc) - AUD (hedged),[tom],[tom],JPMorgan Investment Funds - US Select Equity Fund,[tom],[tom],"2020,2021,2022,2023,2024,2025,2026",
Luxembourg (LU),LU1622139548,JPM Europe Strategic Dividend A (acc) - AUD (hedged),[tom],[tom],JPMorgan Investment Funds - Europe Strategic Dividend Fund,[tom],[tom],"2020,2021,2022","2023,2024,2025,2026"
Luxembourg (LU),LU1629880342,RCGF - Robeco New World Financials I EUR,[tom],19974500291,Robeco Capital Growth Funds,[tom],[tom],"2021,2022,2023","2020,2024,2025,2026"
Luxembourg (LU),LU1646359452,Lyxor JPX-Nikkei 400 (DR) UCITS ETF - Acc,549300IISE78NYFHY686,2006.45.00253,Multi Units Luxembourg,[tom],[tom],2021.2022,"2020,2023,2024,2025,2026"
Luxembourg (LU),LU1646359965,Lyxor JPX-Nikkei 400 (DR) UCITS ETF - Daily Hedged to EUR - Acc,549300IISE78NYFHY686,2006.45.00253,Multi Units Luxembourg,[tom],[tom],2021.2022,"2020,2023,2024,2025,2026"
Luxembourg (LU),LU1646360971,MULTI UNITS LUXEMBOURG - Lyxor Core MSCI EMU (DR) UCITS ETF,549300FMBJ5S1PXQ2305,2006.45.00253,MULTI UNITS LUXEMBOURG - Lyxor Core MSCI EMU (DR) UCITS ETF,[tom],[tom],"2020,2021,2022,2023,2024,2025,2026",
Luxembourg (LU),LU1646362167,Lyxor FTSE USA Minimum Variance UCITS ETF - Acc,54930085XLSIZPJKLV74,2006.45.00253,Multi Units Luxembourg,[tom],[tom],2021,"2020,2022,2023,2024,2025,2026"
Luxembourg (LU),LU1646897436,JPM Europe Strategic Dividend I (acc) - USD,[tom],[tom],JPMorgan Investment Funds - Europe Strategic Dividend Fund,[tom],[tom],"2020,2021,2022","2023,2024,2025,2026"
Luxembourg (LU),LU1648399662,Nordea 2 - Global Enhanced Equity Fund - BI - SEK,5493005RFEPPIBGGFX39,2016 45 00 889,Nordea 2 - Global Enhanced Equity Fund,[tom],[tom],"2020,2021,2022,2023,2024,2025,2026",
Luxembourg (LU),LU1648399746,Nordea 2 - Global Enhanced Equity Fund - BI - NOK,5493005RFEPPIBGGFX39,2016 45 00 889,Nordea 2 - Global Enhanced Equity Fund,[tom],[tom],"2020,2021,2022,2023,2024,2025,2026",
Luxembourg (LU),LU1648399829,Nordea 2 - Global Enhanced Equity Fund - BI - EUR,5493005RFEPPIBGGFX39,2016 45 00 889,Nordea 2 - Global Enhanced Equity Fund,[tom],[tom],"2020,2021,2022,2023,2024,2025,2026",
Luxembourg (LU),LU1648400007,Nordea 2 - Emerging Markets Enhanced Equity Fund - BI - EUR,549300UUUBHFIQXKYM48,2016 45 00 889,Nordea 2 - Emerging Markets Enhanced Equity Fund,[tom],[tom],"2020,2021,2022,2023,2024,2025,2026",
Luxembourg (LU),LU1648400189,Nordea 2 - Emerging Markets Enhanced Equity Fund - BP - EUR,549300UUUBHFIQXKYM48,2016 45 00 889,Nordea 2 - Emerging Markets Enhanced Equity Fund,[tom],[tom],"2020,2021,2022,2023,2024,2025,2026",
Luxembourg (LU),LU1648400262,Nordea 2 - Emerging Markets Enhanced Equity Fund - BP - SEK,549300UUUBHFIQXKYM48,2016 45 00 889,Nordea 2 - Emerging Markets Enhanced Equity Fund,[tom],[tom],"2020,2021,2022,2023,2024,2025,2026",
Luxembourg (LU),LU1648400429,Nordea 2 - Emerging Markets Enhanced Equity Fund - BP - NOK,549300UUUBHFIQXKYM48,2016 45 00 889,Nordea 2 - Emerging Markets Enhanced Equity Fund,[tom],[tom],"2020,2021,2022,2023,2024,2025,2026",
Luxembourg (LU),LU1648400692,Nordea 2 - European Enhanced Equity Fund - BP - EUR,549300ZSC5HTQ0V6KO22,2016 45 00 889,Nordea 2 - European Enhanced Equity Fund,[tom],[tom],"2020,2021,2022,2023,2024,2025,2026",
Luxembourg (LU),LU1648400775,Nordea 2 - European Enhanced Equity Fund - BP - NOK,549300ZSC5HTQ0V6KO22,2016 45 00 889,Nordea 2 - European Enhanced Equity Fund,[tom],[tom],"2020,2021,2022,2023,2024,2025,2026",
Luxembourg (LU),LU1648400858,Nordea 2 - European Enhanced Equity Fund - BP - SEK,549300ZSC5HTQ0V6KO22,2016 45 00 889,Nordea 2 - European Enhanced Equity Fund,[tom],[tom],"2020,2021,2022,2023,2024,2025,2026",
Luxembourg (LU),LU1648400932,Nordea 2 - European Enhanced Equity Fund - BI - EUR,549300ZSC5HTQ0V6KO22,2016 45 00 889,Nordea 2 - European Enhanced Equity Fund,[tom],[tom],"2020,2021,2022,2023,2024,2025,2026",
Luxembourg (LU),LU1648401070,Nordea 2 - European Enhanced Equity Fund - BI - NOK,549300ZSC5HTQ0V6KO22,2016 45 00 889,Nordea 2 - European Enhanced Equity Fund,[tom],[tom],"2020,2021,2022,2023,2024,2025,2026",
Luxembourg (LU),LU1648401153,Nordea 2 - European Enhanced Equity Fund - BI - SEK,549300ZSC5HTQ0V6KO22,2016 45 00 889,Nordea 2 - European Enhanced Equity Fund,[tom],[tom],"2020,2021,2022,2023,2024,2025,2026",
Luxembourg (LU),LU1648401401,Nordea 2 - Japanese Enhanced Equity Fund - BP - EUR,549300SGPKI5DLJ77I30,2016 45 00 889,Nordea 2 - Japanese Enhanced Equity Fund,[tom],[tom],"2020,2021,2022,2023,2024,2025,2026",
Luxembourg (LU),LU1648401583,Nordea 2 - Japanese Enhanced Equity Fund - BP - NOK,549300SGPKI5DLJ77I30,2016 45 00 889,Nordea 2 - Japanese Enhanced Equity Fund,[tom],[tom],"2020,2021,2022,2023,2024,2025,2026",
Luxembourg (LU),LU1648401666,Nordea 2 - Japanese Enhanced Equity Fund - BP - SEK,549300SGPKI5DLJ77I30,2016 45 00 889,Nordea 2 - Japanese Enhanced Equity Fund,[tom],[tom],"2020,2021,2022,2023,2024,2025,2026",
Luxembourg (LU),LU1648401740,Nordea 2 - Japanese Enhanced Equity Fund - BI - JPY,549300SGPKI5DLJ77I30,2016 45 00 889,Nordea 2 - Japanese Enhanced Equity Fund,[tom],[tom],"2020,2021,2022,2023,2024,2025,2026",
Luxembourg (LU),LU1648401823,Nordea 2 - Japanese Enhanced Equity Fund - BI - EUR,549300SGPKI5DLJ77I30,2016 45 00 889,Nordea 2 - Japanese Enhanced Equity Fund,[tom],[tom],"2020,2021,2022,2023,2024,2025,2026",
Luxembourg (LU),LU1648402045,Nordea 2 - Japanese Enhanced Equity Fund - BI - NOK,549300SGPKI5DLJ77I30,2016 45 00 889,Nordea 2 - Japanese Enhanced Equity Fund,[tom],[tom],"2020,2021,2022,2023,2024,2025,2026",
Luxembourg (LU),LU1648402128,Nordea 2 - Japanese Enhanced Equity Fund - BI - SEK,549300SGPKI5DLJ77I30,2016 45 00 889,Nordea 2 - Japanese Enhanced Equity Fund,[tom],[tom],"2020,2021,2022,2023,2024,2025,2026",
Luxembourg (LU),LU1648456561,RCGF - Robeco Global Consumer Trends M2 EUR,[tom],19974500291,Robeco Capital Growth Funds,[tom],[tom],"2021,2022,2023,2024,2025,2026",2020
Luxembourg (LU),LU1648457296,RCGF - Robeco New World Financials E EUR,[tom],19974500291,Robeco Capital Growth Funds,[tom],[tom],"2021,2022,2023","2020,2024,2025,2026"
Luxembourg (LU),LU1649332456,Multicooperation SICAV - Julius Baer Equity Next Generation USD A,549300FC83P1GEFD9B93,false,Multicooperation SICAV,[tom],[tom],"2020,2021,2022,2023,2024,2025,2026",
Luxembourg (LU),LU1649332530,Multicooperation SICAV - Julius Baer Equity Next Generation CHF Ah,549300FC83P1GEFD9B93,false,Multicooperation SICAV,[tom],[tom],"2020,2021,2022,2023,2024,2025,2026",
Luxembourg (LU),LU1649332704,Multicooperation SICAV - Julius Baer Equity Next Generation EUR Ah,549300FC83P1GEFD9B93,false,Multicooperation SICAV,[tom],[tom],"2020,2021,2022,2023,2024,2025,2026",
Luxembourg (LU),LU1649332886,Multicooperation SICAV - Julius Baer Equity Next Generation USD B,549300FC83P1GEFD9B93,false,Multicooperation SICAV,[tom],[tom],"2020,2021,2022,2023,2024,2025,2026",
Luxembourg (LU),LU1649332969,Multicooperation SICAV - Julius Baer Equity Next Generation CHF Bh,549300FC83P1GEFD9B93,false,Multicooperation SICAV,[tom],[tom],"2020,2021,2022,2023,2024,2025,2026",
Luxembourg (LU),LU1649333181,Multicooperation SICAV - Julius Baer Equity Next Generation EUR Bh,549300FC83P1GEFD9B93,false,Multicooperation SICAV,[tom],[tom],"2020,2021,2022,2023,2024,2025,2026",
Luxembourg (LU),LU1649333264,Multicooperation SICAV - Julius Baer Equity Next Generation USD C,549300FC83P1GEFD9B93,false,Multicooperation SICAV,[tom],[tom],"2020,2021,2022,2023,2024,2025,2026",
Luxembourg (LU),LU1649333348,Multicooperation SICAV - Julius Baer Equity Next Generation CHF Ch,549300FC83P1GEFD9B93,false,Multicooperation SICAV,[tom],[tom],"2020,2021,2022,2023,2024,2025,2026",
Luxembourg (LU),LU1649333777,Multicooperation SICAV - Julius Baer Equity Next Generation EUR Ch,549300FC83P1GEFD9B93,false,Multicooperation SICAV,[tom],[tom],"2020,2021,2022,2023,2024,2025,2026",
Luxembourg (LU),LU1649333934,Multicooperation SICAV - Julius Baer Equity Next Generation USD K,549300FC83P1GEFD9B93,false,Multicooperation SICAV,[tom],[tom],"2020,2021,2022,2023,2024,2025,2026",
Luxembourg (LU),LU1649334072,Multicooperation SICAV - Julius Baer Equity Next Generation CHF Kh,549300FC83P1GEFD9B93,false,Multicooperation SICAV,[tom],[tom],"2020,2021,2022,2023,2024,2025,2026",
Luxembourg (LU),LU1649334239,Multicooperation SICAV - Julius Baer Equity Next Generation EUR Kh,549300FC83P1GEFD9B93,false,Multicooperation SICAV,[tom],[tom],"2020,2021,2022,2023,2024,2025,2026",
Luxembourg (LU),LU1649334312,Multicooperation SICAV - Julius Baer Equity Next Generation USD Ka,549300FC83P1GEFD9B93,false,Multicooperation SICAV,[tom],[tom],"2020,2021,2022,2023,2024,2025,2026",
Luxembourg (LU),LU1649334403,Multicooperation SICAV - Julius Baer Equity Next Generation USD N,549300FC83P1GEFD9B93,false,Multicooperation SICAV,[tom],[tom],"2020,2021,2022,2023,2024,2025,2026",
Luxembourg (LU),LU1649334668,Multicooperation SICAV - Julius Baer Equity Next Generation USD Na,549300FC83P1GEFD9B93,false,Multicooperation SICAV,[tom],[tom],"2020,2021,2022,2023,2024,2025,2026",
Luxembourg (LU),LU1649334825,Multicooperation SICAV - Julius Baer Equity Next Generation USD Z,549300FC83P1GEFD9B93,false,Multicooperation SICAV,[tom],[tom],"2020,2021,2022,2023,2024,2025,2026",
Luxembourg (LU),LU1650492173,Lyxor FTSE 100 UCITS ETF - Acc,5493008KDDVEKQTO3E60,2006.45.00253,Multi Units Luxembourg,[tom],[tom],"2021,2022,2023,2024,2025,2026",2020
Luxembourg (LU),LU1650588442,Nordea 2 - Global Enhanced Small Cap Fund - BI - NOK,549300GVTL00XKK6XZ21,2016 45 00 889,Nordea 2 - Global Enhanced Small Cap Fund,[tom],[tom],"2020,2021,2022,2023,2024,2025,2026",
Luxembourg (LU),LU1650588525,Nordea 2 - Emerging Markets Enhanced Equity Fund - BI - NOK,549300UUUBHFIQXKYM48,2016 45 00 889,Nordea 2 - Emerging Markets Enhanced Equity Fund,[tom],[tom],"2020,2021,2022,2023,2024,2025,2026",
Luxembourg (LU),LU1651842897,JPMIF - Europe Strategic Dividend Fund - X (acc) - SGD (hedged),[tom],1994 45 00998,JPMorgan investment funds,[tom],[tom],2021.2022,"2020,2023,2024,2025,2026"
Luxembourg (LU),LU1651842970,JPMIF - Europe Strategic Dividend Fund - X (acc) - SGD,[tom],1994 45 00998,JPMorgan investment funds,[tom],[tom],2021.2022,"2020,2023,2024,2025,2026"
Luxembourg (LU),LU1662401824,JPM US Value I (acc) - EUR,false,false,JPMorgan Funds - US Value Fund,[tom],[tom],"2020,2021,2022","2023,2024,2025,2026"
Luxembourg (LU),LU1664415012,RCGF - Robeco Emerging Stars Equities FL EUR,[tom],19974500291,Robeco Capital Growth Funds,[tom],[tom],"2021,2022,2023,2024,2025,2026",2020
Luxembourg (LU),LU1672149751,Wellington Emerging Markets Research Equity Fund EUR D Accumulating Unhedged,[tom],[tom],Wellington Emerging Markets Research Equity Fund (Wellington Management Funds),[tom],[tom],"2020,2021,2022,2023,2024,2025,2026",
Luxembourg (LU),LU1672149835,Wellington Emerging Markets Research Equity Fund EUR N Accumulating Unhedged,[tom],[tom],Wellington Emerging Markets Research Equity Fund (Wellington Management Funds),[tom],[tom],"2020,2021,2022,2023,2024,2025,2026",
Luxembourg (LU),LU1681046931,AMUNDI CAC 40,549300TC0PVE58KW9N64,[tom],Amundi Index Solutions,[tom],[tom],"2021,2022,2023,2024,2025,2026",2020
Luxembourg (LU),LU1681047236,AMUNDI INDEX EUROSTOXX 50,549300BAK8X881YKGS43,[tom],Amundi Index Solution,[tom],[tom],"2021,2022,2023,2024,2025,2026",2020
Luxembourg (LU),LU1683326703,T. Rowe Price Funds SICAV Japanese Equity Fund Japanese Equity Fund Ah (EUR),549300OHLAV8MCXB2D69,false,T. ROWE PRICE FUNDS SICAV,[tom],[tom],"2020,2021,2022,2023,2024,2025,2026",
Luxembourg (LU),LU1687454352,Wellington US Research Equity Fund EUR N Accumulating Unhedged,[tom],[tom],Wellington US Research Equity Fund (Wellington Management Funds),[tom],[tom],"2020,2021,2022,2023,2024,2025,2026",
Luxembourg (LU),LU1687454600,Wellington Emerging Markets Research Equity Fund CAD S Accumulating Unhedged,[tom],[tom],Wellington Emerging Markets Research Equity Fund (Wellington Management Funds),[tom],[tom],"2020,2021,2022,2023,2024,2025,2026",
Luxembourg (LU),LU1687713559,Multicooperation SICAV - Julius Baer Equity Next Generation EUR Ka,549300FC83P1GEFD9B93,false,Multicooperation SICAV,[tom],[tom],"2020,2021,2022,2023,2024,2025,2026",
Luxembourg (LU),LU1687713633,Multicooperation SICAV - Julius Baer Equity Next Generation CHF Ka,549300FC83P1GEFD9B93,false,Multicooperation SICAV,[tom],[tom],"2020,2021,2022,2023,2024,2025,2026",
Luxembourg (LU),LU1691909508,Lyxor Index Fund - Lyxor Global Gender Equality (DR) UCITS ETF,5493000WPED2NRUIM128,2006.45.00741,Lyxor Index Fund - Lyxor Global Gender Equality (DR) UCITS ETF,[tom],[tom],"2020,2021,2022,2023,2024,2025,2026",
Luxembourg (LU),LU1697912878,T. Rowe Price Funds SICAV Japanese Equity Fund Japanese Equity Fund Qh (EUR),549300OHLAV8MCXB2D69,false,T. ROWE PRICE FUNDS SICAV,[tom],[tom],"2020,2021,2022,2023,2024,2025,2026",
Luxembourg (LU),LU1700710939,RCGF - Robeco FinTech D EUR,[tom],19974500291,Robeco Capital Growth Funds,[tom],[tom],"2021,2022,2023","2020,2024,2025,2026"
Luxembourg (LU),LU1700711077,RCGF - Robeco FinTech F EUR,[tom],19974500291,Robeco Capital Growth Funds,[tom],[tom],"2021,2022,2023","2020,2024,2025,2026"
Luxembourg (LU),LU1700711150,RCGF - Robeco FinTech I EUR,[tom],19974500291,Robeco Capital Growth Funds,[tom],[tom],"2021,2022,2023","2020,2024,2025,2026"
Luxembourg (LU),LU1700711234,RCGF - Robeco FinTech Z EUR,[tom],19974500291,Robeco Capital Growth Funds,[tom],[tom],"2021,2022,2023","2020,2024,2025,2026"
Luxembourg (LU),LU1700711317,RCGF - Robeco FinTech D USD,[tom],19974500291,Robeco Capital Growth Funds,[tom],[tom],"2021,2022,2023","2020,2024,2025,2026"
Luxembourg (LU),LU1700711408,RCGF - Robeco FinTech F USD,[tom],19974500291,Robeco Capital Growth Funds,[tom],[tom],"2021,2022,2023","2020,2024,2025,2026"
Luxembourg (LU),LU1700711580,RCGF - Robeco FinTech I USD,[tom],19974500291,Robeco Capital Growth Funds,[tom],[tom],"2021,2022,2023","2020,2024,2025,2026"
Luxembourg (LU),LU1700711747,RCGF - Robeco Sustainable European Stars Equities I USD,[tom],19974500291,Robeco Capital Growth Funds,[tom],[tom],"2021,2022,2023","2020,2024,2025,2026"
Luxembourg (LU),LU1706106447,Nordea 1 - European Stars Equity Fund - BP - EUR,54930081LEEGLNYZEC05,1989 45 00 886,Nordea 1 - European Stars Equity Fund,[tom],[tom],"2020,2021,2022,2023,2024,2025,2026",
Luxembourg (LU),LU1706106876,Nordea 1 - European Stars Equity Fund - BP - NOK,54930081LEEGLNYZEC05,1989 45 00 886,Nordea 1 - European Stars Equity Fund,[tom],[tom],"2020,2021,2022,2023,2024,2025,2026",
Luxembourg (LU),LU1706106959,Nordea 1 - European Stars Equity Fund - BP - SEK,54930081LEEGLNYZEC05,1989 45 00 886,Nordea 1 - European Stars Equity Fund,[tom],[tom],"2020,2021,2022,2023,2024,2025,2026",
Luxembourg (LU),LU1706107171,European Stars Equity Fund - AP - EUR,54930081LEEGLNYZEC05,[tom],"Nordea 1, SICAV European Stars Equity Fund",[tom],[tom],"2021,2022,2023,2024,2025,2026",2020
Luxembourg (LU),LU1706107502,European Stars Equity Fund - HB - USD,54930081LEEGLNYZEC05,[tom],"Nordea 1, SICAV European Stars Equity Fund",[tom],[tom],"2021,2022,2023,2024,2025,2026",2020
Luxembourg (LU),LU1706108062,Nordea 1 - European Stars Equity Fund - E - EUR,54930081LEEGLNYZEC05,1989 45 00 886,Nordea 1 - European Stars Equity Fund,[tom],[tom],"2020,2021,2022,2023,2024,2025,2026",
Luxembourg (LU),LU1706108146,Nordea 1 - European Stars Equity Fund - BC - EUR,54930081LEEGLNYZEC05,1989 45 00 886,Nordea 1 - European Stars Equity Fund,[tom],[tom],"2020,2021,2022,2023,2024,2025,2026",
Luxembourg (LU),LU1706108229,Nordea 1 - European Stars Equity Fund - BC - GBP,54930081LEEGLNYZEC05,1989 45 00 886,Nordea 1 - European Stars Equity Fund,[tom],[tom],"2020,2021,2022","2023,2024,2025,2026"
Luxembourg (LU),LU1706108658,Nordea 1 - European Stars Equity Fund - BI - DKK,54930081LEEGLNYZEC05,1989 45 00 886,Nordea 1 - European Stars Equity Fund,[tom],[tom],"2020,2021,2022","2023,2024,2025,2026"
Luxembourg (LU),LU1706108732,Nordea 1 - European Stars Equity Fund - BI - EUR,54930081LEEGLNYZEC05,1989 45 00 886,Nordea 1 - European Stars Equity Fund,[tom],[tom],"2020,2021,2022,2023,2024,2025,2026",
Luxembourg (LU),LU1706109037,Nordea 1 - European Stars Equity Fund - BI - NOK,54930081LEEGLNYZEC05,1989 45 00 886,Nordea 1 - European Stars Equity Fund,[tom],[tom],"2020,2021,2022","2023,2024,2025,2026"
Luxembourg (LU),LU1706109110,Nordea 1 - European Stars Equity Fund - BI - SEK,54930081LEEGLNYZEC05,1989 45 00 886,Nordea 1 - European Stars Equity Fund,[tom],[tom],"2020,2021,2022","2023,2024,2025,2026"
Luxembourg (LU),LU1706109979,European Stars Equity Fund - HBI - USD,54930081LEEGLNYZEC05,[tom],"Nordea 1, SICAV European Stars Equity Fund",[tom],[tom],"2021,2022,2023,2024,2025,2026",2020
Luxembourg (LU),LU1718418442,JPM Europe Select Equity A (dist) - GBP,[tom],[tom],JPMorgan Investment Funds - Europe Select Equity Fund,[tom],[tom],"2020,2021,2022,2023,2024,2025,2026",
Luxembourg (LU),LU1718418525,JPM Global Select Equity A (acc) - SGD,[tom],[tom],JPMorgan Investment Funds - Global Select Equity Fund,[tom],[tom],"2020,2021,2022,2023,2024,2025,2026",
Luxembourg (LU),LU1718418798,JPMIF - Global Select Equity Fund - C (acc) - SGD,[tom],1994 45 00998,JPMorgan investment funds,[tom],[tom],"2021,2022,2023,2024,2025,2026",2020
Luxembourg (LU),LU1718418871,JPM US Select Equity A (dist) - GBP,[tom],[tom],JPMorgan Investment Funds - US Select Equity Fund,[tom],[tom],"2020,2021,2022,2023,2024,2025,2026",
Luxembourg (LU),LU1718418954,JPMIF - US Select Equity Fund - I (dist) - EUR,[tom],1994 45 00998,JPMorgan investment funds,[tom],[tom],"2021,2022,2023,2024,2025,2026",2020
Luxembourg (LU),LU1718419093,JPMIF - US Select Equity Fund - I (dist) - GBP,[tom],1994 45 00998,JPMorgan investment funds,[tom],[tom],"2021,2022,2023,2024,2025,2026",2020
Luxembourg (LU),LU1718419176,JPM Europe Strategic Dividend I (div) - EUR,[tom],[tom],JPMorgan Investment Funds - Europe Strategic Dividend Fund,[tom],[tom],"2020,2021,2022","2023,2024,2025,2026"
Luxembourg (LU),LU1718492686,RCGF - Robeco Sustainable European Stars Equities Z EUR,[tom],19974500291,Robeco Capital Growth Funds,[tom],[tom],"2021,2022,2023","2020,2024,2025,2026"
Luxembourg (LU),LU1721361761,T. Rowe Price Funds SICAV Japanese Equity Fund Japanese Equity Fund A (USD),549300OHLAV8MCXB2D69,false,T. ROWE PRICE FUNDS SICAV,[tom],[tom],"2020,2021,2022,2023,2024,2025,2026",
Luxembourg (LU),LU1721361845,T. Rowe Price Funds SICAV Japanese Equity Fund Japanese Equity Fund Q1,549300OHLAV8MCXB2D69,false,T. ROWE PRICE FUNDS SICAV,[tom],[tom],"2020,2021,2022,2023,2024,2025,2026",
Luxembourg (LU),LU1721363114,T. Rowe Price Funds SICAV Japanese Equity Fund Japanese Equity Fund Q (USD) 1,549300OHLAV8MCXB2D69,false,T. ROWE PRICE FUNDS SICAV,[tom],[tom],"2020,2021,2022,2023,2024,2025,2026",
Luxembourg (LU),LU1721363205,T. Rowe Price Funds SICAV Japanese Equity Fund Japanese Equity Fund Qd (GBP) 1,549300OHLAV8MCXB2D69,false,T. ROWE PRICE FUNDS SICAV,[tom],[tom],"2020,2021,2022,2023,2024,2025,2026",
Luxembourg (LU),LU1723621253,Nordea 2 - European Enhanced Equity Fund - Y - EUR,549300ZSC5HTQ0V6KO22,2016 45 00 889,Nordea 2 - European Enhanced Equity Fund,[tom],[tom],"2020,2021,2022,2023,2024,2025,2026",
Luxembourg (LU),LU1723621337,Nordea 2 - Japanese Enhanced Equity Fund - Y - EUR,549300SGPKI5DLJ77I30,2016 45 00 889,Nordea 2 - Japanese Enhanced Equity Fund,[tom],[tom],"2020,2021,2022,2023,2024,2025,2026",
Luxembourg (LU),LU1727351345,JPM America Equity I2 (acc) - USD,[tom],[tom],JPMorgan Funds - America Equity Fund,[tom],[tom],"2020,2021,2022,2023,2024,2025,2026",
Luxembourg (LU),LU1727351691,JPMF - America Equity Fund I2 (dist) - USD,[tom],1969 45 00016,JPMorgan Funds,[tom],[tom],"2021,2022,2023,2024,2025,2026",2020
Luxembourg (LU),LU1727351857,JPM America Equity I2 (acc) - EUR (hedged),[tom],[tom],JPMorgan Funds - America Equity Fund,[tom],[tom],"2020,2021,2022,2023,2024,2025,2026",
Luxembourg (LU),LU1727352236,JPMF - Emerging Europe Equity Fund - I2 (acc) - EUR,[tom],1969 45 00016,JPMorgan Funds,[tom],[tom],"2021,2022,2023,2024","2020,2025,2026"
Luxembourg (LU),LU1727352400,JPM Emerging Markets Opportunities I2 (acc) - EUR,[tom],[tom],JPMorgan Funds - Emerging Markets Opportunities Fund,[tom],[tom],"2020,2021,2022,2023,2024,2025,2026",
Luxembourg (LU),LU1727352665,JPM Emerging Markets Opportunities I2 (acc) - USD,[tom],[tom],JPMorgan Funds - Emerging Markets Opportunities Fund,[tom],[tom],"2020,2021,2022,2023,2024,2025,2026",
Luxembourg (LU),LU1727360171,JPM US Value I2 (acc) - USD,false,false,JPMorgan Funds - US Value Fund,[tom],[tom],"2020,2021,2022","2023,2024,2025,2026"
Luxembourg (LU),LU1727360254,JPM US Value I2 (acc) - EUR (hedged),false,false,JPMorgan Funds - US Value Fund,[tom],[tom],"2020,2021,2022","2023,2024,2025,2026"
Luxembourg (LU),LU1727360338,JPMF - US Value Fund - I2 (dist) - GBP,[tom],1969 45 00016,JPMorgan Funds,[tom],[tom],2021.2022,"2020,2023,2024,2025,2026"
Luxembourg (LU),LU1727360411,JPMF - US Value Fund - I2 (dist) - USD,[tom],1969 45 00016,JPMorgan Funds,[tom],[tom],2021.2022,"2020,2023,2024,2025,2026"
Luxembourg (LU),LU1727360502,JPM Europe Select Equity I2 (acc) - EUR,[tom],[tom],JPMorgan Investment Funds - Europe Select Equity Fund,[tom],[tom],"2020,2021,2022,2023,2024,2025,2026",
Luxembourg (LU),LU1727360684,JPM Europe Select Equity I2 (dist) - EUR,[tom],[tom],JPMorgan Investment Funds - Europe Select Equity Fund,[tom],[tom],"2020,2021,2022,2023,2024,2025,2026",
Luxembourg (LU),LU1727360767,JPM Europe Select Equity I2 (acc) - USD (hedged),[tom],[tom],JPMorgan Investment Funds - Europe Select Equity Fund,[tom],[tom],"2020,2021,2022,2023,2024,2025,2026",
Luxembourg (LU),LU1727360841,JPM Europe Select Equity I2 (acc) - USD,[tom],[tom],JPMorgan Investment Funds - Europe Select Equity Fund,[tom],[tom],"2020,2021,2022,2023,2024,2025,2026",
Luxembourg (LU),LU1727361062,JPM Europe Strategic Dividend I2 (acc) - EUR,[tom],[tom],JPMorgan Investment Funds - Europe Strategic Dividend Fund,[tom],[tom],"2020,2021,2022","2023,2024,2025,2026"
Luxembourg (LU),LU1727361146,JPM Europe Strategic Dividend I2 (dist) - EUR,[tom],[tom],JPMorgan Investment Funds - Europe Strategic Dividend Fund,[tom],[tom],"2020,2021,2022","2023,2024,2025,2026"
Luxembourg (LU),LU1727362110,JPM US Select Equity I2 (acc) - USD,[tom],[tom],JPMorgan Investment Funds - US Select Equity Fund,[tom],[tom],"2020,2021,2022,2023,2024,2025,2026",
Luxembourg (LU),LU1727362201,JPMIF - US Select Equity Fund - I2 (dist) - USD,[tom],1994 45 00998,JPMorgan investment funds,[tom],[tom],"2021,2022,2023,2024,2025,2026",2020
Luxembourg (LU),LU1727362383,JPM US Select Equity I2 (acc) - EUR (hedged),[tom],[tom],JPMorgan Investment Funds - US Select Equity Fund,[tom],[tom],"2020,2021,2022,2023,2024,2025,2026",
Luxembourg (LU),LU1728555472,Multicooperation SICAV - Julius Baer Equity Next Generation SGD Bh,549300FC83P1GEFD9B93,false,Multicooperation SICAV,[tom],[tom],"2020,2021,2022,2023,2024,2025,2026",
Luxembourg (LU),LU1733225269,BGF Nutrition Fund X2 USD,549300JF9YVE3CKHH246,19624500019,BGF Nutrition Fund - Aggregate,[tom],[tom],"2020,2021,2022,2023,2024,2025,2026",
Luxembourg (LU),LU1734444273,JPM America Equity I (acc) - EUR,[tom],[tom],JPMorgan Funds - America Equity Fund,[tom],[tom],"2020,2021,2022,2023,2024,2025,2026",
Luxembourg (LU),LU1736383297,RCGF - Robeco Sustainable European Stars Equities G EUR,[tom],19974500291,Robeco Capital Growth Funds,[tom],[tom],"2021,2022,2023","2020,2024,2025,2026"
Luxembourg (LU),LU1736383453,RCGF - Robeco Emerging Stars Equities G EUR,[tom],19974500291,Robeco Capital Growth Funds,[tom],[tom],"2021,2022,2023,2024,2025,2026",2020
Luxembourg (LU),LU1737525631,T. Rowe Price Funds SICAV Asia Ex Japan Equity Fund Asian Ex-Japan Equity Fund Q1,[tom],[tom],T. ROWE PRICE FUNDS SICAV,[tom],[tom],"2020,2021,2022,2023,2024,2025,2026",
Luxembourg (LU),LU1737525714,Global Technology Equity Fund,549300OHLAV8MCXB2D69,[tom],T. ROWE PRICE FUNDS SICAV,[tom],[tom],"2021,2022,2023,2024,2025,2026",2020
Luxembourg (LU),LU1737525805,Global Technology Equity Fund,549300OHLAV8MCXB2D69,[tom],T. ROWE PRICE FUNDS SICAV,[tom],[tom],"2021,2022,2023,2024,2025,2026",2020
Luxembourg (LU),LU1737525987,Global Technology Equity Fund,549300OHLAV8MCXB2D69,[tom],T. ROWE PRICE FUNDS SICAV,[tom],[tom],"2021,2022,2023,2024,2025,2026",2020
Luxembourg (LU),LU1737526019,Global Technology Equity Fund,549300OHLAV8MCXB2D69,[tom],T. ROWE PRICE FUNDS SICAV,[tom],[tom],"2021,2022,2023,2024,2025,2026",2020
Luxembourg (LU),LU1739545223,JPM Europe Small Cap A (acc) - SEK,[tom],[tom],JPMorgan Funds - Europe Small Cap Fund,[tom],[tom],"2020,2021,2022,2023,2024,2025,2026",
Luxembourg (LU),LU1740285595,TJGF - Jupiter European Growth Class L HKD Acc HSC,[tom],20054500751,The Jupiter Global Fund,[tom],[tom],2021.2022,"2020,2023,2024,2025,2026"
Luxembourg (LU),LU1747711031,DWS Invest ESG Equity Income,222100L1LYCTTK0DG453,86435,DWS Invest,[tom],[tom],"2021,2022,2023,2024,2025,2026",2020
Luxembourg (LU),LU1747711114,DWS Invest ESG Equity Income,222100L1LYCTTK0DG453,86435,DWS Invest,[tom],[tom],"2021,2022,2023,2024,2025,2026",2020
Luxembourg (LU),LU1756323520,T. Rowe Price Funds SICAV Japanese Equity Fund Japanese Equity Fund A (JPY),549300OHLAV8MCXB2D69,false,T. ROWE PRICE FUNDS SICAV,[tom],[tom],"2020,2021,2022,2023,2024,2025,2026",
Luxembourg (LU),LU1757833261,RCGF - Robeco FinTech F GBP,[tom],19974500291,Robeco Capital Growth Funds,[tom],[tom],"2021,2022,2023","2020,2024,2025,2026"
Luxembourg (LU),LU1760116027,JPM Emerging Markets Small Cap I (perf) (dist) - USD,[tom],[tom],JPMorgan Funds - Emerging Markets Small Cap Fund,[tom],[tom],"2020,2021,2022,2023,2024,2025,2026",
Luxembourg (LU),LU1760116886,JPM Global Select Equity A (acc) - CZK,[tom],[tom],JPMorgan Investment Funds - Global Select Equity Fund,[tom],[tom],"2020,2021,2022,2023,2024,2025,2026",
Luxembourg (LU),LU1760116969,JPM Europe Select Equity A (acc) - CZK,[tom],[tom],JPMorgan Investment Funds - Europe Select Equity Fund,[tom],[tom],"2020,2021,2022,2023,2024,2025,2026",
Luxembourg (LU),LU1769088581,Lyxor MSCI EM ESG Trend Leaders UCITS ETF - Acc,5493007ZZ1WTXRWHKT84,2006.45.00253,Multi Units Luxembourg,[tom],[tom],"2021,2022,2023","2020,2024,2025,2026"
Luxembourg (LU),LU1769938553,DWS Invest CROCI Europe SDG,5493007L83GEMR3LYQ46,86435,DWS Invest,[tom],[tom],"2021,2022,2023,2024","2020,2025,2026"
Luxembourg (LU),LU1769938637,DWS Invest CROCI Europe SDG,5493007L83GEMR3LYQ46,86435,DWS Invest,[tom],[tom],"2021,2022,2023,2024","2020,2025,2026"
Luxembourg (LU),LU1769938710,DWS Invest CROCI Europe SDG,5493007L83GEMR3LYQ46,86435,DWS Invest,[tom],[tom],"2021,2022,2023,2024","2020,2025,2026"
Luxembourg (LU),LU1769940708,DWS Invest CROCI World IC,549300EKCGWXZNQZVH81,[tom],DWS Invest CROCI World,[tom],[tom],"2020,2021,2022,2023,2024,2025,2026",
Luxembourg (LU),LU1769940880,DWS Invest CROCI World ID,549300EKCGWXZNQZVH81,[tom],DWS Invest CROCI World,[tom],[tom],"2020,2021,2022,2023,2024,2025,2026",
Luxembourg (LU),LU1769941003,DWS Invest CROCI World LC,549300EKCGWXZNQZVH81,[tom],DWS Invest CROCI World,[tom],[tom],"2020,2021,2022,2023,2024,2025,2026",
Luxembourg (LU),LU1769941185,DWS Invest CROCI World USD IC,549300EKCGWXZNQZVH81,[tom],DWS Invest CROCI World,[tom],[tom],"2020,2021,2022,2023,2024,2025,2026",
Luxembourg (LU),LU1769941268,DWS Invest CROCI World USD LC,549300EKCGWXZNQZVH81,[tom],DWS Invest CROCI World,[tom],[tom],"2020,2021,2022,2023,2024,2025,2026",
Luxembourg (LU),LU1769941342,DWS Invest CROCI World SDG,549300HK8H1N9TM67U20,86435,DWS Invest,[tom],[tom],"2021,2022,2023,2024","2020,2025,2026"
Luxembourg (LU),LU1769941425,DWS Invest CROCI World SDG,549300HK8H1N9TM67U20,86435,DWS Invest,[tom],[tom],"2021,2022,2023,2024","2020,2025,2026"
Luxembourg (LU),LU1769941698,DWS Invest CROCI World SDG,549300HK8H1N9TM67U20,86435,DWS Invest,[tom],[tom],"2021,2022,2023,2024","2020,2025,2026"
Luxembourg (LU),LU1769941771,DWS Invest CROCI World SDG,549300HK8H1N9TM67U20,86435,DWS Invest,[tom],[tom],"2021,2022,2023,2024","2020,2025,2026"
Luxembourg (LU),LU1770939988,JPM Emerging Markets Equity I2 (acc) - USD,[tom],[tom],JPMorgan Funds - Emerging Markets Equity Fund,[tom],[tom],"2020,2021,2022,2023,2024,2025,2026",
Luxembourg (LU),LU1770940051,JPM Europe Strategic Growth I2 (acc) - EUR,[tom],[tom],JPMorgan Funds - Europe Strategic Growth Fund,[tom],[tom],"2020,2021,2022","2023,2024,2025,2026"
Luxembourg (LU),LU1777971893,T. Rowe Price Funds SICAV US Large Cap Growth Equity Fund US Large Cap Growth Equity Fund A (EUR),549300OHLAV8MCXB2D69,false,T. ROWE PRICE FUNDS SICAV,[tom],[tom],"2020,2021,2022,2023,2024,2025,2026",
Luxembourg (LU),LU1781540957,MULTI UNITS LUXEMBOURG - Lyxor Core Morningstar US (DR) UCITS ETF,549300RZJ2H1A5HDGV55,2006.45.00253,MULTI UNITS LUXEMBOURG - Lyxor Core Morningstar US (DR) UCITS ETF,[tom],[tom],"2020,2021,2022,2023,2024,2025,2026",
Luxembourg (LU),LU1781541096,MULTI UNITS LUXEMBOURG - Lyxor Core Morningstar UK NT (DR) UCITS ETF,549300BE5B4RCRVVUC15,2006.45.00253,MULTI UNITS LUXEMBOURG - Lyxor Core Morningstar UK NT (DR) UCITS ETF,[tom],[tom],"2020,2021,2022,2023,2024,2025,2026",
Luxembourg (LU),LU1781541179,MULTI UNITS LUXEMBOURG - Lyxor Core MSCI World (DR) UCITS ETF,549300QB128BFB840071,2006.45.00253,MULTI UNITS LUXEMBOURG - Lyxor Core MSCI World (DR) UCITS ETF,[tom],[tom],"2020,2021,2022,2023,2024,2025,2026",
Luxembourg (LU),LU1781541252,MULTI UNITS LUXEMBOURG - Lyxor Core MSCI Japan (DR) UCITS ETF - Acc,549300BWD7VLI7YELG10,2006.45.00253,MULTI UNITS LUXEMBOURG - Lyxor Core MSCI Japan (DR) UCITS ETF,[tom],[tom],"2020,2021,2022,2023,2024,2025,2026",
Luxembourg (LU),LU1781541682,MULTI UNITS LUXEMBOURG - Lyxor Core MSCI Japan (DR) UCITS ETF -  Daily Hedged to GBP - Acc,549300BWD7VLI7YELG10,2006.45.00253,MULTI UNITS LUXEMBOURG - Lyxor Core MSCI Japan (DR) UCITS ETF,[tom],[tom],"2020,2021,2022","2023,2024,2025,2026"
Luxembourg (LU),LU1781541849,Lyxor MSCI EM Asia UCITS ETF - Acc,549300LHBNS3XGO5KE93,2006.45.00253,Multi Units Luxembourg,[tom],[tom],"2021,2022,2023,2024,2025,2026",2020
Luxembourg (LU),LU1785826154,Global Technology Equity Fund,549300OHLAV8MCXB2D69,[tom],T. ROWE PRICE FUNDS SICAV,[tom],[tom],"2021,2022,2023,2024,2025,2026",2020
Luxembourg (LU),LU1791806182,BGF Euro-Markets Fund - Aggregate (Class A2 Hedged),549300GXUXRC34JGKL97,19624500019,BGF Euro-Markets Fund - Aggregate,[tom],[tom],"2020,2021,2022,2023,2024,2025,2026",
Luxembourg (LU),LU1792117340,MULTI UNITS LUXEMBOURG - Lyxor MSCI EMU ESG Trend Leaders (DR) UCITS ETF,5493007WGJQ8SYFR5249,2006.45.00253,MULTI UNITS LUXEMBOURG - Lyxor MSCI EMU ESG Trend Leaders (DR) UCITS ETF,[tom],[tom],"2020,2021,2022,2023,2024",2025.2026
Luxembourg (LU),LU1792117696,MULTI UNITS LUXEMBOURG - Lyxor MSCI USA ESG Trend Leaders (DR) UCITS ETF,549300ZNVJ9T5G0KW774,2006.45.00253,MULTI UNITS LUXEMBOURG - Lyxor MSCI USA ESG Trend Leaders (DR) UCITS ETF,[tom],[tom],"2020,2021,2022,2023,2024",2025.2026
Luxembourg (LU),LU1792117779,MULTI UNITS LUXEMBOURG - Lyxor MSCI World ESG Trend Leaders (DR) UCITS ETF,5493000SXC4CP0ET2K74,2006.45.00253,MULTI UNITS LUXEMBOURG - Lyxor MSCI World ESG Trend Leaders (DR) UCITS ETF,[tom],[tom],"2020,2021,2022,2023,2024",2025.2026
Luxembourg (LU),LU1801825867,JPM Asia Growth C (acc) - EUR,[tom],[tom],JPMorgan Funds - Asia Growth Fund,[tom],[tom],"2020,2021,2022,2023,2024,2025,2026",
Luxembourg (LU),LU1801825941,JPM Asia Growth D (acc) - EUR,[tom],[tom],JPMorgan Funds - Asia Growth Fund,[tom],[tom],"2020,2021,2022,2023,2024,2025,2026",
Luxembourg (LU),LU1807408643,T. Rowe Price Funds SICAV Japanese Equity Fund Japanese Equity Fund Qd (GBP),549300OHLAV8MCXB2D69,false,T. ROWE PRICE FUNDS SICAV,[tom],[tom],"2020,2021,2022,2023,2024,2025,2026",
Luxembourg (LU),LU1808454885,UBAM - Best Selection Asia Equity IC USD,549300SEOPO7IOHZQE38,[tom],UBAM - Best Selection Asia Equity,[tom],[tom],2020.2021,"2022,2023,2024,2025,2026"
Luxembourg (LU),LU1808465147,UBAM - Tech Global Leaders Equity IC USD,[tom],[tom],UBAM - Tech Global Leaders Equity,[tom],[tom],2020.2021,"2022,2023,2024,2025,2026"
Luxembourg (LU),LU1808916412,T. Rowe Price Funds SICAV Japanese Equity Fund Japanese Equity Fund Ih (EUR),549300OHLAV8MCXB2D69,false,T. ROWE PRICE FUNDS SICAV,[tom],[tom],"2020,2021,2022,2023,2024,2025,2026",
Luxembourg (LU),LU1812091194,Lyxor STOXX Europe 600 Real Estate UCITS ETF - Dist,5493003XTP23VKUKKJ44,2006.45.00741,Lyxor Index Fund,[tom],[tom],"2021,2022,2024,2025,2026",2020.2023
Luxembourg (LU),LU1814670375,JPM Asia Growth I2 (acc) - USD,[tom],[tom],JPMorgan Funds - Asia Growth Fund,[tom],[tom],"2020,2021,2022,2023,2024,2025,2026",
Luxembourg (LU),LU1814670615,JPM Emerging Markets Equity I2 (acc) - EUR,[tom],[tom],JPMorgan Funds - Emerging Markets Equity Fund,[tom],[tom],"2020,2021,2022,2023,2024,2025,2026",
Luxembourg (LU),LU1814670706,JPM Emerging Markets Equity I2 (dist) - USD,[tom],[tom],JPMorgan Funds - Emerging Markets Equity Fund,[tom],[tom],"2020,2021,2022,2023,2024,2025,2026",
Luxembourg (LU),LU1814671852,JPM Europe Small Cap I2 (acc) - EUR,[tom],[tom],JPMorgan Funds - Europe Small Cap Fund,[tom],[tom],"2020,2021,2022,2023,2024,2025,2026",
Luxembourg (LU),LU1814671936,JPM Europe Small Cap I2 (dist) - EUR,[tom],[tom],JPMorgan Funds - Europe Small Cap Fund,[tom],[tom],"2020,2021,2022,2023,2024,2025,2026",
Luxembourg (LU),LU1814672074,JPM Europe Strategic Value I2 (acc) - EUR,[tom],[tom],JPMorgan Funds - Europe Strategic Value Fund,[tom],[tom],"2020,2021,2022","2023,2024,2025,2026"
Luxembourg (LU),LU1814672744,JPM Global Select Equity I2 (acc) - USD,[tom],[tom],JPMorgan Investment Funds - Global Select Equity Fund,[tom],[tom],"2020,2021,2022,2023,2024,2025,2026",
Luxembourg (LU),LU1820763925,Wellington Emerging Markets Research Equity Fund JPY J Accumulating Unhedged,[tom],[tom],Wellington Emerging Markets Research Equity Fund (Wellington Management Funds),[tom],[tom],"2020,2021,2022,2023,2024,2025",2026
Luxembourg (LU),LU1821197768,RCGF - Robeco New World Financials IE EUR,[tom],19974500291,Robeco Capital Growth Funds,[tom],[tom],"2021,2022,2023","2020,2024,2025,2026"
Luxembourg (LU),LU1823088627,T. Rowe Price Funds SICAV Japanese Equity Fund Japanese Equity Fund I (JPY),549300OHLAV8MCXB2D69,false,T. ROWE PRICE FUNDS SICAV,[tom],[tom],"2020,2021,2022,2023,2024,2025,2026",
Luxembourg (LU),LU1823208977,Nordea 2 - European Enhanced Equity Fund - BC - EUR,549300ZSC5HTQ0V6KO22,2016 45 00 889,Nordea 2 - European Enhanced Equity Fund,[tom],[tom],"2020,2021,2022,2023,2024,2025",2026
Luxembourg (LU),LU1823209272,Nordea 2 - Global Enhanced Small Cap Fund - BC - EUR,549300GVTL00XKK6XZ21,2016 45 00 889,Nordea 2 - Global Enhanced Small Cap Fund,[tom],[tom],"2020,2021,2022,2023,2024,2025",2026
Luxembourg (LU),LU1823209355,Nordea 2 - Emerging Markets Enhanced Equity Fund - BC - EUR,549300UUUBHFIQXKYM48,2016 45 00 889,Nordea 2 - Emerging Markets Enhanced Equity Fund,[tom],[tom],"2020,2021,2022,2023,2024,2025",2026
Luxembourg (LU),LU1824427717,L&G Future World Global Equity Focus Fond I USD Acc,213800FIVGGU3C9KSN67,2013 45 01783,Legal & General SICAV ,[tom],[tom],2021,"2020,2022,2023,2024,2025,2026"
Luxembourg (LU),LU1824427808,L&G Future World Global Equity Focus Fond I USD Inc,213800FIVGGU3C9KSN67,2013 45 01783,Legal & General SICAV ,[tom],[tom],2021,"2020,2022,2023,2024,2025,2026"
Luxembourg (LU),LU1824427980,L&G Future World Global Equity Focus Fond P USD Acc,213800FIVGGU3C9KSN67,2013 45 01783,Legal & General SICAV ,[tom],[tom],2021,"2020,2022,2023,2024,2025,2026"
Luxembourg (LU),LU1824428012,L&G Future World Global Equity Focus Fond P USD Inc,213800FIVGGU3C9KSN67,2013 45 01783,Legal & General SICAV ,[tom],[tom],2021,"2020,2022,2023,2024,2025,2026"
Luxembourg (LU),LU1824428103,L&G Future World Global Equity Focus Fond R USD Acc,213800FIVGGU3C9KSN67,2013 45 01783,Legal & General SICAV ,[tom],[tom],2021,"2020,2022,2023,2024,2025,2026"
Luxembourg (LU),LU1824428285,L&G Future World Global Equity Focus Fond R USD Inc,213800FIVGGU3C9KSN67,2013 45 01783,Legal & General SICAV ,[tom],[tom],2021,"2020,2022,2023,2024,2025,2026"
Luxembourg (LU),LU1824428368,L&G Future World Global Equity Focus Fond X Acc,213800FIVGGU3C9KSN67,2013 45 01783,Legal & General SICAV ,[tom],[tom],2021,"2020,2022,2023,2024,2025,2026"
Luxembourg (LU),LU1824428525,L&G Future World Global Equity Focus Fond X Dis,213800FIVGGU3C9KSN67,2013 45 01783,Legal & General SICAV ,[tom],[tom],2021,"2020,2022,2023,2024,2025,2026"
Luxembourg (LU),LU1824428798,L&G Future World Global Equity Focus Fond Z USD Acc,213800FIVGGU3C9KSN67,2013 45 01783,Legal & General SICAV ,[tom],[tom],2021,"2020,2022,2023,2024,2025,2026"
Luxembourg (LU),LU1824428871,L&G Future World Global Equity Focus Fond Z USD Inc,213800FIVGGU3C9KSN67,2013 45 01783,Legal & General SICAV ,[tom],[tom],2021,"2020,2022,2023,2024,2025,2026"
Luxembourg (LU),LU1826489814,T. Rowe Price Funds SICAV Japanese Equity Fund Japanese Equity Fund Qd11,549300OHLAV8MCXB2D69,false,T. ROWE PRICE FUNDS SICAV,[tom],[tom],"2020,2021,2022,2023,2024,2025,2026",
Luxembourg (LU),LU1829219390,Lyxor EURO STOXX Banks (DR) UCITS ETF - Acc,549300DB2EV341R0HQ23,2006.45.00253,Multi Units Luxembourg,[tom],[tom],"2021,2022,2023,2024,2025,2026",2020
Luxembourg (LU),LU1829220216,Lyxor MSCI All Country World UCITS ETF - Acc (EUR),549300IFD6SZ8PJNPU62,2006.45.00253,Multi Units Luxembourg,[tom],[tom],"2021,2022,2023,2024,2025,2026",2020
Luxembourg (LU),LU1829221024,Lyxor Nasdaq-100 UCITS ETF - Acc,549300WKBSXK32O2GT62,2006.45.00253,Multi Units Luxembourg,[tom],[tom],"2021,2022,2023,2024,2025,2026",2020
Luxembourg (LU),LU1830905268,T. Rowe Price Funds SICAV Global Focused Growth Equity Fund Global Focused Growth Equity Fund Qn (EUR),549300OHLAV8MCXB2D69,false,T. Rowe Price Funds SICAV,[tom],[tom],"2020,2021,2022,2023,2024,2025,2026",
Luxembourg (LU),LU1834329150,BGF European Equity Income Fund - Aggregate (Class X5G),549300EO4UBXXE7L7Y87,19624500019,BGF European Equity Income Fund - Aggregate,[tom],[tom],"2020,2021,2022,2023,2024,2025,2026",
Luxembourg (LU),LU1834769124,RCGF - Robeco Global Consumer Trends DH EUR,[tom],19974500291,Robeco Capital Growth Funds,[tom],[tom],"2021,2022,2023,2024,2025,2026",2020
Luxembourg (LU),LU1834983477,Lyxor STOXX Europe 600 Banks UCITS ETF - Acc,549300J1C0QZZCWL1X44,2006.45.00741,Lyxor Index Fund,[tom],[tom],"2021,2022,2023,2024,2025,2026",2020
Luxembourg (LU),LU1834983550,Lyxor STOXX Europe 600 Basic Resources UCITS ETF - Acc,5493006WGXE0T4SLA754,2006.45.00741,Lyxor Index Fund,[tom],[tom],"2021,2022,2023,2024,2025,2026",2020
Luxembourg (LU),LU1834985845,Lyxor STOXX Europe 600 Food & Beverage UCITS ETF - Acc,549300I1BYU7OUGMO555,2006.45.00741,Lyxor Index Fund,[tom],[tom],"2021,2022,2023,2024,2025,2026",2020
Luxembourg (LU),LU1834986900,Lyxor STOXX Europe 600 Healthcare UCITS ETF - Acc,549300PIEKDU0YN6UJ34,2006.45.00741,Lyxor Index Fund,[tom],[tom],"2021,2022,2023,2024,2025,2026",2020
Luxembourg (LU),LU1834988278,Lyxor STOXX Europe 600 Oil & Gas UCITS ETF - Acc,549300P37KBDZNR2WR39,2006.45.00741,Lyxor Index Fund,[tom],[tom],"2021,2022,2023,2024,2025,2026",2020
Luxembourg (LU),LU1834988518,Lyxor STOXX Europe 600 Technology UCITS ETF - Acc,549300WCDHQ4HXZR7564,2006.45.00741,Lyxor Index Fund,[tom],[tom],"2021,2022,2023,2024,2025,2026",2020
Luxembourg (LU),LU1834988609,Lyxor STOXX Europe 600 Telecommunications UCITS ETF - Acc,549300FE8VU4GJRGNV51,2006.45.00741,Lyxor Index Fund,[tom],[tom],"2021,2022,2023,2024,2025,2026",2020
Luxembourg (LU),LU1834988864,Lyxor STOXX Europe 600 Utilities UCITS ETF - Acc,549300YXU47QGD6SP424,2006.45.00741,Lyxor Index Fund,[tom],[tom],"2021,2022,2023,2024,2025,2026",2020
Luxembourg (LU),LU1838002480,Lyxor Robotics & AI UCITS ETF - Acc,549300UVHJRXKGVW4S52,2006.45.00741,Lyxor Index Fund,[tom],[tom],"2021,2022,2023","2020,2024,2025,2026"
Luxembourg (LU),LU1839388276,JPMF - Emerging Europe Equity Fund - A (acc) - SGD,[tom],1969 45 00016,JPMorgan Funds,[tom],[tom],"2021,2022,2023,2024","2020,2025,2026"
Luxembourg (LU),LU1839388516,JPMF - Emerging Europe Equity Fund - C (acc) - SGD,[tom],1969 45 00016,JPMorgan Funds,[tom],[tom],"2021,2022,2023,2024","2020,2025,2026"
Luxembourg (LU),LU1839388789,JPM Emerging Europe Equity C (dist) - USD,[tom],[tom],JPMorgan Funds - Emerging Europe Equity Fund,[tom],[tom],"2020,2021,2022,2023,2024",2025.2026
Luxembourg (LU),LU1839389084,JPM Emerging Europe Equity D (acc) - USD,[tom],[tom],JPMorgan Funds - Emerging Europe Equity Fund,[tom],[tom],"2020,2021,2022,2023,2024",2025.2026
Luxembourg (LU),LU1839389167,JPM Emerging Europe Equity I (acc) - USD,[tom],[tom],JPMorgan Funds - Emerging Europe Equity Fund,[tom],[tom],"2020,2021,2022,2023,2024",2025.2026
Luxembourg (LU),LU1839389241,JPMF - Emerging Europe Equity Fund - I (dist) - EUR,[tom],1969 45 00016,JPMorgan Funds,[tom],[tom],"2021,2022,2023,2024","2020,2025,2026"
Luxembourg (LU),LU1839389324,JPM Emerging Europe Equity X (acc) - USD,[tom],[tom],JPMorgan Funds - Emerging Europe Equity Fund,[tom],[tom],"2020,2021,2022,2023,2024",2025.2026
Luxembourg (LU),LU1840769696,RCGF - Robeco Global Consumer Trends FH EUR,[tom],19974500291,Robeco Capital Growth Funds,[tom],[tom],"2021,2022,2023,2024,2025,2026",2020
Luxembourg (LU),LU1840769779,RCGF - Robeco New World Financials FH EUR,[tom],19974500291,Robeco Capital Growth Funds,[tom],[tom],"2021,2022,2023","2020,2024,2025,2026"
Luxembourg (LU),LU1840769852,RCGF - Robeco Emerging Stars Equities IE EUR,[tom],19974500291,Robeco Capital Growth Funds,[tom],[tom],"2021,2022,2023,2024,2025,2026",2020
Luxembourg (LU),LU1840770942,RCGF - Robeco QI Global Conservative Equities M2 EUR,[tom],19974500291,Robeco Capital Growth Funds,[tom],[tom],"2021,2022,2023,2024,2025,2026",2020
Luxembourg (LU),LU1841731745,Lyxor MSCI China UCITS ETF - Acc,549300VQ10ONFA4YOR73,2006.45.00253,Multi Units Luxembourg,[tom],[tom],"2021,2022,2023,2024,2025,2026",2020
Luxembourg (LU),LU1846722863,Jupiter Global Value Class I USD Acc,[tom],20054500751,The Jupiter Global Fund,[tom],[tom],2021.2022,"2020,2023,2024,2025,2026"
Luxembourg (LU),LU1856138950,TJGF - Jupiter European Growth Class A USD Acc HSC,[tom],20054500751,The Jupiter Global Fund,[tom],[tom],2021.2022,"2020,2023,2024,2025,2026"
Luxembourg (LU),LU1856139255,TJGF - Jupiter European Growth Class N USD Acc HSC,[tom],20054500751,The Jupiter Global Fund,[tom],[tom],2021.2022,"2020,2023,2024,2025,2026"
Luxembourg (LU),LU1856139339,TJGF - Jupiter European Growth Class C USD Acc HSC,[tom],20054500751,The Jupiter Global Fund,[tom],[tom],2021.2022,"2020,2023,2024,2025,2026"
Luxembourg (LU),LU1857097528,RCGF - Robeco Emerging Stars Equities KE GBP,[tom],19974500291,Robeco Capital Growth Funds,[tom],[tom],"2021,2022,2023,2024,2025,2026",2020
Luxembourg (LU),LU1857097874,RCGF - Robeco New World Financials M2 EUR,[tom],19974500291,Robeco Capital Growth Funds,[tom],[tom],"2021,2022,2023","2020,2024,2025,2026"
Luxembourg (LU),LU1857098096,RCGF - Robeco FinTech M2 EUR,[tom],19974500291,Robeco Capital Growth Funds,[tom],[tom],"2021,2022,2023","2020,2024,2025,2026"
Luxembourg (LU),LU1857098179,RCGF - Robeco FinTech M2 USD,[tom],19974500291,Robeco Capital Growth Funds,[tom],[tom],"2021,2022,2023","2020,2024,2025,2026"
Luxembourg (LU),LU1857098252,RCGF - Robeco FinTech FH CHF,[tom],19974500291,Robeco Capital Growth Funds,[tom],[tom],"2021,2022,2023","2020,2024,2025,2026"
Luxembourg (LU),LU1857118621,JPM Asia Pacific Equity I2 (acc) - EUR,[tom],[tom],JPMorgan Funds - Asia Pacific Equity Fund,[tom],[tom],"2020,2021,2022","2023,2024,2025,2026"
Luxembourg (LU),LU1860996138,T. Rowe Price Funds SICAV Global Focused Growth Equity Fund Global Focused Growth Equity Fund An (EUR),549300OHLAV8MCXB2D69,false,T. Rowe Price Funds SICAV,[tom],[tom],"2020,2021,2022,2023,2024,2025,2026",
Luxembourg (LU),LU1861136247,AMUNDI INDEX MSCI USA SRI,549300W0L1QTBIEXUI22,[tom],Amundi Index Solution,[tom],[tom],"2021,2022,2023,2024","2020,2025,2026"
Luxembourg (LU),LU1861137484,AMUNDI INDEX MSCI EUROPE SRI,549300T9XW2XYJW1RS43,[tom],Amundi Index Solution,[tom],[tom],"2021,2022,2023,2024,2025,2026",2020
Luxembourg (LU),LU1861138961,AMUNDI INDEX MSCI EMERGING MARKETS SRI,549300GISPIIUMKTYR80,[tom],Amundi Index Solution,[tom],[tom],"2021,2022,2023,2024,2025,2026",2020
Luxembourg (LU),LU1861277140,T. Rowe Price Funds SICAV Global Focused Growth Equity Fund Global Focused Growth Equity Fund I (JPY),549300OHLAV8MCXB2D69,false,T. Rowe Price Funds SICAV,[tom],[tom],"2020,2021,2022,2023,2024,2025,2026",
Luxembourg (LU),LU1861462635,UBAM - Positive Impact Equity IC EUR,549300688Q1ZMXHG0Q36,[tom],UBAM - Positive Impact Equity,[tom],[tom],2020.2021,"2022,2023,2024,2025,2026"
Luxembourg (LU),LU1862506562,JPM US Value I2 (acc) - EUR,false,false,JPMorgan Funds - US Value Fund,[tom],[tom],"2020,2021,2022","2023,2024,2025,2026"
Luxembourg (LU),LU1863261647,DWS Invest ESG Climate Tech,549300E3NA7HC2KH3T16,86435,DWS Invest,[tom],[tom],"2021,2022,2023,2024,2025,2026",2020
Luxembourg (LU),LU1863261720,DWS Invest ESG Climate Tech,549300E3NA7HC2KH3T16,86435,DWS Invest,[tom],[tom],"2021,2022,2023,2024,2025,2026",2020
Luxembourg (LU),LU1863261993,DWS Invest ESG Climate Tech,549300E3NA7HC2KH3T16,86435,DWS Invest,[tom],[tom],"2021,2022,2023,2024,2025,2026",2020
Luxembourg (LU),LU1863262025,DWS Invest ESG European Small/Mid Cap,549300I4MADW6ZHX8U51,86435,DWS Invest,[tom],[tom],"2021,2022,2023,2024,2025,2026",2020
Luxembourg (LU),LU1863262298,DWS Invest ESG European Small/Mid Cap,549300I4MADW6ZHX8U51,86435,DWS Invest,[tom],[tom],"2021,2022,2023,2024,2025,2026",2020
Luxembourg (LU),LU1863262371,DWS Invest ESG European Small/Mid Cap,549300I4MADW6ZHX8U51,86435,DWS Invest,[tom],[tom],"2021,2022,2023,2024,2025,2026",2020
Luxembourg (LU),LU1863262454,DWS Invest ESG European Small/Mid Cap,549300I4MADW6ZHX8U51,86435,DWS Invest,[tom],[tom],"2021,2022,2023,2024,2025,2026",2020
Luxembourg (LU),LU1863264070,DWS Invest ESG Climate Tech,549300E3NA7HC2KH3T16,86435,DWS Invest,[tom],[tom],"2021,2022,2023,2024,2025,2026",2020
Luxembourg (LU),LU1863264153,DWS Invest ESG Climate Tech,549300E3NA7HC2KH3T16,86435,DWS Invest,[tom],[tom],"2021,2022,2023,2024,2025,2026",2020
Luxembourg (LU),LU1863551484,JPM US Select Equity I2 (acc) - EUR,[tom],[tom],JPMorgan Investment Funds - US Select Equity Fund,[tom],[tom],"2020,2021,2022,2023,2024,2025,2026",
Luxembourg (LU),LU1865218462,Jupiter Japan Select Class I JPY Acc,[tom],20054500751,The Jupiter Global Fund,[tom],[tom],2021.2022,"2020,2023,2024,2025,2026"
Luxembourg (LU),LU1870219364,Multicooperation SICAV - Julius Baer Equity Next Generation GBP Ka,549300FC83P1GEFD9B93,false,Multicooperation SICAV,[tom],[tom],"2020,2021,2022,2023,2024,2025,2026",
Luxembourg (LU),LU1870439640,L&G Future World Global Equity Focus Fond C USD Acc,213800FIVGGU3C9KSN67,2013 45 01783,Legal & General SICAV ,[tom],[tom],2021,"2020,2022,2023,2024,2025,2026"
Luxembourg (LU),LU1870439723,L&G Future World Global Equity Focus Fond C USD Dis,213800FIVGGU3C9KSN67,2013 45 01783,Legal & General SICAV ,[tom],[tom],2021,"2020,2022,2023,2024,2025,2026"
Luxembourg (LU),LU1873111105,T. Rowe Price Funds SICAV Japanese Equity Fund Japanese Equity Fund Ah (USD),549300OHLAV8MCXB2D69,false,T. ROWE PRICE FUNDS SICAV,[tom],[tom],"2020,2021,2022,2023,2024,2025,2026",
Luxembourg (LU),LU1873137084,Wellington US Research Equity Fund GBP T Accumulating Unhedged,[tom],[tom],Wellington US Research Equity Fund (Wellington Management Funds),[tom],[tom],"2020,2021,2022,2023,2024,2025,2026",
Luxembourg (LU),LU1877949435,Wellington Emerging Markets Research Equity Fund CAD S Distributing Unhedged,[tom],[tom],Wellington Emerging Markets Research Equity Fund (Wellington Management Funds),[tom],[tom],"2020,2021,2022,2023","2024,2025,2026"
Luxembourg (LU),LU1885667409,DWS Invest ESG Climate Tech,549300E3NA7HC2KH3T16,86435,DWS Invest,[tom],[tom],"2021,2022,2023,2024,2025,2026",2020
Luxembourg (LU),LU1885667581,DWS Invest ESG Climate Tech,549300E3NA7HC2KH3T16,86435,DWS Invest,[tom],[tom],"2021,2022,2023,2024,2025,2026",2020
Luxembourg (LU),LU1891310895,DWS Invest SDG Global Equities FC,549300PGPY6VQ5ZNEU06,[tom],DWS Invest SDG Global Equities,[tom],[tom],"2020,2021,2022,2023,2024,2025,2026",
Luxembourg (LU),LU1891310978,DWS Invest SDG Global Equities FD,549300PGPY6VQ5ZNEU06,[tom],DWS Invest SDG Global Equities,[tom],[tom],"2020,2021,2022,2023,2024,2025,2026",
Luxembourg (LU),LU1891311190,DWS Invest SDG Global Equities IC,549300PGPY6VQ5ZNEU06,[tom],DWS Invest SDG Global Equities,[tom],[tom],"2020,2021,2022,2023,2024,2025,2026",
Luxembourg (LU),LU1891311273,DWS Invest SDG Global Equities ID,549300PGPY6VQ5ZNEU06,[tom],DWS Invest SDG Global Equities,[tom],[tom],"2020,2021,2022,2023,2024,2025,2026",
Luxembourg (LU),LU1891311356,DWS Invest SDG Global Equities LC,549300PGPY6VQ5ZNEU06,[tom],DWS Invest SDG Global Equities,[tom],[tom],"2020,2021,2022,2023,2024,2025,2026",
Luxembourg (LU),LU1891311430,DWS Invest SDG Global Equities LD,549300PGPY6VQ5ZNEU06,[tom],DWS Invest SDG Global Equities,[tom],[tom],"2020,2021,2022,2023,2024,2025,2026",
Luxembourg (LU),LU1891311513,DWS Invest SDG Global Equities XC,549300PGPY6VQ5ZNEU06,[tom],DWS Invest SDG Global Equities,[tom],[tom],"2020,2021,2022,2023,2024,2025,2026",
Luxembourg (LU),LU1891311604,DWS Invest SDG Global Equities XD,549300PGPY6VQ5ZNEU06,[tom],DWS Invest SDG Global Equities,[tom],[tom],"2020,2021,2022,2023,2024,2025,2026",
Luxembourg (LU),LU1892523157,T. Rowe Price Funds SICAV Global Growth Equity Fund Global Growth Equity Fund Q,549300OHLAV8MCXB2D69,false,T. ROWE PRICE FUNDS SICAV,[tom],[tom],"2020,2021,2022,2023,2024,2025,2026",
Luxembourg (LU),LU1892523231,T. Rowe Price Funds SICAV Global Focused Growth Equity Fund Global Focused Growth Equity Fund Q,549300OHLAV8MCXB2D69,false,T. Rowe Price Funds SICAV,[tom],[tom],"2020,2021,2022,2023,2024,2025,2026",
Luxembourg (LU),LU1892703486,JPM Global Sustainable Equity A (acc) - EUR,[tom],[tom],JPMorgan Funds - Global Sustainable Equity Fund,[tom],[tom],"2020,2021,2022","2023,2024,2025,2026"
Luxembourg (LU),LU1892703569,JPM Global Sustainable Equity C (acc) - EUR,[tom],[tom],JPMorgan Funds - Global Sustainable Equity Fund,[tom],[tom],"2020,2021,2022","2023,2024,2025,2026"
Luxembourg (LU),LU1892703643,JPM Global Sustainable Equity C (acc) - USD,[tom],[tom],JPMorgan Funds - Global Sustainable Equity Fund,[tom],[tom],"2020,2021,2022","2023,2024,2025,2026"
Luxembourg (LU),LU1892703726,JPMF - Global Sustainable Equity Fund - D (acc) - EUR,[tom],1969 45 00016,JPMorgan Funds,[tom],[tom],2021.2022,"2020,2023,2024,2025,2026"
Luxembourg (LU),LU1892703999,JPM Global Sustainable Equity I (acc) - EUR,[tom],[tom],JPMorgan Funds - Global Sustainable Equity Fund,[tom],[tom],"2020,2021,2022","2023,2024,2025,2026"
Luxembourg (LU),LU1892704021,JPMF - Global Sustainable Equity Fund - S2 (acc) - EUR,[tom],1969 45 00016,JPMorgan Funds,[tom],[tom],2021.2022,"2020,2023,2024,2025,2026"
Luxembourg (LU),LU1892704294,JPMF - Global Sustainable Equity Fund - X (acc) - EUR,[tom],1969 45 00016,JPMorgan Funds,[tom],[tom],2021.2022,"2020,2023,2024,2025,2026"
Luxembourg (LU),LU1893597309,BSF European Unconstrained Equity Fund - AGG (),549300X1JZDUCHO0GO16,20074600626,BSF European Unconstrained Equity Fund,[tom],[tom],"2020,2021,2022,2023,2024,2025,2026",
Luxembourg (LU),LU1893597481,BSF European Unconstrained Equity Fund - AGG (),549300X1JZDUCHO0GO16,20074600626,BSF European Unconstrained Equity Fund,[tom],[tom],"2020,2021,2022,2023,2024,2025,2026",
Luxembourg (LU),LU1893597564,BSF European Unconstrained Equity Fund - AGG (Class I2),549300X1JZDUCHO0GO16,20074600626,BSF European Unconstrained Equity Fund,[tom],[tom],"2020,2021,2022,2023,2024,2025,2026",
Luxembourg (LU),LU1893597648,BSF European Unconstrained Equity Fund - AGG (Class X2),549300X1JZDUCHO0GO16,20074600626,BSF European Unconstrained Equity Fund,[tom],[tom],"2020,2021,2022,2023,2024,2025,2026",
Luxembourg (LU),LU1893597721,BSF European Unconstrained Equity Fund - AGG (D2 GBP Hedged),549300X1JZDUCHO0GO16,20074600626,BSF European Unconstrained Equity Fund,[tom],[tom],"2020,2021,2022,2023,2024,2025,2026",
Luxembourg (LU),LU1893598026,BSF European Unconstrained Equity Fund - AGG (I2 GBP Hedged),549300X1JZDUCHO0GO16,20074600626,BSF European Unconstrained Equity Fund,[tom],[tom],"2020,2021,2022,2023,2024,2025,2026",
Luxembourg (LU),LU1896777312,T. Rowe Price Funds SICAV Japanese Equity Fund Japanese Equity Fund Q (USD),549300OHLAV8MCXB2D69,false,T. ROWE PRICE FUNDS SICAV,[tom],[tom],"2020,2021,2022,2023,2024,2025,2026",
Luxembourg (LU),LU1900066207,Lyxor MSCI Brazil UCITS ETF - Acc,5493006JPV7IX4R1BQ73,2006.45.00253,Multi Units Luxembourg,[tom],[tom],"2021,2022,2023,2024,2025,2026",2020
Luxembourg (LU),LU1900066462,Lyxor MSCI Eastern Europe Ex Russia UCITS ETF - Acc,54930028HR0TZ8KNC732,2006.45.00253,Multi Units Luxembourg,[tom],[tom],"2021,2022,2023,2024,2025,2026",2020
Luxembourg (LU),LU1900066629,Lyxor MSCI EM Latin America UCITS ETF - Acc,5493006362EDSQ6R5E97,2006.45.00253,Multi Units Luxembourg,[tom],[tom],"2021,2022,2023","2020,2024,2025,2026"
Luxembourg (LU),LU1900066975,Lyxor MSCI Korea UCITS ETF - Acc,549300PCOGU9VB10FI42,2006.45.00253,Multi Units Luxembourg,[tom],[tom],"2021,2022,2023,2024,2025,2026",2020
Luxembourg (LU),LU1900067601,Lyxor MSCI Turkey UCITS ETF - Acc,549300DK7FKWK3HAW576,2006.45.00253,Multi Units Luxembourg,[tom],[tom],"2021,2022,2023,2024,2025,2026",2020
Luxembourg (LU),LU1900067940,Lyxor Hong Kong (HSI) UCITS ETF - Dist,5493003Z3TE5LKE2OV60,2006.45.00253,Multi Units Luxembourg,[tom],[tom],"2021,2022,2023,2025,2026",2020.2024
Luxembourg (LU),LU1900068161,Lyxor MSCI AC Asia Ex Japan UCITS ETF - Acc,549300KSWIZHW04SLK65,2006.45.00253,Multi Units Luxembourg,[tom],[tom],"2021,2022,2023,2024,2025,2026",2020
Luxembourg (LU),LU1900068328,Lyxor MSCI AC Asia Pacific Ex Japan UCITS ETF - Acc,549300DJZRR05F8SUP23,2006.45.00253,Multi Units Luxembourg,[tom],[tom],"2021,2022,2023,2024,2025,2026",2020
Luxembourg (LU),LU1900068914,Lyxor China Enterprise (HSCEI) UCITS ETF - Acc,549300E7C8KZ5P6BZI39,2006.45.00253,Multi Units Luxembourg,[tom],[tom],"2021,2022,2023,2024,2025,2026",2020
Luxembourg (LU),LU1902608444,DWS Invest CROCI World TFC,549300EKCGWXZNQZVH81,[tom],DWS Invest CROCI World,[tom],[tom],"2020,2021,2022,2023,2024,2025,2026",
Luxembourg (LU),LU1903681226,JPM Europe Strategic Dividend F (mth) - USD (hedged),[tom],[tom],JPMorgan Investment Funds - Europe Strategic Dividend Fund,[tom],[tom],"2020,2021,2022","2023,2024,2025,2026"
Luxembourg (LU),LU1909041722,Nordea 2 - Global Sustainable Enhanced Equity Fund - BI - USD,549300W1JV4Z4T54GM32,2016 45 00 889,Nordea 2 - Global Sustainable Enhanced Equity Fund,[tom],[tom],"2021,2022,2023,2024,2025,2026",2020
Luxembourg (LU),LU1909041995,Nordea 2 - Global Sustainable Enhanced Equity Fund - BI - EUR,549300W1JV4Z4T54GM32,2016 45 00 889,Nordea 2 - Global Sustainable Enhanced Equity Fund,[tom],[tom],"2021,2022,2023,2024,2025,2026",2020
Luxembourg (LU),LU1909042027,Nordea 2 - Global Sustainable Enhanced Equity Fund - BI - NOK,549300W1JV4Z4T54GM32,2016 45 00 889,Nordea 2 - Global Sustainable Enhanced Equity Fund,[tom],[tom],"2021,2022,2023,2024,2025,2026",2020
Luxembourg (LU),LU1909042290,Nordea 2 - Global Sustainable Enhanced Equity Fund - X - USD,549300W1JV4Z4T54GM32,2016 45 00 889,Nordea 2 - Global Sustainable Enhanced Equity Fund,[tom],[tom],"2021,2022,2023,2024,2025,2026",2020
Luxembourg (LU),LU1909042456,Nordea 2 - Global Sustainable Enhanced Equity Fund - BP - USD,549300W1JV4Z4T54GM32,2016 45 00 889,Nordea 2 - Global Sustainable Enhanced Equity Fund,[tom],[tom],"2021,2022,2023,2024,2025,2026",2020
Luxembourg (LU),LU1909042530,Nordea 2 - Global Sustainable Enhanced Equity Fund - BP - SEK,549300W1JV4Z4T54GM32,2016 45 00 889,Nordea 2 - Global Sustainable Enhanced Equity Fund,[tom],[tom],"2021,2022,2023,2024,2025,2026",2020
Luxembourg (LU),LU1912699268,Wellington US Research Equity Fund GBP N Accumulating Unhedged,[tom],[tom],Wellington US Research Equity Fund (Wellington Management Funds),[tom],[tom],"2020,2021,2022,2023,2024,2025,2026",
Luxembourg (LU),LU1912699854,Wellington Emerging Markets Research Equity Fund GBP N Accumulating Unhedged,[tom],[tom],Wellington Emerging Markets Research Equity Fund (Wellington Management Funds),[tom],[tom],"2020,2021,2022,2023,2024,2025,2026",
Luxembourg (LU),LU1914384182,DWS Invest ESG Climate Tech,549300E3NA7HC2KH3T16,86435,DWS Invest,[tom],[tom],"2021,2022,2023,2024,2025,2026",2020
Luxembourg (LU),LU1914384349,DWS Invest SDG Global Equities NC,549300PGPY6VQ5ZNEU06,[tom],DWS Invest SDG Global Equities,[tom],[tom],"2020,2021,2022,2023,2024,2025,2026",
Luxembourg (LU),LU1915579137,JPMF - Global Sustainable Equity Fund - I2 (acc) - EUR,[tom],1969 45 00016,JPMorgan Funds,[tom],[tom],2021.2022,"2020,2023,2024,2025,2026"
Luxembourg (LU),LU1923401951,T. Rowe Price Funds SICAV Japanese Equity Fund Japanese Equity Fund Q10 (EUR),549300OHLAV8MCXB2D69,false,T. ROWE PRICE FUNDS SICAV,[tom],[tom],"2020,2021,2022,2023,2024,2025,2026",
Luxembourg (LU),LU1923627092,Lyxor MSCI Russia UCITS ETF - Acc,549300CU4ECYP6QX1N55,2006.45.00253,Multi Units Luxembourg,[tom],[tom],"2021,2022,2023,2024","2020,2025,2026"
Luxembourg (LU),LU1927026317,Nordea 1 - Global Listed Infrastructure Fund - BI - USD,5493004U7E2YIFAGEE77,1989 45 00 886,Nordea 1 - Global Listed Infrastructure Fund,[tom],[tom],"2020,2021,2022,2023,2024,2025,2026",
Luxembourg (LU),LU1927026408,Nordea 1 - Global Listed Infrastructure Fund - BI - GBP,5493004U7E2YIFAGEE77,1989 45 00 886,Nordea 1 - Global Listed Infrastructure Fund,[tom],[tom],"2020,2021,2022,2023,2024,2025,2026",
Luxembourg (LU),LU1927026580,Nordea 1 - Global Listed Infrastructure Fund - AI - EUR,5493004U7E2YIFAGEE77,1989 45 00 886,Nordea 1 - Global Listed Infrastructure Fund,[tom],[tom],"2020,2021,2022,2023,2024,2025,2026",
Luxembourg (LU),LU1932912360,DWS Invest SDG Global Equities TFC,549300PGPY6VQ5ZNEU06,[tom],DWS Invest SDG Global Equities,[tom],[tom],"2020,2021,2022,2023,2024,2025,2026",
Luxembourg (LU),LU1932912527,DWS Invest SDG Global Equities TFD,549300PGPY6VQ5ZNEU06,[tom],DWS Invest SDG Global Equities,[tom],[tom],"2020,2021,2022,2023,2024,2025,2026",
Luxembourg (LU),LU1932939488,DWS Invest ESG European Small/Mid Cap,549300I4MADW6ZHX8U51,86435,DWS Invest,[tom],[tom],"2021,2022,2023,2024,2025,2026",2020
Luxembourg (LU),LU1932939645,DWS Invest ESG European Small/Mid Cap,549300I4MADW6ZHX8U51,86435,DWS Invest,[tom],[tom],"2021,2022,2023,2024,2025,2026",2020
Luxembourg (LU),LU1935332640,Nordea 1 - Global Stars Equity Fund - BC - SEK,5493003YXBZ7881E6K64,1989 45 00 886,Nordea 1 - Global Stars Equity Fund,[tom],[tom],2021.2022,"2020,2023,2024,2025,2026"
Luxembourg (LU),LU1935332996,Nordea 1 - Global Stars Equity Fund - BC - NOK,5493003YXBZ7881E6K64,1989 45 00 886,Nordea 1 - Global Stars Equity Fund,[tom],[tom],2021.2022,"2020,2023,2024,2025,2026"
Luxembourg (LU),LU1935333705,Nordea 1 - Emerging Stars Equity Fund - BC - SEK,549300UFJRQ77N3UYE48,1989 45 00 886,Nordea 1 - Emerging Stars Equity Fund,[tom],[tom],"2020,2021,2022","2023,2024,2025,2026"
Luxembourg (LU),LU1936087441,Nordea 1 - Emerging Stars Equity Fund - BC - NOK,549300UFJRQ77N3UYE48,1989 45 00 886,Nordea 1 - Emerging Stars Equity Fund,[tom],[tom],"2020,2021,2022,2023,2024,2025,2026",
Luxembourg (LU),LU1939214695,Nordea 1 - Global Gender Diversity Fund - BP - EUR,549300CYWEG7M5HTOM84,1989 45 00 886,Nordea 1 - Global Gender Diversity Fund,[tom],[tom],"2020,2021,2022,2023,2024,2025,2026",
Luxembourg (LU),LU1939214778,Nordea 1 - Global Gender Diversity Fund - BP - USD,549300CYWEG7M5HTOM84,1989 45 00 886,Nordea 1 - Global Gender Diversity Fund,[tom],[tom],"2020,2021,2022,2023,2024,2025,2026",
Luxembourg (LU),LU1939214851,Nordea 1 - Global Gender Diversity Fund - BC - EUR,549300CYWEG7M5HTOM84,1989 45 00 886,Nordea 1 - Global Gender Diversity Fund,[tom],[tom],"2020,2021,2022,2023,2024,2025,2026",
Luxembourg (LU),LU1939215072,Nordea 1 - Global Gender Diversity Fund - BC - USD,549300CYWEG7M5HTOM84,1989 45 00 886,Nordea 1 - Global Gender Diversity Fund,[tom],[tom],"2020,2021,2022,2023,2024,2025,2026",
Luxembourg (LU),LU1939215155,Nordea 1 - Global Gender Diversity Fund - E - EUR,549300CYWEG7M5HTOM84,1989 45 00 886,Nordea 1 - Global Gender Diversity Fund,[tom],[tom],"2020,2021,2022,2023,2024,2025,2026",
Luxembourg (LU),LU1939215239,Nordea 1 - Global Gender Diversity Fund - E - USD,549300CYWEG7M5HTOM84,1989 45 00 886,Nordea 1 - Global Gender Diversity Fund,[tom],[tom],"2020,2021,2022,2023,2024,2025,2026",
Luxembourg (LU),LU1939215312,Nordea 1 - Global Gender Diversity Fund - BI - EUR,549300CYWEG7M5HTOM84,1989 45 00 886,Nordea 1 - Global Gender Diversity Fund,[tom],[tom],"2020,2021,2022,2023,2024,2025,2026",
Luxembourg (LU),LU1939215403,Nordea 1 - Global Gender Diversity Fund - BI - USD,549300CYWEG7M5HTOM84,1989 45 00 886,Nordea 1 - Global Gender Diversity Fund,[tom],[tom],"2020,2021,2022,2023,2024,2025,2026",
Luxembourg (LU),LU1939215585,Nordea 1 - Global Gender Diversity Fund - BP - SEK,549300CYWEG7M5HTOM84,1989 45 00 886,Nordea 1 - Global Gender Diversity Fund,[tom],[tom],"2020,2021,2022,2023,2024,2025,2026",
Luxembourg (LU),LU1939215668,Nordea 1 - Global Gender Diversity Fund - BP - NOK,549300CYWEG7M5HTOM84,1989 45 00 886,Nordea 1 - Global Gender Diversity Fund,[tom],[tom],"2020,2021,2022,2023,2024,2025,2026",
Luxembourg (LU),LU1939215742,Nordea 1 - Global Gender Diversity Fund - Y - USD,549300CYWEG7M5HTOM84,1989 45 00 886,Nordea 1 - Global Gender Diversity Fund,[tom],[tom],2020.2021,"2022,2023,2024,2025,2026"
Luxembourg (LU),LU1940064972,RCGF - Robeco Global Consumer Trends M2H USD,[tom],19974500291,Robeco Capital Growth Funds,[tom],[tom],"2021,2022,2023,2024,2025,2026",2020
Luxembourg (LU),LU1940065359,RCGF - Robeco FinTech IH EUR,[tom],19974500291,Robeco Capital Growth Funds,[tom],[tom],"2021,2022,2023","2020,2024,2025,2026"
Luxembourg (LU),LU1940199711,MULTI UNITS LUXEMBOURG - Lyxor MSCI Europe ESG Leaders (DR) UCITS ETF,5493003TSM6WSACG3290,2006.45.00253,MULTI UNITS LUXEMBOURG - Lyxor MSCI Europe ESG Leaders (DR) UCITS ETF,[tom],[tom],"2020,2021,2022,2023,2024,2025,2026",
Luxembourg (LU),LU1940846923,Nordea 2 - Global Enhanced Small Cap Fund - BC - NOK,549300GVTL00XKK6XZ21,2016 45 00 889,Nordea 2 - Global Enhanced Small Cap Fund,[tom],[tom],"2020,2021,2022,2023,2024,2025",2026
Luxembourg (LU),LU1940854943,Nordea 1 - Global Disruption Fund - BP - USD,549300QBQ3523WUDHH63,1989 45 00 886,Nordea 1 - Global Disruption Fund,[tom],[tom],"2020,2021,2022,2023,2024,2025,2026",
Luxembourg (LU),LU1940855080,Nordea 1 - Global Disruption Fund - BP - EUR,549300QBQ3523WUDHH63,1989 45 00 886,Nordea 1 - Global Disruption Fund,[tom],[tom],"2020,2021,2022,2023,2024,2025,2026",
Luxembourg (LU),LU1940855163,Nordea 1 - Global Disruption Fund - BC - EUR,549300QBQ3523WUDHH63,1989 45 00 886,Nordea 1 - Global Disruption Fund,[tom],[tom],"2020,2021,2022,2023,2024,2025,2026",
Luxembourg (LU),LU1940855247,Nordea 1 - Global Disruption Fund - BC - USD,549300QBQ3523WUDHH63,1989 45 00 886,Nordea 1 - Global Disruption Fund,[tom],[tom],"2020,2021,2022,2023,2024,2025,2026",
Luxembourg (LU),LU1940855320,Nordea 1 - Global Disruption Fund - E - EUR,549300QBQ3523WUDHH63,1989 45 00 886,Nordea 1 - Global Disruption Fund,[tom],[tom],"2020,2021,2022,2023,2024,2025,2026",
Luxembourg (LU),LU1940855593,Nordea 1 - Global Disruption Fund - E - USD,549300QBQ3523WUDHH63,1989 45 00 886,Nordea 1 - Global Disruption Fund,[tom],[tom],"2020,2021,2022,2023,2024,2025,2026",
Luxembourg (LU),LU1940855676,Nordea 1 - Global Disruption Fund - BI - EUR,549300QBQ3523WUDHH63,1989 45 00 886,Nordea 1 - Global Disruption Fund,[tom],[tom],"2020,2021,2022,2023,2024,2025,2026",
Luxembourg (LU),LU1940855759,Nordea 1 - Global Disruption Fund - BI - USD,549300QBQ3523WUDHH63,1989 45 00 886,Nordea 1 - Global Disruption Fund,[tom],[tom],"2020,2021,2022,2023,2024,2025,2026",
Luxembourg (LU),LU1940855833,Nordea 1 - Global Disruption Fund - Y - USD,549300QBQ3523WUDHH63,1989 45 00 886,Nordea 1 - Global Disruption Fund,[tom],[tom],2020.2021,"2022,2023,2024,2025,2026"
Luxembourg (LU),LU1940951715,Nordea 2 - European Enhanced Equity Fund - BC - SEK,549300ZSC5HTQ0V6KO22,2016 45 00 889,Nordea 2 - European Enhanced Equity Fund,[tom],[tom],"2020,2021,2022,2023,2024,2025",2026
Luxembourg (LU),LU1940951806,Nordea 2 - European Enhanced Equity Fund - BC - NOK,549300ZSC5HTQ0V6KO22,2016 45 00 889,Nordea 2 - European Enhanced Equity Fund,[tom],[tom],"2020,2021,2022,2023,2024,2025",2026
Luxembourg (LU),LU1940951988,Nordea 2 - Emerging Markets Enhanced Equity Fund - BC - SEK,549300UUUBHFIQXKYM48,2016 45 00 889,Nordea 2 - Emerging Markets Enhanced Equity Fund,[tom],[tom],"2020,2021,2022,2023,2024,2025",2026
Luxembourg (LU),LU1940952101,Nordea 2 - Emerging Markets Enhanced Equity Fund - BC - NOK,549300UUUBHFIQXKYM48,2016 45 00 889,Nordea 2 - Emerging Markets Enhanced Equity Fund,[tom],[tom],"2020,2021,2022,2023,2024,2025",2026
Luxembourg (LU),LU1941812726,Nordea 1 - Global Disruption Fund - BP - SEK,549300QBQ3523WUDHH63,1989 45 00 886,Nordea 1 - Global Disruption Fund,[tom],[tom],"2020,2021,2022,2023,2024,2025,2026",
Luxembourg (LU),LU1941812999,Nordea 1 - Global Disruption Fund - BP - NOK,549300QBQ3523WUDHH63,1989 45 00 886,Nordea 1 - Global Disruption Fund,[tom],[tom],"2020,2021,2022,2023,2024,2025,2026",
Luxembourg (LU),LU1945297916,Nordea 2 - Global Sustainable Enhanced Equity Fund - BI - SEK,549300W1JV4Z4T54GM32,2016 45 00 889,Nordea 2 - Global Sustainable Enhanced Equity Fund,[tom],[tom],"2021,2022,2023,2024,2025,2026",2020
Luxembourg (LU),LU1945299615,RCGF - Robeco FinTech DH CHF,[tom],19974500291,Robeco Capital Growth Funds,[tom],[tom],"2021,2022,2023","2020,2024,2025,2026"
Luxembourg (LU),LU1945299706,RCGF - Robeco MegaTrends M2 EUR,[tom],19974500291,Robeco Capital Growth Funds,[tom],[tom],"2021,2022,2023","2020,2024,2025,2026"
Luxembourg (LU),LU1947902018,Nordea 1 - Global Listed Infrastructure Fund - BP - EUR,5493004U7E2YIFAGEE77,1989 45 00 886,Nordea 1 - Global Listed Infrastructure Fund,[tom],[tom],"2020,2021,2022,2023,2024,2025,2026",
Luxembourg (LU),LU1947902109,Nordea 1 - Global Listed Infrastructure Fund - BP - USD,5493004U7E2YIFAGEE77,1989 45 00 886,Nordea 1 - Global Listed Infrastructure Fund,[tom],[tom],"2020,2021,2022,2023,2024,2025,2026",
Luxembourg (LU),LU1947902281,Nordea 1 - Global Listed Infrastructure Fund - BI - EUR,5493004U7E2YIFAGEE77,1989 45 00 886,Nordea 1 - Global Listed Infrastructure Fund,[tom],[tom],"2020,2021,2022,2023,2024,2025,2026",
Luxembourg (LU),LU1948826026,Nordea 1 - Global Listed Infrastructure Fund - BC - USD,5493004U7E2YIFAGEE77,1989 45 00 886,Nordea 1 - Global Listed Infrastructure Fund,[tom],[tom],"2020,2021,2022,2023,2024,2025,2026",
Luxembourg (LU),LU1948826299,Nordea 1 - Global Listed Infrastructure Fund - BC - EUR,5493004U7E2YIFAGEE77,1989 45 00 886,Nordea 1 - Global Listed Infrastructure Fund,[tom],[tom],"2020,2021,2022,2023,2024,2025,2026",
Luxembourg (LU),LU1948826372,Nordea 1 - Global Listed Infrastructure Fund - E - EUR,5493004U7E2YIFAGEE77,1989 45 00 886,Nordea 1 - Global Listed Infrastructure Fund,[tom],[tom],"2020,2021,2022,2023,2024,2025,2026",
Luxembourg (LU),LU1948826455,Nordea 1 - Global Listed Infrastructure Fund - E - USD,5493004U7E2YIFAGEE77,1989 45 00 886,Nordea 1 - Global Listed Infrastructure Fund,[tom],[tom],"2020,2021,2022,2023,2024,2025,2026",
Luxembourg (LU),LU1956011511,Triodos Impact Mixed Fund – Offensive R CAP,549300UKN25V6QW6I076,[tom],Triodos Sicav 1,[tom],[tom],"2021,2022,2023,2024,2025,2026",2020
Luxembourg (LU),LU1956011602,Triodos Impact Mixed Fund – Offensive R DIS,549300UKN25V6QW6I076,[tom],Triodos Sicav 1,[tom],[tom],"2021,2022,2023,2024,2025,2026",2020
Luxembourg (LU),LU1957035402,JPM Europe Strategic Dividend I (mth) - USD (hedged),[tom],[tom],JPMorgan Investment Funds - Europe Strategic Dividend Fund,[tom],[tom],"2020,2021,2022","2023,2024,2025,2026"
Luxembourg (LU),LU1963720757,Nordea 2 - Global Enhanced Equity Fund - BP - EUR,5493005RFEPPIBGGFX39,2016 45 00 889,Nordea 2 - Global Enhanced Equity Fund,[tom],[tom],"2020,2021,2022,2023,2024,2025,2026",
Luxembourg (LU),LU1963720831,Nordea 2 - Emerging Markets Enhanced Equity Fund - JI - EUR,549300UUUBHFIQXKYM48,2016 45 00 889,Nordea 2 - Emerging Markets Enhanced Equity Fund,[tom],[tom],"2020,2021,2022,2023,2024",2025.2026
Luxembourg (LU),LU1965541060,Nordea 1 - Global Gender Diversity Fund - BI - NOK,549300CYWEG7M5HTOM84,1989 45 00 886,Nordea 1 - Global Gender Diversity Fund,[tom],[tom],"2020,2021,2022,2023,2024,2025,2026",
Luxembourg (LU),LU1966122977,Nordea 1 - Global Gender Diversity Fund - AP - USD,549300CYWEG7M5HTOM84,1989 45 00 886,Nordea 1 - Global Gender Diversity Fund,[tom],[tom],"2020,2021,2022","2023,2024,2025,2026"
Luxembourg (LU),LU1966123199,Nordea 1 - Global Disruption Fund - AP - USD,549300QBQ3523WUDHH63,1989 45 00 886,Nordea 1 - Global Disruption Fund,[tom],[tom],"2020,2021,2022,2023,2024",2025.2026
Luxembourg (LU),LU1968687803,DWS Invest CROCI Intellectual Capital,5493002T7XHBU985SZ06,86435,DWS Invest,[tom],[tom],"2021,2022,2023,2024,2025,2026",2020
Luxembourg (LU),LU1968687985,RC,5493002T7XHBU985SZ06,86435,DWS Invest CROCI Intellectual Capital,[tom],DWS Invest,"2021,2022,2023,2024,2025,2026",2020
Luxembourg (LU),LU1968688017,DWS Invest CROCI Intellectual Capital,5493002T7XHBU985SZ06,86435,DWS Invest,[tom],[tom],"2021,2022,2023,2024,2025,2026",2020
Luxembourg (LU),LU1968688108,USD RC,5493002T7XHBU985SZ06,86435,DWS Invest CROCI Intellectual Capital,[tom],DWS Invest,"2021,2022,2023,2024,2025,2026",2020
Luxembourg (LU),LU1968688280,DWS Invest CROCI Intellectual Capital,5493002T7XHBU985SZ06,86435,DWS Invest,[tom],[tom],"2021,2022,2023,2024,2025,2026",2020
Luxembourg (LU),LU1968688363,DWS Invest CROCI Intellectual Capital,5493002T7XHBU985SZ06,86435,DWS Invest,[tom],[tom],"2021,2022,2023,2024,2025,2026",2020
Luxembourg (LU),LU1968688447,DWS Invest CROCI Intellectual Capital,5493002T7XHBU985SZ06,86435,DWS Invest,[tom],[tom],"2021,2022,2023,2024,2025,2026",2020
Luxembourg (LU),LU1981104851,TJGF - Jupiter European Growth Class L SGD Acc HSC,[tom],20054500751,The Jupiter Global Fund,[tom],[tom],2021.2022,"2020,2023,2024,2025,2026"
Luxembourg (LU),LU1984140779,BGF European Equity Income Fund - Aggregate (Class D2),549300EO4UBXXE7L7Y87,19624500019,BGF European Equity Income Fund - Aggregate,[tom],[tom],"2020,2021,2022,2023,2024,2025,2026",
Luxembourg (LU),LU1984219524,DWS Invest ESG Global Emerging Markets Equities,549300OD0ROCLWJDQR95,86435,DWS Invest,[tom],[tom],"2021,2022,2023,2024,2025,2026",2020
Luxembourg (LU),LU1984220373,DWS Invest ESG Global Emerging Markets Equities,549300OD0ROCLWJDQR95,86435,DWS Invest,[tom],[tom],"2021,2022,2023,2024,2025,2026",2020
Luxembourg (LU),LU1984221009,DWS Invest ESG Global Emerging Markets Equities,549300OD0ROCLWJDQR95,86435,DWS Invest,[tom],[tom],"2021,2022,2023,2024,2025,2026",2020
Luxembourg (LU),LU1984221934,DWS Invest ESG Global Emerging Markets Equities,549300OD0ROCLWJDQR95,86435,DWS Invest,[tom],[tom],"2021,2022,2023,2024,2025,2026",2020
Luxembourg (LU),LU1994987037,RCGF - Robeco Sustainable European Stars Equities I GBP,[tom],19974500291,Robeco Capital Growth Funds,[tom],[tom],"2021,2022,2023","2020,2024,2025,2026"
Luxembourg (LU),LU1994987201,RCGF - Robeco Sustainable European Stars Equities G GBP,[tom],19974500291,Robeco Capital Growth Funds,[tom],[tom],"2021,2022,2023","2020,2024,2025,2026"
Luxembourg (LU),LU1994987383,RCGF - Robeco Sustainable European Stars Equities F USD,[tom],19974500291,Robeco Capital Growth Funds,[tom],[tom],"2021,2022,2023","2020,2024,2025,2026"
Luxembourg (LU),LU1994987466,RCGF - Robeco Sustainable European Stars Equities D USD,[tom],19974500291,Robeco Capital Growth Funds,[tom],[tom],"2021,2022,2023","2020,2024,2025,2026"
Luxembourg (LU),LU1994987540,RCGF - Robeco Sustainable European Stars Equities M2 EUR,[tom],19974500291,Robeco Capital Growth Funds,[tom],[tom],"2021,2022,2023","2020,2024,2025,2026"
Luxembourg (LU),LU2004376831,Nordea 2 - Global Enhanced Small Cap Fund - BP - SEK,549300GVTL00XKK6XZ21,2016 45 00 889,Nordea 2 - Global Enhanced Small Cap Fund,[tom],[tom],"2020,2021,2022,2023,2024,2025,2026",
Luxembourg (LU),LU2004377565,Nordea 2 - Global Enhanced Small Cap Fund - BP - NOK,549300GVTL00XKK6XZ21,2016 45 00 889,Nordea 2 - Global Enhanced Small Cap Fund,[tom],[tom],"2020,2021,2022,2023,2024,2025,2026",
Luxembourg (LU),LU2009202107,Lyxor MSCI Emerging Markets Ex China UCITS ETF - Acc,54930057GPC45FBFHH48,2006.45.00253,Multi Units Luxembourg,[tom],[tom],"2021,2022,2023,2024,2025,2026",2020
Luxembourg (LU),LU2019635916,Nordea 1 - Global Opportunity Fund - BC - EUR,5493007ZLSPI26CQLO03,1989 45 00 886,Nordea 1 - Global Opportunity Fund,[tom],[tom],"2020,2021,2022,2023,2024,2025,2026",
Luxembourg (LU),LU2021313528,Nordea 1 - Global Climate and Environment Fund - BI - GBP,549300JJG1N66HM3TH21,1989 45 00 886,Nordea 1 - Global Climate and Environment Fund,[tom],[tom],"2021,2022,2023,2024,2025,2026",2020
Luxembourg (LU),LU2021507640,Nordea 1 - Global Climate and Environment Fund - BP - GBP,549300JJG1N66HM3TH21,1989 45 00 886,Nordea 1 - Global Climate and Environment Fund,[tom],[tom],"2021,2022,2023,2024,2025,2026",2020
Luxembourg (LU),LU2022065143,Nordea 1 - Global Stars Equity Fund - BC - USD,5493003YXBZ7881E6K64,1989 45 00 886,Nordea 1 - Global Stars Equity Fund,[tom],[tom],"2021,2022,2023,2024,2025,2026",2020
Luxembourg (LU),LU2022068329,Nordea 1 - Global Stars Equity Fund - HA - EUR,5493003YXBZ7881E6K64,1989 45 00 886,Nordea 1 - Global Stars Equity Fund,[tom],[tom],"2021,2022,2023,2024,2025,2026",2020
Luxembourg (LU),LU2023383131,Emerging Stars Equity Fund - E - PLN,549300UFJRQ77N3UYE48,[tom],"Nordea 1, SICAV Emerging Stars Equity Fund",[tom],[tom],"2021,2022,2023,2024,2025,2026",2020
Luxembourg (LU),LU2023678282,Lyxor MSCI Disruptive Technology ESG Filtered (DR) UCITS ETF - Acc,549300E2AJ0GE7K7JM38,2006.45.00741,Lyxor Index Fund,[tom],[tom],"2021,2022,2023,2024,2025,2026",2020
Luxembourg (LU),LU2023678449,Lyxor MSCI Millennials ESG Filtered (DR) UCITS ETF - Acc,549300TZDKB0R8T6JN58,2006.45.00741,Lyxor Index Fund,[tom],[tom],"2021,2022,2023,2024,2025,2026",2020
Luxembourg (LU),LU2023678878,Lyxor MSCI Digital Economy ESG Filtered (DR) UCITS ETF - Acc,549300628R8CYYOL0Q97,2006.45.00741,Lyxor Index Fund,[tom],[tom],"2021,2022,2023,2024,2025,2026",2020
Luxembourg (LU),LU2023679090,Lyxor MSCI Future Mobility ESG Filtered (DR) UCITS ETF - Acc,549300ESOA4DFAOGB895,2006.45.00741,Lyxor Index Fund,[tom],[tom],"2021,2022,2023,2024,2025,2026",2020
Luxembourg (LU),LU2023679256,Lyxor MSCI Smart Cities ESG Filtered (DR) UCITS ETF - Acc,549300VZKSEAWYCHT149,2006.45.00741,Lyxor Index Fund,[tom],[tom],"2021,2022,2023,2024","2020,2025,2026"
Luxembourg (LU),LU2027351423,RCGF - Robeco Sustainable European Stars Equities IE GBP,[tom],19974500291,Robeco Capital Growth Funds,[tom],[tom],"2021,2022,2023","2020,2024,2025,2026"
Luxembourg (LU),LU2027351696,RCGF - Robeco Global Consumer Trends D2 USD,[tom],19974500291,Robeco Capital Growth Funds,[tom],[tom],"2021,2022,2023,2024,2025,2026",2020
Luxembourg (LU),LU2028912256,Nordea 1 - Global Stars Equity Fund - AC - SEK,5493003YXBZ7881E6K64,1989 45 00 886,Nordea 1 - Global Stars Equity Fund,[tom],[tom],"2021,2022,2023,2024","2020,2025,2026"
Luxembourg (LU),LU2028912926,Nordea 1 - Emerging Stars Equity Fund - AC - SEK,549300UFJRQ77N3UYE48,1989 45 00 886,Nordea 1 - Emerging Stars Equity Fund,[tom],[tom],"2020,2021,2022,2023,2024,2025,2026",
Luxembourg (LU),LU2028913064,Nordea 2 - Global Enhanced Equity Fund - AC - SEK,5493005RFEPPIBGGFX39,2016 45 00 889,Nordea 2 - Global Enhanced Equity Fund,[tom],[tom],2020.2021,"2022,2023,2024,2025,2026"
Luxembourg (LU),LU2028913221,Nordea 2 - Global Enhanced Small Cap Fund - AC - SEK,549300GVTL00XKK6XZ21,2016 45 00 889,Nordea 2 - Global Enhanced Small Cap Fund,[tom],[tom],2020.2021,"2022,2023,2024,2025,2026"
Luxembourg (LU),LU2028913734,Nordea 2 - Emerging Markets Enhanced Equity Fund - AC - SEK,549300UUUBHFIQXKYM48,2016 45 00 889,Nordea 2 - Emerging Markets Enhanced Equity Fund,[tom],[tom],2020.2021,"2022,2023,2024,2025,2026"
Luxembourg (LU),LU2043947097,Nordea 2 - Emerging Markets Enhanced Equity Fund - X - NOK,549300UUUBHFIQXKYM48,2016 45 00 889,Nordea 2 - Emerging Markets Enhanced Equity Fund,[tom],[tom],2020.2021,"2022,2023,2024,2025,2026"
Luxembourg (LU),LU2048743954,Nordea 1 - Global Climate and Environment Fund - HBC - CHF,549300JJG1N66HM3TH21,1989 45 00 886,Nordea 1 - Global Climate and Environment Fund,[tom],[tom],"2021,2022,2023,2024,2025,2026",2020
Luxembourg (LU),LU2051468812,JPM Emerging Markets Sustainable Equity A (acc) - USD,[tom],[tom],JPMorgan Funds - Emerging Markets Sustainable Equity Fund,[tom],[tom],"2020,2021,2022,2023,2024,2025,2026",
Luxembourg (LU),LU2051468903,JPM Emerging Markets Sustainable Equity A (dist) - USD,[tom],[tom],JPMorgan Funds - Emerging Markets Sustainable Equity Fund,[tom],[tom],"2020,2021,2022,2023,2024,2025,2026",
Luxembourg (LU),LU2051469034,JPM Emerging Markets Sustainable Equity A (acc) - EUR,[tom],[tom],JPMorgan Funds - Emerging Markets Sustainable Equity Fund,[tom],[tom],"2020,2021,2022,2023,2024,2025,2026",
Luxembourg (LU),LU2051469117,JPM Emerging Markets Sustainable Equity A (dist) - EUR,[tom],[tom],JPMorgan Funds - Emerging Markets Sustainable Equity Fund,[tom],[tom],"2020,2021,2022,2023,2024,2025,2026",
Luxembourg (LU),LU2051469208,JPM Emerging Markets Sustainable Equity C (acc) - USD,[tom],[tom],JPMorgan Funds - Emerging Markets Sustainable Equity Fund,[tom],[tom],"2020,2021,2022,2023,2024,2025,2026",
Luxembourg (LU),LU2051469380,JPM Emerging Markets Sustainable Equity C (dist) - USD,[tom],[tom],JPMorgan Funds - Emerging Markets Sustainable Equity Fund,[tom],[tom],"2020,2021,2022,2023,2024,2025,2026",
Luxembourg (LU),LU2051469463,JPM Emerging Markets Sustainable Equity C (acc) - EUR,[tom],[tom],JPMorgan Funds - Emerging Markets Sustainable Equity Fund,[tom],[tom],"2020,2021,2022,2023,2024,2025,2026",
Luxembourg (LU),LU2051469547,JPM Emerging Markets Sustainable Equity C (dist) - EUR,[tom],[tom],JPMorgan Funds - Emerging Markets Sustainable Equity Fund,[tom],[tom],"2020,2021,2022,2023,2024,2025,2026",
Luxembourg (LU),LU2051469620,JPM Emerging Markets Sustainable Equity I (acc) - EUR,[tom],[tom],JPMorgan Funds - Emerging Markets Sustainable Equity Fund,[tom],[tom],"2020,2021,2022,2023,2024,2025,2026",
Luxembourg (LU),LU2051469893,JPM Emerging Markets Sustainable Equity I (dist) - EUR,[tom],[tom],JPMorgan Funds - Emerging Markets Sustainable Equity Fund,[tom],[tom],"2020,2021,2022,2023,2024,2025,2026",
Luxembourg (LU),LU2051469976,JPM Emerging Markets Sustainable Equity S2 (acc) - EUR,[tom],[tom],JPMorgan Funds - Emerging Markets Sustainable Equity Fund,[tom],[tom],"2020,2021,2022,2023","2024,2025,2026"
Luxembourg (LU),LU2051470040,JPM Emerging Markets Sustainable Equity S2 (dist) - EUR,[tom],[tom],JPMorgan Funds - Emerging Markets Sustainable Equity Fund,[tom],[tom],"2020,2021,2022,2023","2024,2025,2026"
Luxembourg (LU),LU2055175025,Lyxor MSCI USA Climate Change UCITS ETF - Acc,549300XCGQROVUWQZ809,2006.45.00253,Multi Units Luxembourg,[tom],[tom],"2021,2022,2023,2024","2020,2025,2026"
Luxembourg (LU),LU2056738144,Lyxor MSCI EM Climate Change UCITS ETF - Acc,549300D9U4AYZLXEWE03,2006.45.00253,Multi Units Luxembourg,[tom],[tom],"2021,2022,2023","2020,2024,2025,2026"
Luxembourg (LU),LU2056738490,Lyxor MSCI Europe Climate Change (DR) UCITS ETF - Acc,5493005U8VB8WI2D3X04,2006.45.00253,Multi Units Luxembourg,[tom],[tom],"2021,2022,2023,2024,2025,2026",2020
Luxembourg (LU),LU2056739464,Lyxor MSCI World Climate Change (DR) UCITS ETF - Acc,549300FOPNBBN5MMKM82,2006.45.00253,Multi Units Luxembourg,[tom],[tom],"2021,2022,2023,2024","2020,2025,2026"
Luxembourg (LU),LU2057980059,Nordea 1 - Global Listed Infrastructure Fund - BP - SEK,5493004U7E2YIFAGEE77,1989 45 00 886,Nordea 1 - Global Listed Infrastructure Fund,[tom],[tom],"2020,2021,2022,2023,2024,2025,2026",
Luxembourg (LU),LU2057980489,Nordea 1 - Global Listed Infrastructure Fund - BP - NOK,5493004U7E2YIFAGEE77,1989 45 00 886,Nordea 1 - Global Listed Infrastructure Fund,[tom],[tom],"2020,2021,2022,2023,2024,2025,2026",
Luxembourg (LU),LU2066569562,Nordea 2 - Global Sustainable Enhanced Equity Fund - Y - EUR,549300W1JV4Z4T54GM32,2016 45 00 889,Nordea 2 - Global Sustainable Enhanced Equity Fund,[tom],[tom],"2021,2022,2023,2024,2025,2026",2020
Luxembourg (LU),LU2066569646,Nordea 1 - Global Stars Equity Fund - Y - EUR,5493003YXBZ7881E6K64,1989 45 00 886,Nordea 1 - Global Stars Equity Fund,[tom],[tom],"2021,2022,2023,2024,2025,2026",2020
Luxembourg (LU),LU2080584019,RCGF - Robeco Sustainable Global Stars Equities IL USD,[tom],19974500291,Robeco Capital Growth Funds,[tom],[tom],"2021,2022,2023,2024,2025,2026",2020
Luxembourg (LU),LU2081627130,Global Listed Infrastructure Fund - AP - EUR,5493004U7E2YIFAGEE77,[tom],"Nordea 1, SICAV Global Listed Infrastructure Fund",[tom],[tom],"2021,2022,2023,2024,2025,2026",2020
Luxembourg (LU),LU2081627213,Global Listed Infrastructure Fund - MP - EUR,5493004U7E2YIFAGEE77,[tom],"Nordea 1, SICAV Global Listed Infrastructure Fund",[tom],[tom],"2021,2022,2023,2024,2025,2026",2020
Luxembourg (LU),LU2088761551,Emerging Wealth Equity Fund - X - NOK,549300OWHGQ6OST4Q544,1989 45 00 886,Nordea 1 - Emerging Wealth Equity Fund,[tom],[tom],2021.2022,"2020,2023,2024,2025,2026"
Luxembourg (LU),LU2089238039,AMUNDI PRIME EUROPE,213800F6FCJR28V71D96,[tom],Amundi Index Solution,[tom],[tom],"2021,2022,2023,2024,2025,2026",2020
Luxembourg (LU),LU2089238112,AMUNDI PRIME EUROZONE,213800PQDGK46VGAJF87,[tom],Amundi Index Solution,[tom],[tom],"2021,2022,2023,2024,2025,2026",2020
Luxembourg (LU),LU2089238203,AMUNDI PRIME GLOBAL,213800RGGVH2H5EFRW85,[tom],Amundi Index Solution,[tom],[tom],"2021,2022,2023,2024,2025,2026",2020
Luxembourg (LU),LU2089238385,AMUNDI PRIME JAPAN,213800BMXDH5SYBIX369,[tom],Amundi Index Solution,[tom],[tom],"2021,2022,2023,2024,2025,2026",2020
Luxembourg (LU),LU2089238468,AMUNDI PRIME USA,213800PURSDXAV5D5N81,[tom],Amundi Index Solution,[tom],[tom],"2021,2022,2023,2024","2020,2025,2026"
Luxembourg (LU),LU2091609276,Jupiter Pan European Smaller Companies Class L EUR Acc,[tom],20054500751,The Jupiter Global Fund,[tom],[tom],2021.2022,"2020,2023,2024,2025,2026"
Luxembourg (LU),LU2091609433,Jupiter Pan European Smaller Companies Class D EUR Acc,[tom],20054500751,The Jupiter Global Fund,[tom],[tom],2021.2022,"2020,2023,2024,2025,2026"
Luxembourg (LU),LU2091609516,Jupiter Pan European Smaller Companies Class I EUR Acc,[tom],20054500751,The Jupiter Global Fund,[tom],[tom],2021.2022,"2020,2023,2024,2025,2026"
Luxembourg (LU),LU2091609607,Jupiter Pan European Smaller Companies Class F EUR Acc,[tom],20054500751,The Jupiter Global Fund,[tom],[tom],2021.2022,"2020,2023,2024,2025,2026"
Luxembourg (LU),LU2091609789,Jupiter Pan European Smaller Companies Class L USD Acc HSC,[tom],20054500751,The Jupiter Global Fund,[tom],[tom],2021.2022,"2020,2023,2024,2025,2026"
Luxembourg (LU),LU2091610282,Jupiter Pan European Smaller Companies Class D GBP Acc HSC,[tom],20054500751,The Jupiter Global Fund,[tom],[tom],2021.2022,"2020,2023,2024,2025,2026"
Luxembourg (LU),LU2091610522,TJGF - Jupiter Pan European Smaller Companies Class A USD Acc HSC,[tom],[tom],The Jupiter Global Fund,[tom],[tom],2021.2022,"2020,2023,2024,2025,2026"
Luxembourg (LU),LU2091610795,Jupiter Pan European Smaller Companies Class C USD Acc HSC,[tom],20054500751,The Jupiter Global Fund,[tom],[tom],2021.2022,"2020,2023,2024,2025,2026"
Luxembourg (LU),LU2091610878,Jupiter Pan European Smaller Companies Class N USD Acc HSC,[tom],20054500751,The Jupiter Global Fund,[tom],[tom],2021.2022,"2020,2023,2024,2025,2026"
Luxembourg (LU),LU2092755979,JPMF - Emerging Markets Sustainable Equity Fund - D (acc) - EUR,[tom],1969 45 00016,JPMorgan Funds,[tom],[tom],"2021,2022,2023,2024,2025,2026",2020
Luxembourg (LU),LU2092759617,JPMF - Emerging Markets Sustainable Equity Fund - X (acc) - USD,[tom],1969 45 00016,JPMorgan Funds,[tom],[tom],"2021,2022,2023,2024,2025,2026",2020
Luxembourg (LU),LU2092920920,JPMF - US Smaller Companies Fund - C2 (dist) - USD,[tom],1969 45 00016,JPMorgan Funds,[tom],[tom],"2021,2022,2023,2024,2025,2026",2020
Luxembourg (LU),LU2094610214,JPMF - Europe Sustainable Equity Fund - I2 (acc) - EUR,[tom],1969 45 00016,JPMorgan Funds,[tom],[tom],"2021,2022,2023,2024,2025,2026",2020
Luxembourg (LU),LU2096272138,Nordea 1 - Global Climate and Environment Fund - BI - DKK,549300JJG1N66HM3TH21,1989 45 00 886,Nordea 1 - Global Climate and Environment Fund,[tom],[tom],"2021,2022,2023,2024,2025,2026",2020
Luxembourg (LU),LU2100416564,RCGF - Robeco Sustainable Global Stars Equities DL USD,[tom],19974500291,Robeco Capital Growth Funds,[tom],[tom],"2021,2022,2023,2024,2025,2026",2020
Luxembourg (LU),LU2100416648,RCGF - Robeco QI Emerging Conservative Equities Z CAD,[tom],19974500291,Robeco Capital Growth Funds,[tom],[tom],"2021,2022,2023,2024,2025,2026",2020
Luxembourg (LU),LU2107616596,JPMF - Emerging Markets Equity Fund - I2 (dist) - EUR,[tom],1969 45 00016,JPMorgan Funds,[tom],[tom],"2021,2022,2023,2024,2025,2026",2020
Luxembourg (LU),LU2109786587,AMUNDI MSCI WORLD ESG UNIVERSAL SELECT,2138002DTNQGWIYKRV03,[tom],Amundi Index Solution,[tom],[tom],"2021,2022,2023,2024,2025",2020.2026
Luxembourg (LU),LU2109786660,AMUNDI MSCI USA ESG UNIVERSAL SELECT,213800XY19W8I3CI2K64,[tom],Amundi Index Solution,[tom],[tom],"2021,2022,2023,2024,2025",2020.2026
Luxembourg (LU),LU2109786744,AMUNDI MSCI EUROPE ESG UNIVERSAL SELECT,213800RNWZ7POOYTHT64,[tom],Amundi Index Solution,[tom],[tom],"2021,2022,2023,2024,2025",2020.2026
Luxembourg (LU),LU2109786827,AMUNDI MSCI EMU ESG UNIVERSAL SELECT,2138005S5JAYPLESDA45,[tom],Amundi Index Solution,[tom],[tom],"2021,2022,2023,2024,2025",2020.2026
Luxembourg (LU),LU2109787049,AMUNDI MSCI EMERGING ESG UNIVERSAL SELECT,213800T33RUUA8EO4L57,[tom],Amundi Index Solution,[tom],[tom],"2021,2022,2023,2024,2025,2026",2020
Luxembourg (LU),LU2109787122,AMUNDI MSCI WORLD ESG LEADERS SELECT,213800PRSOJ2FG7X8887,[tom],Amundi Index Solution,[tom],[tom],"2021,2022,2023","2020,2024,2025,2026"
Luxembourg (LU),LU2109787395,AMUNDI MSCI USA ESG LEADERS SELECT,2138003G3CHCAIBE6B94,[tom],Amundi Index Solution,[tom],[tom],"2021,2022,2023","2020,2024,2025,2026"
Luxembourg (LU),LU2109787478,AMUNDI  MSCI EUROPE ESG LEADERS SELECT,213800F8YTMWBXNF3B48,[tom],Amundi Index Solution,[tom],[tom],"2021,2022,2023","2020,2024,2025,2026"
Luxembourg (LU),LU2109787551,AMUNDI MSCI EMERGING ESG LEADERS,213800CMYD4SG29DTC94,[tom],Amundi Index Solution,[tom],[tom],"2021,2022,2023,2024,2025,2026",2020
Luxembourg (LU),LU2109787635,AMUNDI INDEX MSCI EMU SRI,2138002M8UPUVNSJT429,[tom],Amundi Index Solution,[tom],[tom],"2021,2022,2023,2024,2025,2026",2020
Luxembourg (LU),LU2118207567,Global Real Estate Fund - AP - USD,549300E0SPFUFDUAIG67,[tom],"Nordea 1, SICAV Global Real Estate Fund",[tom],[tom],"2021,2022,2023,2024,2025,2026",2020
Luxembourg (LU),LU2119741176,JPMF - Emerging Markets Small Cap Fund - X (acc) - USD,[tom],1969 45 00016,JPMorgan Funds,[tom],[tom],"2021,2022,2023,2024,2025,2026",2020
Luxembourg (LU),LU2122924942,Nordea 1 - Global Climate and Environment Fund - X - EUR,549300JJG1N66HM3TH21,1989 45 00 886,Nordea 1 - Global Climate and Environment Fund,[tom],[tom],"2021,2022,2023,2024","2020,2025,2026"
Luxembourg (LU),LU2123113164,Emerging Stars Equity Fund - X - EUR,549300UFJRQ77N3UYE48,[tom],"Nordea 1, SICAV Emerging Stars Equity Fund",[tom],[tom],2021,"2020,2022,2023,2024,2025,2026"
Luxembourg (LU),LU2123292661,Emerging Stars Equity Fund - BI - DKK,549300UFJRQ77N3UYE48,[tom],"Nordea 1, SICAV Emerging Stars Equity Fund",[tom],[tom],"2021,2022,2023,2024,2025,2026",2020
Luxembourg (LU),LU2130768844,AMUNDI INDEX MSCI EUROPE CLIMATE CHANGE,2221005CN7A7XZRQ4W36,[tom],Amundi Index Solution,[tom],[tom],"2021,2022,2023,2024,2025,2026",2020
Luxembourg (LU),LU2133056387,Lyxor Core MSCI Japan (DR) UCITS ETF - Daily Hedged to EUR - Dist,549300BWD7VLI7YELG10,2006.45.00253,Multi Units Luxembourg,[tom],[tom],"2021,2022,2023,2024,2025,2026",2020
Luxembourg (LU),LU2145461674,RCGF - RobecoSAM Smart Energy Equities D CHF,[tom],19974500291,Robeco Capital Growth Funds,[tom],[tom],"2021,2022,2023,2024,2025,2026",2020
Luxembourg (LU),LU2145461757,RCGF - RobecoSAM Smart Energy Equities D EUR,[tom],19974500291,Robeco Capital Growth Funds,[tom],[tom],"2021,2022,2023,2024,2025,2026",2020
Luxembourg (LU),LU2145461914,RCGF - RobecoSAM Smart Energy Equities D USD,[tom],19974500291,Robeco Capital Growth Funds,[tom],[tom],"2021,2022,2023,2024,2025,2026",2020
Luxembourg (LU),LU2145462052,RCGF - RobecoSAM Smart Energy Equities E EUR,[tom],19974500291,Robeco Capital Growth Funds,[tom],[tom],"2021,2022,2023,2024,2025,2026",2020
Luxembourg (LU),LU2145462219,RCGF - RobecoSAM Smart Energy Equities F CHF,[tom],19974500291,Robeco Capital Growth Funds,[tom],[tom],"2021,2022,2023,2024,2025,2026",2020
Luxembourg (LU),LU2145462300,RCGF - RobecoSAM Smart Energy Equities F EUR,[tom],19974500291,Robeco Capital Growth Funds,[tom],[tom],"2021,2022,2023,2024,2025,2026",2020
Luxembourg (LU),LU2145462482,RCGF - RobecoSAM Smart Energy Equities F USD,[tom],19974500291,Robeco Capital Growth Funds,[tom],[tom],"2021,2022,2023,2024,2025,2026",2020
Luxembourg (LU),LU2145462565,RCGF - RobecoSAM Smart Energy Equities G GBP,[tom],19974500291,Robeco Capital Growth Funds,[tom],[tom],"2021,2022,2023,2024,2025,2026",2020
Luxembourg (LU),LU2145462649,RCGF - RobecoSAM Smart Energy Equities I CHF,[tom],19974500291,Robeco Capital Growth Funds,[tom],[tom],"2021,2022,2023,2024,2025,2026",2020
Luxembourg (LU),LU2145462722,RCGF - RobecoSAM Smart Energy Equities I EUR,[tom],19974500291,Robeco Capital Growth Funds,[tom],[tom],"2021,2022,2023,2024,2025,2026",2020
Luxembourg (LU),LU2145462995,RCGF - RobecoSAM Smart Energy Equities I GBP,[tom],19974500291,Robeco Capital Growth Funds,[tom],[tom],"2021,2022,2023,2024,2025,2026",2020
Luxembourg (LU),LU2145463027,RCGF - RobecoSAM Smart Energy Equities I USD,[tom],19974500291,Robeco Capital Growth Funds,[tom],[tom],"2021,2022,2023,2024,2025,2026",2020
Luxembourg (LU),LU2145463373,RCGF - RobecoSAM Smart Energy Equities M2 EUR,[tom],19974500291,Robeco Capital Growth Funds,[tom],[tom],"2021,2022,2023,2024,2025,2026",2020
Luxembourg (LU),LU2146190751,RobecoSAM Sustainable Water Equities D CHF,[tom],19974500291,Robeco Capital Growth Funds,[tom],[tom],"2021,2022,2023,2024,2025,2026",2020
Luxembourg (LU),LU2146190835,RobecoSAM Sustainable Water Equities D EUR,[tom],19974500291,Robeco Capital Growth Funds,[tom],[tom],"2021,2022,2023,2024,2025,2026",2020
Luxembourg (LU),LU2146191130,RobecoSAM Sustainable Water Equities D USD,[tom],19974500291,Robeco Capital Growth Funds,[tom],[tom],"2021,2022,2023,2024,2025,2026",2020
Luxembourg (LU),LU2146191213,RobecoSAM Sustainable Water Equities E EUR,[tom],19974500291,Robeco Capital Growth Funds,[tom],[tom],"2021,2022,2023,2024,2025,2026",2020
Luxembourg (LU),LU2146191486,RobecoSAM Sustainable Water Equities F CHF,[tom],19974500291,Robeco Capital Growth Funds,[tom],[tom],"2021,2022,2023,2024,2025,2026",2020
Luxembourg (LU),LU2146191569,RobecoSAM Sustainable Water Equities F EUR,[tom],19974500291,Robeco Capital Growth Funds,[tom],[tom],"2021,2022,2023,2024,2025,2026",2020
Luxembourg (LU),LU2146191643,RobecoSAM Sustainable Water Equities F USD,[tom],19974500291,Robeco Capital Growth Funds,[tom],[tom],"2021,2022,2023,2024,2025,2026",2020
Luxembourg (LU),LU2146191726,RobecoSAM Sustainable Water Equities G EUR,[tom],19974500291,Robeco Capital Growth Funds,[tom],[tom],"2021,2022,2023,2024,2025,2026",2020
Luxembourg (LU),LU2146191999,RobecoSAM Sustainable Water Equities G GBP,[tom],19974500291,Robeco Capital Growth Funds,[tom],[tom],"2021,2022,2023,2024,2025,2026",2020
Luxembourg (LU),LU2146192021,RobecoSAM Sustainable Water Equities I CHF,[tom],19974500291,Robeco Capital Growth Funds,[tom],[tom],"2021,2022,2023,2024,2025,2026",2020
Luxembourg (LU),LU2146192377,RobecoSAM Sustainable Water Equities I EUR,[tom],19974500291,Robeco Capital Growth Funds,[tom],[tom],"2021,2022,2023,2024,2025,2026",2020
Luxembourg (LU),LU2146192450,RobecoSAM Sustainable Water Equities I GBP,[tom],19974500291,Robeco Capital Growth Funds,[tom],[tom],"2021,2022,2023,2024,2025,2026",2020
Luxembourg (LU),LU2146192534,RobecoSAM Sustainable Water Equities I USD,[tom],19974500291,Robeco Capital Growth Funds,[tom],[tom],"2021,2022,2023,2024,2025,2026",2020
Luxembourg (LU),LU2146192617,RobecoSAM Sustainable Water Equities M2 EUR,[tom],19974500291,Robeco Capital Growth Funds,[tom],[tom],"2021,2022,2023,2024,2025,2026",2020
Luxembourg (LU),LU2146192880,RobecoSAM Sustainable Water Equities Z EUR,[tom],19974500291,Robeco Capital Growth Funds,[tom],[tom],"2021,2022,2023,2024,2025,2026",2020
Luxembourg (LU),LU2162004381,DWS Invest ESG Next Generation Infrastructure,254900DJJZ72SAHA1E19,86435,DWS Invest,[tom],[tom],"2021,2022,2023,2024,2025,2026",2020
Luxembourg (LU),LU2162004464,DWS Invest ESG Next Generation Infrastructure,254900DJJZ72SAHA1E19,86435,DWS Invest,[tom],[tom],"2021,2022,2023,2024,2025,2026",2020
Luxembourg (LU),LU2162004548,DWS Invest ESG Next Generation Infrastructure,254900DJJZ72SAHA1E19,86435,DWS Invest,[tom],[tom],"2021,2022,2023,2024,2025,2026",2020
Luxembourg (LU),LU2162004621,DWS Invest ESG Next Generation Infrastructure,254900DJJZ72SAHA1E19,86435,DWS Invest,[tom],[tom],"2021,2022,2023,2024,2025,2026",2020
Luxembourg (LU),LU2162004894,DWS Invest ESG Next Generation Infrastructure,254900DJJZ72SAHA1E19,86435,DWS Invest,[tom],[tom],"2021,2022,2023,2024,2025,2026",2020
Luxembourg (LU),LU2162004977,DWS Invest ESG Next Generation Infrastructure,254900DJJZ72SAHA1E19,86435,DWS Invest,[tom],[tom],"2021,2022,2023,2024,2025,2026",2020
Luxembourg (LU),LU2162005198,DWS Invest ESG Next Generation Infrastructure,254900DJJZ72SAHA1E19,86435,DWS Invest,[tom],[tom],"2021,2022,2023,2024,2025,2026",2020
Luxembourg (LU),LU2162005271,DWS Invest ESG Next Generation Infrastructure,254900DJJZ72SAHA1E19,86435,DWS Invest,[tom],[tom],"2021,2022,2023,2024,2025,2026",2020
Luxembourg (LU),LU2162005354,DWS Invest ESG Next Generation Infrastructure,254900DJJZ72SAHA1E19,86435,DWS Invest,[tom],[tom],"2021,2022,2023,2024,2025,2026",2020
Luxembourg (LU),LU2162005438,DWS Invest ESG Next Generation Infrastructure,254900DJJZ72SAHA1E19,86435,DWS Invest,[tom],[tom],"2021,2022,2023,2024,2025,2026",2020
Luxembourg (LU),LU2174499447,JPMIF - Global Select Equity Fund - I2 (acc) - EUR,[tom],1994 45 00998,JPMorgan investment funds,[tom],[tom],"2021,2022,2023,2024,2025,2026",2020
Luxembourg (LU),LU2174789870,RCGF - Robeco Global Consumer Trends FH CHF,[tom],19974500291,Robeco Capital Growth Funds,[tom],[tom],"2021,2022,2023,2024,2025,2026",2020
Luxembourg (LU),LU2178831991,JPMIF - Europe Select Equity Fund - A (acc) - USD (hedged),[tom],1994 45 00998,JPMorgan investment funds,[tom],[tom],"2021,2022,2023,2024,2025,2026",2020
Luxembourg (LU),LU2178858093,DWS Invest Qi Global Equity,254900DB28E4TYR5ZI32,86435,DWS Invest,[tom],[tom],"2021,2022,2023,2024,2025,2026",2020
Luxembourg (LU),LU2178858176,DWS Invest Qi Global Equity,254900DB28E4TYR5ZI32,86435,DWS Invest,[tom],[tom],"2021,2022,2023,2024,2025,2026",2020
Luxembourg (LU),LU2178858259,DWS Invest Qi Global Equity,254900DB28E4TYR5ZI32,86435,DWS Invest,[tom],[tom],"2021,2022,2023,2024,2025,2026",2020
Luxembourg (LU),LU2178858333,DWS Invest Qi Global Equity,254900DB28E4TYR5ZI32,86435,DWS Invest,[tom],[tom],"2021,2022,2023,2024,2025,2026",2020
Luxembourg (LU),LU2180699329,North American Stars Equity Fund - X - USD,5493000U6GOWJF5BJ788,[tom],"Nordea 1, SICAV North American Stars Equity Fund",[tom],[tom],2021.2022,"2020,2023,2024,2025,2026"
Luxembourg (LU),LU2181264990,European Stars Equity Fund - X - EUR,54930081LEEGLNYZEC05,[tom],"Nordea 1, SICAV European Stars Equity Fund",[tom],[tom],2021.2022,"2020,2023,2024,2025,2026"
Luxembourg (LU),LU2182388319,AMUNDI MSCI EUROPE CLIMATE PARIS ALIGNED PAB,213800S12GFSBFT69J81,[tom],Amundi Index Solution,[tom],[tom],"2021,2022,2023,2024,2025,2026",2020
Luxembourg (LU),LU2182388400,AMUNDI MSCI WORLD CLIMATE PARIS ALIGNED PAB,213800MMM38NXMDMHQ95,[tom],Amundi Index Solution,[tom],[tom],"2021,2022,2023,2024","2020,2025,2026"
Luxembourg (LU),LU2182388582,AMUNDI EURO ISTOXX CLIMATE PARIS ALIGNED PAB,2138007S1QFFN8UYKB61,[tom],Amundi Index Solution,[tom],[tom],"2021,2022,2023,2024,2025,2026",2020
Luxembourg (LU),LU2184876295,JPMF - Emerging Markets Sustainable Equity Fund - I2 (acc) - EUR,[tom],1969 45 00016,JPMorgan Funds,[tom],[tom],"2021,2022,2023,2024,2025,2026",2020
Luxembourg (LU),LU2189378537,JPMF - Emerging Markets Equity Fund - C2 (acc) - EUR,[tom],1969 45 00016,JPMorgan Funds,[tom],[tom],"2021,2022,2023,2024,2025,2026",2020
Luxembourg (LU),LU2194301599,European Stars Equity Fund - AP - SEK,54930081LEEGLNYZEC05,[tom],"Nordea 1, SICAV European Stars Equity Fund",[tom],[tom],"2021,2022,2023,2024,2025,2026",2020
Luxembourg (LU),LU2194301672,European Stars Equity Fund - AC - EUR,54930081LEEGLNYZEC05,[tom],"Nordea 1, SICAV European Stars Equity Fund",[tom],[tom],"2021,2022,2023,2024,2025,2026",2020
Luxembourg (LU),LU2194301755,European Stars Equity Fund - HBI - CHF,54930081LEEGLNYZEC05,[tom],"Nordea 1, SICAV European Stars Equity Fund",[tom],[tom],"2021,2022,2023,2024,2025,2026",2020
Luxembourg (LU),LU2194942111,Global Enhanced Equity Fund - BF - EUR,5493005RFEPPIBGGFX39,[tom],"Nordea 2, SICAV Global Enhanced Equity Fund",[tom],[tom],"2021,2022,2023,2024,2025,2026",2020
Luxembourg (LU),LU2194942202,Global Enhanced Equity Fund - BF - SEK,5493005RFEPPIBGGFX39,[tom],"Nordea 2, SICAV Global Enhanced Equity Fund",[tom],[tom],"2021,2022,2023,2024,2025,2026",2020
Luxembourg (LU),LU2194943192,Global Enhanced Small Cap Fund - BF - EUR,549300GVTL00XKK6XZ21,[tom],"Nordea 2, SICAV Global Enhanced Small Cap Fund",[tom],[tom],"2021,2022,2023,2024,2025,2026",2020
Luxembourg (LU),LU2194943945,Japanese Enhanced Equity Fund - BF - EUR,549300SGPKI5DLJ77I30,[tom],"Nordea 2, SICAV Japanese Enhanced Equity Fund",[tom],[tom],"2021,2022,2023,2024,2025,2026",2020
Luxembourg (LU),LU2194944083,Emerging Markets Enhanced Equity Fund - BF - EUR,549300UUUBHFIQXKYM48,[tom],"Nordea 2, SICAV Emerging Markets Enhanced Equity Fund",[tom],[tom],"2021,2022,2023,2024,2025,2026",2020
Luxembourg (LU),LU2194944166,Emerging Markets Enhanced Equity Fund - BF - SEK,549300UUUBHFIQXKYM48,[tom],"Nordea 2, SICAV Emerging Markets Enhanced Equity Fund",[tom],[tom],"2021,2022,2023,2024,2025,2026",2020
Luxembourg (LU),LU2194944240,Nordea 2 - Global Sustainable Enhanced Equity Fund - BF - EUR,549300W1JV4Z4T54GM32,2016 45 00 889,Nordea 2 - Global Sustainable Enhanced Equity Fund,[tom],[tom],"2021,2022,2023,2024,2025,2026",2020
Luxembourg (LU),LU2194944323,European Enhanced Equity Fund - BF - EUR,549300ZSC5HTQ0V6KO22,[tom],"Nordea 2, SICAV European Enhanced Equity Fund",[tom],[tom],"2021,2022,2023,2024,2025,2026",2020
Luxembourg (LU),LU2194945304,Global Enhanced Equity Fund - BF - NOK,5493005RFEPPIBGGFX39,[tom],"Nordea 2, SICAV Global Enhanced Equity Fund",[tom],[tom],"2021,2022,2023,2024,2025,2026",2020
Luxembourg (LU),LU2194945643,Global Enhanced Small Cap Fund - BF - NOK,549300GVTL00XKK6XZ21,[tom],"Nordea 2, SICAV Global Enhanced Small Cap Fund",[tom],[tom],"2021,2022,2023,2024,2025,2026",2020
Luxembourg (LU),LU2194946021,Emerging Markets Enhanced Equity Fund - BF - NOK,549300UUUBHFIQXKYM48,[tom],"Nordea 2, SICAV Emerging Markets Enhanced Equity Fund",[tom],[tom],"2021,2022,2023,2024,2025,2026",2020
Luxembourg (LU),LU2195101873,Nordea 1 - Global Stars Equity Fund - BF - EUR,5493003YXBZ7881E6K64,1989 45 00 886,Nordea 1 - Global Stars Equity Fund,[tom],[tom],"2021,2022,2023,2024,2025,2026",2020
Luxembourg (LU),LU2195101956,Nordea 1 - Global Stars Equity Fund - BF - SEK,5493003YXBZ7881E6K64,1989 45 00 886,Nordea 1 - Global Stars Equity Fund,[tom],[tom],"2021,2022,2023,2024,2025,2026",2020
Luxembourg (LU),LU2195102848,Emerging Stars Equity Fund - BF - EUR,549300UFJRQ77N3UYE48,[tom],"Nordea 1, SICAV Emerging Stars Equity Fund",[tom],[tom],"2021,2022,2023,2024,2025,2026",2020
Luxembourg (LU),LU2195226068,Lyxor S&P Eurozone Paris-Aligned Climate (EU PAB) (DR) UCITS ETF - Acc,549300S2QFMA0J61VE20,2006.45.00253,Multi Units Luxembourg,[tom],[tom],"2021,2022,2023,2024,2025,2026",2020
Luxembourg (LU),LU2198882362,Lyxor S&P Global Developed Paris-Aligned Climate (EU PAB) (DR) UCITS ETF - Acc,549300NMQMC1S9MLYP26,2006.45.00253,Multi Units Luxembourg,[tom],[tom],"2021,2022,2023,2024","2020,2025,2026"
Luxembourg (LU),LU2198883410,Lyxor S&P 500 Paris-Aligned Climate (EU PAB) (DR) UCITS ETF - Acc,549300WRYXK65DHCAU26,2006.45.00253,Multi Units Luxembourg,[tom],[tom],"2021,2022,2023,2024","2020,2025,2026"
Luxembourg (LU),LU2198884491,Lyxor S&P Europe Paris-Aligned Climate (EU PAB) (DR) UCITS ETF - Acc,549300ZEQXL0Z5VWDJ60,2006.45.00253,Multi Units Luxembourg,[tom],[tom],"2021,2022,2023,2024","2020,2025,2026"
Luxembourg (LU),LU2199721130,JPMF - Asia Growth Fund I (acc) - EUR,[tom],1969 45 00016,JPMorgan Funds,[tom],[tom],"2021,2022,2023,2024,2025,2026",2020
Luxembourg (LU),LU2207421640,RCGF - Robeco QI Emerging Conservative Equities Z USD,[tom],19974500291,Robeco Capital Growth Funds,[tom],[tom],"2021,2022,2023,2024,2025,2026",2020
Luxembourg (LU),LU2207421723,RCGF - Robeco Sustainable Global Stars Equities IL GBP,[tom],19974500291,Robeco Capital Growth Funds,[tom],[tom],"2021,2022,2023,2024,2025,2026",2020
Luxembourg (LU),LU2207528956,North American Stars Equity Fund - X - NOK,5493000U6GOWJF5BJ788,[tom],"Nordea 1, SICAV North American Stars Equity Fund",[tom],[tom],"2021,2022,2023,2024,2025,2026",2020
Luxembourg (LU),LU2207565990,North American Stars Equity Fund - BF - EUR,5493000U6GOWJF5BJ788,[tom],"Nordea 1, SICAV North American Stars Equity Fund",[tom],[tom],"2021,2022,2023,2024,2025,2026",2020
Luxembourg (LU),LU2207566022,Global Listed Infrastructure Fund - BF - EUR,5493004U7E2YIFAGEE77,[tom],"Nordea 1, SICAV Global Listed Infrastructure Fund",[tom],[tom],"2021,2022,2023,2024,2025,2026",2020
Luxembourg (LU),LU2207566378,Global Opportunity Fund - BF - EUR,5493007ZLSPI26CQLO03,[tom],"Nordea 1, SICAV Global Opportunity Fund",[tom],[tom],"2021,2022,2023,2024,2025,2026",2020
Luxembourg (LU),LU2207566451,European Stars Equity Fund - BF - EUR,54930081LEEGLNYZEC05,[tom],"Nordea 1, SICAV European Stars Equity Fund",[tom],[tom],"2021,2022,2023,2024,2025,2026",2020
Luxembourg (LU),LU2207566881,Global Gender Diversity Fund - BF - EUR,549300CYWEG7M5HTOM84,[tom],"Nordea 1, SICAV Global Gender Diversity Fund",[tom],[tom],"2021,2022,2023,2024,2025,2026",2020
Luxembourg (LU),LU2207566964,Global Real Estate Fund - BF - EUR,549300E0SPFUFDUAIG67,[tom],"Nordea 1, SICAV Global Real Estate Fund",[tom],[tom],"2021,2022,2023,2024,2025,2026",2020
Luxembourg (LU),LU2207567186,North American Small Cap Fund - BF - EUR,549300I0O3KGVSZRC713,[tom],"Nordea 1, SICAV North American Small Cap Fund",[tom],[tom],2021.2022,"2020,2023,2024,2025,2026"
Luxembourg (LU),LU2207567426,Global Disruption Fund - BF - EUR,549300QBQ3523WUDHH63,[tom],"Nordea 1, SICAV Global Disruption Fund",[tom],[tom],"2021,2022,2023,2024,2025,2026",2020
Luxembourg (LU),LU2207567699,Latin American Equity Fund - BF - EUR,549300QT5RZRZB2WNH22,[tom],"Nordea 1, SICAV Latin American Equity Fund",[tom],[tom],"2021,2022,2023,2024,2025,2026",2020
Luxembourg (LU),LU2207567772,Emerging Markets Small Cap Fund - BF - EUR,549300RWUXSDLLHMNX62,[tom],"Nordea 1, SICAV Emerging Markets Small Cap Fund",[tom],[tom],2021,"2020,2022,2023,2024,2025,2026"
Luxembourg (LU),LU2207568077,Stable Emerging Markets Equity Fund - BF - EUR,549300WZ0EJW0K2LBI46,[tom],"Nordea 1, SICAV Stable Emerging Markets Equity Fund",[tom],[tom],"2021,2022,2023,2024,2025,2026",2020
Luxembourg (LU),LU2211765701,Global Gender Diversity Fund - BI - GBP,549300CYWEG7M5HTOM84,[tom],"Nordea 1, SICAV Global Gender Diversity Fund",[tom],[tom],"2021,2022,2023,2024,2025,2026",2020
Luxembourg (LU),LU2211766261,Global Gender Diversity Fund - BC - GBP,549300CYWEG7M5HTOM84,[tom],"Nordea 1, SICAV Global Gender Diversity Fund",[tom],[tom],"2021,2022,2023,2024,2025,2026",2020
Luxembourg (LU),LU2213658870,Global Technology Equity Fund,549300OHLAV8MCXB2D69,[tom],T. ROWE PRICE FUNDS SICAV,[tom],[tom],"2021,2022,2023,2024,2025,2026",2020
Luxembourg (LU),LU2216803911,RCGF - Robeco FinTech X GBP,[tom],19974500291,Robeco Capital Growth Funds,[tom],[tom],"2021,2022,2023","2020,2024,2025,2026"
Luxembourg (LU),LU2216804059,RCGF - Robeco FinTech XH CHF,[tom],19974500291,Robeco Capital Growth Funds,[tom],[tom],"2021,2022,2023","2020,2024,2025,2026"
Luxembourg (LU),LU2216804133,RCGF - Robeco FinTech X USD,[tom],19974500291,Robeco Capital Growth Funds,[tom],[tom],"2021,2022,2023","2020,2024,2025,2026"
Luxembourg (LU),LU2216804216,RCGF - Robeco FinTech X EUR,[tom],19974500291,Robeco Capital Growth Funds,[tom],[tom],"2021,2022,2023","2020,2024,2025,2026"
Luxembourg (LU),LU2220531615,Global Gender Diversity Fund - X - NOK,549300CYWEG7M5HTOM84,[tom],"Nordea 1, SICAV Global Gender Diversity Fund",[tom],[tom],"2021,2022,2023,2024,2025,2026",2020
Luxembourg (LU),LU2228443557,Nordea 2 - Global Sustainable Enhanced Equity Fund - BF - NOK,549300W1JV4Z4T54GM32,2016 45 00 889,Nordea 2 - Global Sustainable Enhanced Equity Fund,[tom],[tom],"2021,2022,2023,2024,2025,2026",2020
Luxembourg (LU),LU2228897232,Nordea 1 - Global Stars Equity Fund - BF - NOK,5493003YXBZ7881E6K64,1989 45 00 886,Nordea 1 - Global Stars Equity Fund,[tom],[tom],"2021,2022,2023,2024,2025,2026",2020
Luxembourg (LU),LU2228897406,Global Listed Infrastructure Fund - BF - SEK,5493004U7E2YIFAGEE77,[tom],Nordea 1 - Global Listed Infrastructure Fund,[tom],[tom],"2021,2022,2023,2024,2025,2026",2020
Luxembourg (LU),LU2228897588,Global Opportunity Fund - HBF - NOK,5493007ZLSPI26CQLO03,[tom],Nordea 1 - Global Opportunity Fund,[tom],[tom],2021.2022,"2020,2023,2024,2025,2026"
Luxembourg (LU),LU2228897661,European Stars Equity Fund - BF - NOK,54930081LEEGLNYZEC05,[tom],Nordea 1 - European Stars Equity Fund,[tom],[tom],"2021,2022,2023,2024,2025,2026",2020
Luxembourg (LU),LU2228898040,Global Real Estate Fund - BF - SEK,549300E0SPFUFDUAIG67,[tom],Nordea 1 - Global Real Estate Fund,[tom],[tom],"2021,2022,2023,2024,2025,2026",2020
Luxembourg (LU),LU2228898396,Nordea 1 - Global Climate and Environment Fund - BF - EUR,549300JJG1N66HM3TH21,1989 45 00 886,Nordea 1 - Global Climate and Environment Fund,[tom],[tom],"2021,2022,2023,2024,2025,2026",2020
Luxembourg (LU),LU2228898479,Nordea 1 - Global Climate and Environment Fund - BF - SEK,549300JJG1N66HM3TH21,1989 45 00 886,Nordea 1 - Global Climate and Environment Fund,[tom],[tom],"2021,2022,2023,2024,2025,2026",2020
Luxembourg (LU),LU2228898552,Nordea 1 - Global Climate and Environment Fund - BF - NOK,549300JJG1N66HM3TH21,1989 45 00 886,Nordea 1 - Global Climate and Environment Fund,[tom],[tom],"2021,2022,2023,2024,2025,2026",2020
Luxembourg (LU),LU2228898719,Nordea 1 - Global Stable Equity Fund - BF - EUR,549300OYMIP4UL664L36,1989 45 00 886,Nordea 1 - Global Stable Equity Fund,[tom],[tom],"2021,2022,2023,2024,2025,2026",2020
Luxembourg (LU),LU2228898800,Global Disruption Fund - BF - NOK,549300QBQ3523WUDHH63,[tom],Nordea 1 - Global Disruption Fund,[tom],[tom],2021.2022,"2020,2023,2024,2025,2026"
Luxembourg (LU),LU2230262904,JPMF - Emerging Markets Sustainable Equity Fund - X (acc) - EUR,[tom],1969 45 00016,JPMorgan Funds,[tom],[tom],"2021,2022,2023,2024,2025,2026",2020
Luxembourg (LU),LU2230405271,Emerging Stars Equity Fund - JI - EUR,549300UFJRQ77N3UYE48,[tom],Nordea 1 - Emerging Stars Equity Fund,[tom],[tom],"2021,2022,2023,2024","2020,2025,2026"
Luxembourg (LU),LU2232152970,Nordea 1 - Global Stars Equity Fund - AF - SEK,5493003YXBZ7881E6K64,1989 45 00 886,Nordea 1 - Global Stars Equity Fund,[tom],[tom],"2021,2022,2023,2024,2025,2026",2020
Luxembourg (LU),LU2233200661,Nordea 1 - Global Climate and Environment Fund - JI - EUR,549300JJG1N66HM3TH21,1989 45 00 886,Nordea 1 - Global Climate and Environment Fund,[tom],[tom],"2021,2022,2023,2024,2025,2026",2020
Luxembourg (LU),LU2240511829,JPMF - Asia Growth Fund I2 (acc) - EUR,[tom],1969 45 00016,JPMorgan Funds,[tom],[tom],"2021,2022,2023,2024,2025,2026",2020
Luxembourg (LU),LU2338062693,Nordea 1 - Emerging Wealth Equity Fund - E - USD,549300OWHGQ6OST4Q544,1989 45 00 886,Nordea 1 - Emerging Wealth Equity Fund,[tom],[tom],"2021,2022,2023,2024,2025",2020.2026
Luxembourg (LU),Udstedt uden,[tom],[tom],[tom],EQT IX FC (USD) S.á.r.l.,[tom],[tom],2021.2022,"2020,2023,2024,2025,2026"
Norway (NO),NO0008000445,SKAGEN Vekst A,549300CX1YFIB4FN4C34,29934851,"SKAGEN, FILIAL AF SKAGEN AS, NORGE",[tom],[tom],2020.2021,"2022,2023,2024,2025,2026"
Norway (NO),NO0008004009,SKAGEN Global A,549300HIBNBORQYTAH24,29934851,"SKAGEN, FILIAL AF SKAGEN AS, NORGE",[tom],[tom],2020.2021,"2022,2023,2024,2025,2026"
Norway (NO),NO0010140502,SKAGEN Kon-Tiki A,549300OOERXXQ9XSSJ70,29934851,"SKAGEN, FILIAL AF SKAGEN AS, NORGE",[tom],[tom],2020.2021,"2022,2023,2024,2025,2026"
Norway (NO),NO0010735129,SKAGEN Focus A,549300X4NHEXBG52JU28,29934851,"SKAGEN, FILIAL AF SKAGEN AS, NORGE",[tom],[tom],2020.2021,"2022,2023,2024,2025,2026"
Norway (NO),NO0010735137,SKAGEN Focus B,549300X4NHEXBG52JU28,29934851,"SKAGEN, FILIAL AF SKAGEN AS, NORGE",[tom],[tom],2020.2021,"2022,2023,2024,2025,2026"
Norway (NO),NO0010801558,SKAGEN Insight A,549300GJ8VI4QVLDK592,29934851,"SKAGEN, FILIAL AF SKAGEN AS, NORGE",[tom],[tom],2020.2021,"2022,2023,2024,2025,2026"
Norway (NO),NO0010841570,Storebrand Indeks - Nye Markeder A5,5967007LIEEXZXBYDC08,NO930208868,Storebrand Asset Management AS,[tom],[tom],2020.2021,"2022,2023,2024,2025,2026"
Norway (NO),NO0010841588,Storebrand Indeks - Alle Markeder A5,5967007LIEEXZXBZWW41,NO930208868,Storebrand Asset Management AS,[tom],[tom],2020.2021,"2022,2023,2024,2025,2026"
Norway (NO),NO0010841596,Storebrand Global Multifactor A5,5967007LIEEXZXBI6083,NO930208868,Storebrand Asset Management AS,[tom],[tom],2020.2021,"2022,2023,2024,2025,2026"
Norway (NO),NO0010841604,Storebrand Global ESG Plus A5,54930078P5L8DLM6Z042,NO930208868,Storebrand Asset Management AS,[tom],[tom],2020.2021,"2022,2023,2024,2025,2026"
Norway (NO),NO0010841612,Storebrand Global Solutions A5,5967007LIEEXZXBVA860,NO930208868,Storebrand Asset Management AS,[tom],[tom],2020.2021,"2022,2023,2024,2025,2026"
Sweden (SE),SE0011452127,XACT OMXC25 (UCITS ETF),549300ECGUANYMFXNC22,515602-9067,XACT OMXC25 (UCITS ETF),[tom],[tom],"2020,2021,2022,2023,2024,2025,2026",
